0,48,-1,0.5,-1,-1
0.5,55,-1,0.5,-1,-1
1,62,-1,1,-1,-1
2,62,-1,0.5,-1,-1
2.5,60,-1,0.5,-1,-1
3,59,-1,0.5,-1,-1
3.5,60,-1,0.5,-1,-1
4,43,-1,0.5,-1,-1
4.5,50,-1,0.5,-1,-1
5,62,-1,1,-1,-1
6,62,-1,0.5,-1,-1
6.5,60,-1,0.5,-1,-1
7,59,-1,0.5,-1,-1
7.5,60,-1,0.5,-1,-1
8,45,-1,0.5,-1,-1
8.5,52,-1,0.5,-1,-1
9,62,-1,1,-1,-1
10,62,-1,0.5,-1,-1
10.5,60,-1,0.5,-1,-1
11,59,-1,0.5,-1,-1
11,52,-1,0.5,-1,-1
11.5,60,-1,0.5,-1,-1
11.5,57,-1,0.5,-1,-1
12,41,-1,0.5,-1,-1
12.5,48,-1,0.5,-1,-1
13,62,-1,1,-1,-1
13,53,-1,0.5,-1,-1
14,62,-1,0.5,-1,-1
14.5,60,-1,0.5,-1,-1
15,59,-1,0.5,-1,-1
15.5,60,-1,0.5,-1,-1
16,48,-1,0.5,-1,-1
16.5,48,-1,0.5,-1,-1
17,62,-1,1,-1,-1
17,55,-1,0.5,-1,-1
17.5,48,-1,0.5,-1,-1
18,62,-1,0.5,-1,-1
18,55,-1,0.5,-1,-1
18.5,60,-1,0.5,-1,-1
19,59,-1,0.5,-1,-1
19.5,60,-1,0.5,-1,-1
20,43,-1,0.5,-1,-1
20.5,50,-1,0.5,-1,-1
21,62,-1,1,-1,-1
21,57,-1,0.5,-1,-1
21.5,50,-1,0.5,-1,-1
22,62,-1,0.5,-1,-1
22,57,-1,0.5,-1,-1
22.5,60,-1,0.5,-1,-1
23,59,-1,0.5,-1,-1
23.5,60,-1,0.5,-1,-1
24,45,-1,0.5,-1,-1
24.5,52,-1,0.5,-1,-1
25,62,-1,1,-1,-1
26,62,-1,0.5,-1,-1
26,52,-1,0.5,-1,-1
26.5,60,-1,0.5,-1,-1
26.5,55,-1,0.5,-1,-1
27,59,-1,0.5,-1,-1
27,52,-1,0.5,-1,-1
27.5,60,-1,0.5,-1,-1
27.5,55,-1,0.5,-1,-1
28,41,-1,0.5,-1,-1
28.5,48,-1,0.5,-1,-1
29,62,-1,1,-1,-1
29.5,53,-1,0.5,-1,-1
30,62,-1,0.5,-1,-1
30,48,-1,0.5,-1,-1
30.5,60,-1,0.5,-1,-1
30.5,53,-1,0.5,-1,-1
31,59,-1,0.5,-1,-1
31,52,-1,0.5,-1,-1
31.5,60,-1,0.5,-1,-1
31.5,48,-1,0.5,-1,-1
32,48,-1,0.5,-1,-1
32.5,69,-1,0.46875,-1,-1
32.5,48,-1,0.5,-1,-1
33,72,-1,0.335417,-1,-1
33,55,-1,0.5,-1,-1
33,60,-1,0.5,-1,-1
33.5,72,-1,0.46875,-1,-1
33.5,43,-1,0.5,-1,-1
34,72,-1,0.46875,-1,-1
34,48,-1,0.5,-1,-1
34.5,69,-1,0.46875,-1,-1
34.5,55,-1,0.5,-1,-1
34.5,60,-1,0.5,-1,-1
35,72,-1,0.735417,-1,-1
35.5,48,-1,0.5,-1,-1
36,43,-1,0.5,-1,-1
36.5,69,-1,0.235417,-1,-1
37,69,-1,0.46875,-1,-1
37,55,-1,0.5,-1,-1
37,60,-1,0.5,-1,-1
37,43,-1,0.5,-1,-1
37.5,72,-1,0.46875,-1,-1
37.5,52,-1,0.5,-1,-1
38,72,-1,0.46875,-1,-1
38,48,-1,0.5,-1,-1
38.5,69,-1,0.46875,-1,-1
38.5,55,-1,0.5,-1,-1
38.5,60,-1,0.5,-1,-1
38.5,43,-1,0.5,-1,-1
39,72,-1,0.735417,-1,-1
39,48,-1,0.5,-1,-1
40,45,-1,0.5,-1,-1
40.5,69,-1,0.235417,-1,-1
40.5,48,-1,0.5,-1,-1
41,69,-1,0.335417,-1,-1
41,55,-1,0.5,-1,-1
41,60,-1,0.5,-1,-1
41,55,-1,0.5,-1,-1
41.5,72,-1,0.46875,-1,-1
41.5,52,-1,0.5,-1,-1
42,72,-1,0.235417,-1,-1
42,48,-1,0.5,-1,-1
42.5,69,-1,0.46875,-1,-1
42.5,55,-1,0.5,-1,-1
42.5,60,-1,0.5,-1,-1
42.5,52,-1,0.5,-1,-1
43,72,-1,0.46875,-1,-1
43.5,67,-1,0.239583,-1,-1
43.75,69,-1,0.239583,-1,-1
44,72,-1,0.46875,-1,-1
44,41,-1,0.5,-1,-1
44.5,69,-1,0.46875,-1,-1
44.5,48,-1,0.5,-1,-1
45,72,-1,0.46875,-1,-1
45,53,-1,0.5,-1,-1
45.5,74,-1,0.46875,-1,-1
45.5,48,-1,0.5,-1,-1
46,74,-1,0.927083,-1,-1
46.5,55,-1,0.5,-1,-1
46.5,48,-1,0.5,-1,-1
47,72,-1,0.735417,-1,-1
47,48,-1,0.5,-1,-1
48,48,-1,0.5,-1,-1
48.5,69,-1,0.235417,-1,-1
48.5,48,-1,0.5,-1,-1
49,69,-1,0.46875,-1,-1
49,55,-1,0.5,-1,-1
49,60,-1,0.5,-1,-1
49.5,72,-1,0.46875,-1,-1
49.5,43,-1,0.5,-1,-1
50,72,-1,0.46875,-1,-1
50,48,-1,0.5,-1,-1
50.5,69,-1,0.46875,-1,-1
50.5,55,-1,0.5,-1,-1
50.5,60,-1,0.5,-1,-1
51,72,-1,0.735417,-1,-1
51.5,48,-1,0.5,-1,-1
52,43,-1,0.5,-1,-1
52.5,69,-1,0.235417,-1,-1
53,69,-1,0.46875,-1,-1
53,55,-1,0.5,-1,-1
53,60,-1,0.5,-1,-1
53,43,-1,0.5,-1,-1
53.5,72,-1,0.335417,-1,-1
53.5,52,-1,0.5,-1,-1
54,72,-1,0.335417,-1,-1
54,48,-1,0.5,-1,-1
54.5,69,-1,0.235417,-1,-1
54.5,55,-1,0.5,-1,-1
54.5,60,-1,0.5,-1,-1
54.5,43,-1,0.5,-1,-1
55,72,-1,0.735417,-1,-1
55,48,-1,0.5,-1,-1
56,45,-1,0.5,-1,-1
56.5,69,-1,0.335417,-1,-1
56.5,48,-1,0.5,-1,-1
57,69,-1,0.235417,-1,-1
57,55,-1,0.5,-1,-1
57,60,-1,0.5,-1,-1
57,55,-1,0.5,-1,-1
57.5,72,-1,0.46875,-1,-1
57.5,52,-1,0.5,-1,-1
58,72,-1,0.46875,-1,-1
58,48,-1,0.5,-1,-1
58.5,69,-1,0.335417,-1,-1
58.5,55,-1,0.5,-1,-1
58.5,60,-1,0.5,-1,-1
58.5,52,-1,0.5,-1,-1
59,72,-1,0.46875,-1,-1
59.5,67,-1,0.239583,-1,-1
59.75,69,-1,0.239583,-1,-1
60,72,-1,0.46875,-1,-1
60,41,-1,0.5,-1,-1
60.5,69,-1,0.335417,-1,-1
60.5,48,-1,0.5,-1,-1
61,72,-1,0.46875,-1,-1
61,53,-1,0.5,-1,-1
61.5,74,-1,0.235417,-1,-1
61.5,48,-1,0.5,-1,-1
62,74,-1,0.927083,-1,-1
62.5,55,-1,0.5,-1,-1
62.5,60,-1,0.5,-1,-1
62.5,48,-1,0.5,-1,-1
63,72,-1,0.735417,-1,-1
63,48,-1,0.5,-1,-1
64,45,-1,0.5,-1,-1
64.5,72,-1,0.235417,-1,-1
64.5,48,-1,0.5,-1,-1
65,72,-1,0.927083,-1,-1
65,60,-1,0.5,-1,-1
65,52,-1,0.5,-1,-1
65.5,67,-1,0.5,-1,-1
66,72,-1,0.235417,-1,-1
66,50,-1,0.5,-1,-1
66.5,72,-1,0.535417,-1,-1
67,60,-1,0.5,-1,-1
67,55,-1,0.5,-1,-1
67.5,72,-1,0.391667,-1,-1
67.5,67,-1,0.5,-1,-1
68,71,-1,0.46875,-1,-1
68,43,-1,0.5,-1,-1
68.5,69,-1,0.46875,-1,-1
68.5,55,-1,0.5,-1,-1
69,71,-1,0.46875,-1,-1
69,60,-1,0.5,-1,-1
69.5,72,-1,0.935417,-1,-1
69.5,67,-1,0.5,-1,-1
70,60,-1,0.5,-1,-1
70,48,-1,0.5,-1,-1
70.5,55,-1,0.5,-1,-1
71,67,-1,0.46875,-1,-1
71,60,-1,0.5,-1,-1
71.5,72,-1,0.335417,-1,-1
71.5,67,-1,0.5,-1,-1
72,45,-1,0.5,-1,-1
72.5,72,-1,0.46875,-1,-1
72.5,48,-1,0.5,-1,-1
73,72,-1,0.635417,-1,-1
73,60,-1,0.5,-1,-1
73,52,-1,0.5,-1,-1
73.5,67,-1,0.5,-1,-1
74,72,-1,0.46875,-1,-1
74,50,-1,0.5,-1,-1
74.5,72,-1,0.635417,-1,-1
75,60,-1,0.5,-1,-1
75,55,-1,0.5,-1,-1
75.5,72,-1,0.46875,-1,-1
75.5,67,-1,0.5,-1,-1
76,71,-1,0.46875,-1,-1
76,43,-1,0.5,-1,-1
76.5,69,-1,0.46875,-1,-1
76.5,55,-1,0.5,-1,-1
77,67,-1,0.46875,-1,-1
77,60,-1,0.5,-1,-1
77.5,67,-1,0.927083,-1,-1
77.5,67,-1,0.5,-1,-1
78,60,-1,0.5,-1,-1
78,48,-1,0.5,-1,-1
78.5,65,-1,0.46875,-1,-1
78.5,55,-1,0.5,-1,-1
79,65,-1,0.46875,-1,-1
79,60,-1,0.5,-1,-1
79,47,-1,0.5,-1,-1
79.5,67,-1,0.335417,-1,-1
79.5,67,-1,0.5,-1,-1
79.5,43,-1,0.5,-1,-1
80,45,-1,0.5,-1,-1
80.5,67,-1,0.235417,-1,-1
80.5,48,-1,0.5,-1,-1
81,72,-1,0.927083,-1,-1
81,60,-1,0.5,-1,-1
81,52,-1,0.5,-1,-1
81.5,67,-1,0.5,-1,-1
82,72,-1,0.46875,-1,-1
82,50,-1,0.5,-1,-1
82.5,72,-1,0.46875,-1,-1
83,67,-1,0.46875,-1,-1
83,60,-1,0.5,-1,-1
83,55,-1,0.5,-1,-1
83.5,72,-1,0.46875,-1,-1
83.5,67,-1,0.5,-1,-1
84,71,-1,0.46875,-1,-1
84,43,-1,0.5,-1,-1
84.5,69,-1,0.46875,-1,-1
84.5,55,-1,0.5,-1,-1
85,71,-1,0.46875,-1,-1
85,60,-1,0.5,-1,-1
85.5,72,-1,0.927083,-1,-1
85.5,67,-1,0.5,-1,-1
86,60,-1,0.5,-1,-1
86,48,-1,0.5,-1,-1
86.5,74,-1,0.46875,-1,-1
86.5,55,-1,0.5,-1,-1
87,76,-1,0.7125,-1,-1
87,60,-1,0.5,-1,-1
87,48,-1,0.5,-1,-1
87.5,64,-1,0.5,-1,-1
87.5,52,-1,0.5,-1,-1
88,77,-1,0.46875,-1,-1
88,65,-1,1,-1,-1
88,46,-1,0.5,-1,-1
88.5,77,-1,0.46875,-1,-1
89,77,-1,0.46875,-1,-1
89,58,-1,0.5,-1,-1
89,55,-1,0.46875,-1,-1
89.5,76,-1,0.46875,-1,-1
89.5,58,-1,0.5,-1,-1
89.5,58,-1,0.46875,-1,-1
90,76,-1,0.6125,-1,-1
90,62,-1,1.84375,-1,-1
90.5,58,-1,0.5,-1,-1
91,74,-1,0.46875,-1,-1
91,62,-1,0.5,-1,-1
91.5,79,-1,0.46875,-1,-1
91.5,65,-1,0.5,-1,-1
92,77,-1,0.46875,-1,-1
92.5,77,-1,0.46875,-1,-1
92.5,58,-1,0.322917,-1,-1
92.5,60,-1,0.322917,-1,-1
92.5,53,-1,0.291667,-1,-1
93,77,-1,0.46875,-1,-1
93,58,-1,0.916667,-1,-1
93,60,-1,0.916667,-1,-1
93,53,-1,0.895833,-1,-1
93.5,76,-1,0.46875,-1,-1
94,74,-1,0.927083,-1,-1
94,58,-1,0.322917,-1,-1
94,60,-1,0.322917,-1,-1
94,53,-1,0.291667,-1,-1
94.5,58,-1,0.322917,-1,-1
94.5,60,-1,0.322917,-1,-1
94.5,53,-1,0.291667,-1,-1
95,72,-1,0.7125,-1,-1
95,58,-1,0.916667,-1,-1
95,60,-1,0.916667,-1,-1
95,53,-1,0.5,-1,-1
96,48,-1,1,-1,-1
96.5,67,-1,0.2125,-1,-1
96.5,55,-1,0.375,-1,-1
97,72,-1,0.46875,-1,-1
97,60,-1,0.375,-1,-1
97,48,-1,0.5,-1,-1
97.5,74,-1,0.3125,-1,-1
97.5,55,-1,0.5,-1,-1
98,76,-1,0.46875,-1,-1
98,64,-1,0.5,-1,-1
98.5,74,-1,0.46875,-1,-1
98.5,62,-1,0.5,-1,-1
99,76,-1,0.46875,-1,-1
99,52,-1,0.5,-1,-1
99.5,77,-1,0.46875,-1,-1
99.5,48,-1,0.5,-1,-1
100,79,-1,0.46875,-1,-1
100,47,-1,1,-1,-1
100.5,79,-1,0.3,-1,-1
100.5,55,-1,0.375,-1,-1
101,79,-1,0.46875,-1,-1
101,59,-1,0.375,-1,-1
101,47,-1,0.5,-1,-1
101.5,77,-1,0.46875,-1,-1
101.5,55,-1,0.5,-1,-1
102,76,-1,0.927083,-1,-1
102,64,-1,0.5,-1,-1
102.5,62,-1,0.5,-1,-1
103,74,-1,0.7125,-1,-1
103,59,-1,0.5,-1,-1
103,50,-1,0.5,-1,-1
103.5,55,-1,0.5,-1,-1
103.5,47,-1,0.5,-1,-1
104,45,-1,1,-1,-1
104.5,67,-1,0.239583,-1,-1
104.5,55,-1,0.375,-1,-1
105,72,-1,0.46875,-1,-1
105,60,-1,0.375,-1,-1
105,52,-1,0.5,-1,-1
105.5,74,-1,0.46875,-1,-1
105.5,57,-1,0.5,-1,-1
106,76,-1,0.46875,-1,-1
106,64,-1,0.5,-1,-1
106.5,74,-1,0.46875,-1,-1
106.5,62,-1,0.5,-1,-1
107,76,-1,0.46875,-1,-1
107,57,-1,0.5,-1,-1
107.5,77,-1,0.46875,-1,-1
107.5,52,-1,0.5,-1,-1
108,79,-1,0.46875,-1,-1
108,52,-1,1,-1,-1
108.5,79,-1,0.46875,-1,-1
109,79,-1,0.46875,-1,-1
109,59,-1,1,-1,-1
109.5,81,-1,0.46875,-1,-1
110,79,-1,0.927083,-1,-1
110,64,-1,0.5,-1,-1
110.5,67,-1,0.5,-1,-1
111,76,-1,0.739583,-1,-1
111,52,-1,0.5,-1,-1
111.5,47,-1,0.5,-1,-1
112,72,-1,0.739583,-1,-1
112,53,-1,0.5,-1,-1
112,48,-1,0.5,-1,-1
112.5,60,-1,0.5,-1,-1
112.5,53,-1,0.5,-1,-1
113,72,-1,0.46875,-1,-1
113,67,-1,0.5,-1,-1
113.5,69,-1,0.239583,-1,-1
113.5,53,-1,0.5,-1,-1
114,74,-1,0.46875,-1,-1
114,60,-1,0.5,-1,-1
114.5,74,-1,0.46875,-1,-1
114.5,67,-1,0.5,-1,-1
115,76,-1,0.46875,-1,-1
115.5,76,-1,0.46875,-1,-1
115.5,60,-1,0.5,-1,-1
116,72,-1,0.839583,-1,-1
116,52,-1,0.5,-1,-1
116,48,-1,0.5,-1,-1
116.5,55,-1,0.5,-1,-1
117,79,-1,0.46875,-1,-1
117,60,-1,0.5,-1,-1
117.5,72,-1,0.46875,-1,-1
117.5,52,-1,0.5,-1,-1
118,67,-1,0.239583,-1,-1
118,60,-1,0.5,-1,-1
118.5,72,-1,0.46875,-1,-1
118.5,67,-1,0.5,-1,-1
119,71,-1,0.46875,-1,-1
119,52,-1,0.5,-1,-1
119.5,72,-1,0.46875,-1,-1
119.5,60,-1,0.5,-1,-1
119.5,48,-1,0.5,-1,-1
120,50,-1,0.5,-1,-1
120,50,-1,0.5,-1,-1
120.5,57,-1,0.5,-1,-1
121,72,-1,0.46875,-1,-1
121,62,-1,0.5,-1,-1
121.5,69,-1,0.46875,-1,-1
121.5,57,-1,0.5,-1,-1
121.5,50,-1,0.5,-1,-1
122,74,-1,0.46875,-1,-1
122,57,-1,0.5,-1,-1
122.5,74,-1,0.46875,-1,-1
122.5,67,-1,0.5,-1,-1
123,76,-1,0.46875,-1,-1
123.5,76,-1,0.46875,-1,-1
123.5,57,-1,0.5,-1,-1
123.5,57,-1,0.5,-1,-1
124,77,-1,0.46875,-1,-1
124,57,-1,0.5,-1,-1
124,53,-1,0.5,-1,-1
124.041667,60,-1,0.5,-1,-1
124.0625,65,-1,0.5,-1,-1
124.5,77,-1,0.46875,-1,-1
125,77,-1,0.46875,-1,-1
125,57,-1,0.25,-1,-1
125.041667,60,-1,0.25,-1,-1
125.0625,65,-1,0.25,-1,-1
125.5,76,-1,0.46875,-1,-1
125.5,57,-1,0.5,-1,-1
125.5,53,-1,0.5,-1,-1
125.541667,60,-1,0.5,-1,-1
125.5625,65,-1,0.5,-1,-1
126,74,-1,0.927083,-1,-1
127,72,-1,0.739583,-1,-1
127,60,-1,0.5,-1,-1
127,53,-1,0.5,-1,-1
127.03125,65,-1,0.5,-1,-1
128,48,-1,1,-1,-1
128.5,67,-1,0.239583,-1,-1
128.5,55,-1,0.375,-1,-1
129,72,-1,0.46875,-1,-1
129,60,-1,0.375,-1,-1
129,48,-1,0.5,-1,-1
129.5,74,-1,0.46875,-1,-1
129.5,55,-1,0.5,-1,-1
130,76,-1,0.46875,-1,-1
130,64,-1,0.5,-1,-1
130.5,74,-1,0.46875,-1,-1
130.5,62,-1,0.5,-1,-1
131,76,-1,0.46875,-1,-1
131,52,-1,0.5,-1,-1
131.5,77,-1,0.46875,-1,-1
131.5,48,-1,0.5,-1,-1
132,79,-1,0.46875,-1,-1
132,47,-1,1,-1,-1
132.5,79,-1,0.2,-1,-1
132.5,55,-1,0.375,-1,-1
133,79,-1,0.46875,-1,-1
133,59,-1,0.375,-1,-1
133,47,-1,0.5,-1,-1
133.5,77,-1,0.46875,-1,-1
133.5,55,-1,0.5,-1,-1
134,76,-1,0.927083,-1,-1
134,64,-1,0.5,-1,-1
134.5,62,-1,0.5,-1,-1
135,74,-1,0.927083,-1,-1
135,59,-1,0.5,-1,-1
135,50,-1,0.5,-1,-1
135.5,55,-1,0.5,-1,-1
135.5,47,-1,0.5,-1,-1
136,45,-1,1,-1,-1
136.5,67,-1,0.239583,-1,-1
136.5,55,-1,0.375,-1,-1
137,72,-1,0.46875,-1,-1
137,60,-1,0.375,-1,-1
137,52,-1,0.5,-1,-1
137.5,74,-1,0.46875,-1,-1
137.5,57,-1,0.5,-1,-1
138,76,-1,0.46875,-1,-1
138,64,-1,0.5,-1,-1
138.5,74,-1,0.46875,-1,-1
138.5,62,-1,0.5,-1,-1
139,76,-1,0.46875,-1,-1
139,57,-1,0.5,-1,-1
139.5,77,-1,0.46875,-1,-1
139.5,52,-1,0.5,-1,-1
140,79,-1,0.46875,-1,-1
140,52,-1,1,-1,-1
140.5,79,-1,0.46875,-1,-1
141,79,-1,0.46875,-1,-1
141,59,-1,1,-1,-1
141.5,81,-1,0.46875,-1,-1
142,79,-1,0.927083,-1,-1
142,64,-1,0.5,-1,-1
142.5,67,-1,0.5,-1,-1
143,76,-1,0.927083,-1,-1
143,52,-1,0.5,-1,-1
143.5,47,-1,0.5,-1,-1
144,72,-1,0.66875,-1,-1
144,53,-1,0.5,-1,-1
144,48,-1,0.5,-1,-1
144.5,60,-1,0.5,-1,-1
144.5,53,-1,0.5,-1,-1
145,72,-1,0.46875,-1,-1
145,67,-1,0.5,-1,-1
145.5,69,-1,0.46875,-1,-1
145.5,53,-1,0.5,-1,-1
146,74,-1,0.46875,-1,-1
146,60,-1,0.5,-1,-1
146.5,74,-1,0.46875,-1,-1
146.5,67,-1,0.5,-1,-1
147,76,-1,0.46875,-1,-1
147.5,76,-1,0.46875,-1,-1
147.5,60,-1,0.5,-1,-1
148,72,-1,0.86875,-1,-1
148,52,-1,0.5,-1,-1
148,48,-1,0.5,-1,-1
148.5,55,-1,0.5,-1,-1
149,79,-1,0.46875,-1,-1
149,60,-1,0.5,-1,-1
149.5,72,-1,0.26875,-1,-1
149.5,52,-1,0.5,-1,-1
150,67,-1,0.46875,-1,-1
150,60,-1,0.5,-1,-1
150.5,72,-1,0.46875,-1,-1
150.5,67,-1,0.5,-1,-1
151,71,-1,0.46875,-1,-1
151,52,-1,0.5,-1,-1
151.5,72,-1,0.46875,-1,-1
151.5,60,-1,0.5,-1,-1
151.5,48,-1,0.5,-1,-1
152,50,-1,0.5,-1,-1
152,50,-1,0.5,-1,-1
152.5,57,-1,0.5,-1,-1
153,72,-1,0.46875,-1,-1
153,62,-1,0.5,-1,-1
153.5,69,-1,0.46875,-1,-1
153.5,57,-1,0.5,-1,-1
153.5,50,-1,0.5,-1,-1
154,74,-1,0.46875,-1,-1
154,57,-1,0.5,-1,-1
154.5,74,-1,0.46875,-1,-1
154.5,67,-1,0.5,-1,-1
155,76,-1,0.46875,-1,-1
155.5,76,-1,0.46875,-1,-1
155.5,57,-1,0.5,-1,-1
155.5,57,-1,0.5,-1,-1
156,77,-1,0.46875,-1,-1
156,57,-1,0.5,-1,-1
156,53,-1,0.5,-1,-1
156.041667,60,-1,0.5,-1,-1
156.0625,65,-1,0.5,-1,-1
156.5,77,-1,0.46875,-1,-1
157,76,-1,0.76875,-1,-1
157,57,-1,0.25,-1,-1
157.041667,60,-1,0.25,-1,-1
157.0625,65,-1,0.25,-1,-1
157.5,57,-1,0.5,-1,-1
157.5,53,-1,0.5,-1,-1
157.541667,60,-1,0.5,-1,-1
157.5625,65,-1,0.5,-1,-1
158,74,-1,0.26875,-1,-1
158.5,72,-1,0.46875,-1,-1
159,72,-1,0.66875,-1,-1
159,60,-1,0.5,-1,-1
159,53,-1,0.5,-1,-1
159.03125,65,-1,0.5,-1,-1
160,72,-1,3.6875,-1,-1
160,48,-1,0.5,-1,-1
160.5,55,-1,0.5,-1,-1
161,62,-1,1,-1,-1
162,62,-1,0.5,-1,-1
162.5,60,-1,0.5,-1,-1
163,59,-1,0.5,-1,-1
163.5,60,-1,0.5,-1,-1
164,72,-1,0.5,-1,-1
164,43,-1,0.5,-1,-1
164.5,71,-1,0.5,-1,-1
164.5,50,-1,0.5,-1,-1
165,71,-1,0.5,-1,-1
165,62,-1,1,-1,-1
165.5,69,-1,0.5,-1,-1
166,69,-1,0.5,-1,-1
166,62,-1,0.5,-1,-1
166.5,67,-1,0.5,-1,-1
166.5,60,-1,0.5,-1,-1
167,69,-1,0.5,-1,-1
167,59,-1,0.5,-1,-1
167.5,71,-1,0.5,-1,-1
167.5,60,-1,0.5,-1,-1
168,72,-1,6.65,-1,-1
168,45,-1,0.5,-1,-1
168.5,52,-1,0.5,-1,-1
169,62,-1,1,-1,-1
170,62,-1,0.5,-1,-1
170.5,60,-1,0.5,-1,-1
171,59,-1,0.5,-1,-1
171,52,-1,0.5,-1,-1
171.5,60,-1,0.5,-1,-1
171.5,57,-1,0.5,-1,-1
172,41,-1,0.5,-1,-1
172.5,48,-1,0.5,-1,-1
173,62,-1,1,-1,-1
173,53,-1,0.5,-1,-1
174,62,-1,0.5,-1,-1
174.5,60,-1,0.5,-1,-1
175,59,-1,0.5,-1,-1
175.5,60,-1,0.5,-1,-1
176,72,-1,3.6875,-1,-1
176,48,-1,0.5,-1,-1
176.5,48,-1,0.5,-1,-1
177,62,-1,1,-1,-1
177,55,-1,0.5,-1,-1
177.5,48,-1,0.5,-1,-1
178,62,-1,0.5,-1,-1
178,55,-1,0.5,-1,-1
178.5,60,-1,0.5,-1,-1
179,59,-1,0.5,-1,-1
179.5,60,-1,0.5,-1,-1
180,72,-1,0.5,-1,-1
180,43,-1,0.5,-1,-1
180.5,71,-1,0.5,-1,-1
180.5,50,-1,0.5,-1,-1
181,71,-1,0.5,-1,-1
181,62,-1,1,-1,-1
181,57,-1,0.5,-1,-1
181.5,69,-1,0.5,-1,-1
181.5,50,-1,0.5,-1,-1
182,69,-1,0.5,-1,-1
182,62,-1,0.5,-1,-1
182,57,-1,0.5,-1,-1
182.5,67,-1,0.5,-1,-1
182.5,60,-1,0.5,-1,-1
183,69,-1,0.5,-1,-1
183,59,-1,0.5,-1,-1
183.5,71,-1,0.5,-1,-1
183.5,60,-1,0.5,-1,-1
184,72,-1,6.65,-1,-1
184,45,-1,0.5,-1,-1
184.5,52,-1,0.5,-1,-1
185,62,-1,1,-1,-1
186,62,-1,0.5,-1,-1
186,52,-1,0.5,-1,-1
186.5,60,-1,0.5,-1,-1
186.5,55,-1,0.5,-1,-1
187,59,-1,0.5,-1,-1
187,52,-1,0.5,-1,-1
187.5,60,-1,0.5,-1,-1
187.5,55,-1,0.5,-1,-1
188,41,-1,0.5,-1,-1
188.5,48,-1,0.5,-1,-1
189,62,-1,1,-1,-1
189.5,53,-1,0.5,-1,-1
190,62,-1,0.5,-1,-1
190,48,-1,0.5,-1,-1
190.5,60,-1,0.5,-1,-1
190.5,53,-1,0.5,-1,-1
191,59,-1,0.5,-1,-1
191,52,-1,0.5,-1,-1
191.5,60,-1,0.5,-1,-1
191.5,48,-1,0.5,-1,-1
192,48,-1,0.5,-1,-1
192.5,69,-1,0.239583,-1,-1
192.5,48,-1,0.5,-1,-1
193,69,-1,0.46875,-1,-1
193,55,-1,0.5,-1,-1
193,60,-1,0.5,-1,-1
193.5,72,-1,0.46875,-1,-1
193.5,43,-1,0.5,-1,-1
194,72,-1,0.46875,-1,-1
194,48,-1,0.5,-1,-1
194.5,69,-1,0.339583,-1,-1
194.5,55,-1,0.5,-1,-1
194.5,60,-1,0.5,-1,-1
195,72,-1,0.739583,-1,-1
195.5,48,-1,0.5,-1,-1
196,43,-1,0.5,-1,-1
196.5,69,-1,0.239583,-1,-1
197,69,-1,0.46875,-1,-1
197,55,-1,0.5,-1,-1
197,60,-1,0.5,-1,-1
197,43,-1,0.5,-1,-1
197.5,72,-1,0.239583,-1,-1
197.5,52,-1,0.5,-1,-1
198,72,-1,0.339583,-1,-1
198,48,-1,0.5,-1,-1
198.5,69,-1,0.46875,-1,-1
198.5,55,-1,0.5,-1,-1
198.5,60,-1,0.5,-1,-1
198.5,43,-1,0.5,-1,-1
199,72,-1,0.739583,-1,-1
199,48,-1,0.5,-1,-1
200,45,-1,0.5,-1,-1
200.5,69,-1,0.239583,-1,-1
200.5,48,-1,0.5,-1,-1
201,69,-1,0.339583,-1,-1
201,55,-1,0.5,-1,-1
201,60,-1,0.5,-1,-1
201,55,-1,0.5,-1,-1
201.5,72,-1,0.46875,-1,-1
201.5,52,-1,0.5,-1,-1
202,72,-1,0.46875,-1,-1
202,48,-1,0.5,-1,-1
202.5,69,-1,0.46875,-1,-1
202.5,55,-1,0.5,-1,-1
202.5,60,-1,0.5,-1,-1
202.5,52,-1,0.5,-1,-1
203,72,-1,0.46875,-1,-1
203.5,67,-1,0.239583,-1,-1
203.75,69,-1,0.239583,-1,-1
204,72,-1,0.46875,-1,-1
204,41,-1,0.5,-1,-1
204.5,69,-1,0.46875,-1,-1
204.5,48,-1,0.5,-1,-1
205,72,-1,0.46875,-1,-1
205,53,-1,0.5,-1,-1
205.5,74,-1,0.46875,-1,-1
205.5,48,-1,0.5,-1,-1
206,74,-1,0.927083,-1,-1
206.5,55,-1,0.5,-1,-1
206.5,60,-1,0.5,-1,-1
206.5,48,-1,0.5,-1,-1
207,74,-1,0.954167,-1,-1
207,48,-1,0.5,-1,-1
208,45,-1,0.5,-1,-1
208.5,72,-1,0.139583,-1,-1
208.5,48,-1,0.5,-1,-1
209,72,-1,0.739583,-1,-1
209,60,-1,0.5,-1,-1
209,52,-1,0.5,-1,-1
209.5,67,-1,0.5,-1,-1
210,72,-1,0.139583,-1,-1
210,50,-1,0.5,-1,-1
210.5,72,-1,0.739583,-1,-1
211,60,-1,0.5,-1,-1
211,55,-1,0.5,-1,-1
211.5,72,-1,0.46875,-1,-1
211.5,67,-1,0.5,-1,-1
212,71,-1,0.46875,-1,-1
212,43,-1,0.5,-1,-1
212.5,69,-1,0.46875,-1,-1
212.5,55,-1,0.5,-1,-1
213,71,-1,0.46875,-1,-1
213,60,-1,0.5,-1,-1
213.5,72,-1,1,-1,-1
213.5,67,-1,0.5,-1,-1
214,60,-1,0.5,-1,-1
214,48,-1,0.5,-1,-1
214.5,55,-1,0.5,-1,-1
215,67,-1,0.46875,-1,-1
215,60,-1,0.5,-1,-1
215.5,72,-1,0.46875,-1,-1
215.5,67,-1,0.5,-1,-1
216,45,-1,0.5,-1,-1
216.5,72,-1,0.46875,-1,-1
216.5,48,-1,0.5,-1,-1
217,72,-1,0.639583,-1,-1
217,60,-1,0.5,-1,-1
217,52,-1,0.5,-1,-1
217.5,67,-1,0.5,-1,-1
218,72,-1,0.46875,-1,-1
218,50,-1,0.5,-1,-1
218.5,72,-1,0.539583,-1,-1
219,60,-1,0.5,-1,-1
219,55,-1,0.5,-1,-1
219.5,72,-1,0.339583,-1,-1
219.5,67,-1,0.5,-1,-1
220,71,-1,0.46875,-1,-1
220,43,-1,0.5,-1,-1
220.5,69,-1,0.46875,-1,-1
220.5,55,-1,0.5,-1,-1
221,67,-1,0.46875,-1,-1
221,60,-1,0.5,-1,-1
221.5,67,-1,0.927083,-1,-1
221.5,67,-1,0.5,-1,-1
222,60,-1,0.5,-1,-1
222,48,-1,0.5,-1,-1
222.5,65,-1,0.46875,-1,-1
222.5,55,-1,0.5,-1,-1
223,65,-1,0.46875,-1,-1
223,60,-1,0.5,-1,-1
223,47,-1,0.5,-1,-1
223.5,67,-1,0.46875,-1,-1
223.5,67,-1,0.5,-1,-1
223.5,43,-1,0.5,-1,-1
224,45,-1,0.5,-1,-1
224.5,67,-1,0.239583,-1,-1
224.5,48,-1,0.5,-1,-1
225,72,-1,0.927083,-1,-1
225,60,-1,0.5,-1,-1
225,52,-1,0.5,-1,-1
225.5,67,-1,0.5,-1,-1
226,72,-1,0.46875,-1,-1
226,50,-1,0.5,-1,-1
226.5,72,-1,0.46875,-1,-1
227,67,-1,0.46875,-1,-1
227,60,-1,0.5,-1,-1
227,55,-1,0.5,-1,-1
227.5,72,-1,0.46875,-1,-1
227.5,67,-1,0.5,-1,-1
228,71,-1,0.46875,-1,-1
228,43,-1,0.5,-1,-1
228.5,69,-1,0.46875,-1,-1
228.5,55,-1,0.5,-1,-1
229,71,-1,0.46875,-1,-1
229,60,-1,0.5,-1,-1
229.5,72,-1,0.927083,-1,-1
229.5,67,-1,0.5,-1,-1
230,60,-1,0.5,-1,-1
230,48,-1,0.5,-1,-1
230.5,74,-1,0.46875,-1,-1
230.5,55,-1,0.5,-1,-1
231,76,-1,0.639583,-1,-1
231,60,-1,0.5,-1,-1
231,48,-1,0.5,-1,-1
231.5,64,-1,0.5,-1,-1
231.5,52,-1,0.5,-1,-1
232,77,-1,0.46875,-1,-1
232,65,-1,1,-1,-1
232,46,-1,0.5,-1,-1
232.5,77,-1,0.46875,-1,-1
233,77,-1,0.46875,-1,-1
233,58,-1,0.5,-1,-1
233,55,-1,0.46875,-1,-1
233.5,76,-1,0.46875,-1,-1
233.5,58,-1,0.5,-1,-1
233.5,58,-1,0.46875,-1,-1
234,76,-1,0.539583,-1,-1
234,62,-1,1.84375,-1,-1
234.5,58,-1,0.5,-1,-1
235,74,-1,0.46875,-1,-1
235,62,-1,0.5,-1,-1
235.5,79,-1,0.46875,-1,-1
235.5,65,-1,0.5,-1,-1
236,77,-1,0.46875,-1,-1
236.5,77,-1,0.46875,-1,-1
236.5,58,-1,0.322917,-1,-1
236.5,60,-1,0.322917,-1,-1
236.5,53,-1,0.291667,-1,-1
237,77,-1,0.46875,-1,-1
237,58,-1,0.916667,-1,-1
237,60,-1,0.916667,-1,-1
237,53,-1,0.895833,-1,-1
237.5,76,-1,0.46875,-1,-1
238,74,-1,0.927083,-1,-1
238,58,-1,0.322917,-1,-1
238,60,-1,0.322917,-1,-1
238,53,-1,0.291667,-1,-1
238.5,58,-1,0.322917,-1,-1
238.5,60,-1,0.322917,-1,-1
238.5,53,-1,0.291667,-1,-1
239,72,-1,0.739583,-1,-1
239,58,-1,0.916667,-1,-1
239,60,-1,0.916667,-1,-1
239,53,-1,0.5,-1,-1
240,48,-1,1,-1,-1
240.5,67,-1,0.239583,-1,-1
240.5,55,-1,0.375,-1,-1
241,72,-1,0.46875,-1,-1
241,60,-1,0.375,-1,-1
241,48,-1,0.5,-1,-1
241.5,74,-1,0.46875,-1,-1
241.5,55,-1,0.5,-1,-1
242,76,-1,0.46875,-1,-1
242,64,-1,0.5,-1,-1
242.5,74,-1,0.46875,-1,-1
242.5,62,-1,0.5,-1,-1
243,76,-1,0.46875,-1,-1
243,52,-1,0.5,-1,-1
243.5,77,-1,0.46875,-1,-1
243.5,48,-1,0.5,-1,-1
244,79,-1,0.46875,-1,-1
244,47,-1,1,-1,-1
244.5,79,-1,0.46875,-1,-1
244.5,55,-1,0.375,-1,-1
245,79,-1,0.46875,-1,-1
245,59,-1,0.375,-1,-1
245,47,-1,0.5,-1,-1
245.5,77,-1,0.46875,-1,-1
245.5,55,-1,0.5,-1,-1
246,76,-1,0.927083,-1,-1
246,64,-1,0.5,-1,-1
246.5,62,-1,0.5,-1,-1
247,74,-1,0.68125,-1,-1
247,59,-1,0.5,-1,-1
247,50,-1,0.5,-1,-1
247.5,55,-1,0.5,-1,-1
247.5,47,-1,0.5,-1,-1
248,45,-1,1,-1,-1
248.5,67,-1,0.2125,-1,-1
248.5,55,-1,0.375,-1,-1
249,72,-1,0.46875,-1,-1
249,60,-1,0.375,-1,-1
249,52,-1,0.5,-1,-1
249.5,74,-1,0.46875,-1,-1
249.5,57,-1,0.5,-1,-1
250,76,-1,0.46875,-1,-1
250,64,-1,0.5,-1,-1
250.5,74,-1,0.46875,-1,-1
250.5,62,-1,0.5,-1,-1
251,76,-1,0.46875,-1,-1
251,57,-1,0.5,-1,-1
251.5,77,-1,0.46875,-1,-1
251.5,52,-1,0.5,-1,-1
252,79,-1,0.46875,-1,-1
252,52,-1,1,-1,-1
252.5,79,-1,0.46875,-1,-1
253,79,-1,0.46875,-1,-1
253,59,-1,1,-1,-1
253.5,81,-1,0.46875,-1,-1
254,79,-1,0.927083,-1,-1
254,64,-1,0.5,-1,-1
254.5,67,-1,0.5,-1,-1
255,76,-1,0.68125,-1,-1
255,52,-1,0.5,-1,-1
255.5,47,-1,0.5,-1,-1
256,72,-1,0.614583,-1,-1
256,53,-1,0.5,-1,-1
256,48,-1,0.5,-1,-1
256.5,60,-1,0.5,-1,-1
256.5,53,-1,0.5,-1,-1
257,72,-1,0.46875,-1,-1
257,67,-1,0.5,-1,-1
257.5,69,-1,0.46875,-1,-1
257.5,53,-1,0.5,-1,-1
258,74,-1,0.46875,-1,-1
258,60,-1,0.5,-1,-1
258.5,74,-1,0.46875,-1,-1
258.5,67,-1,0.5,-1,-1
259,76,-1,0.46875,-1,-1
259.5,76,-1,0.46875,-1,-1
259.5,60,-1,0.5,-1,-1
260,72,-1,0.614583,-1,-1
260,52,-1,0.5,-1,-1
260,48,-1,0.5,-1,-1
260.5,55,-1,0.5,-1,-1
261,79,-1,0.46875,-1,-1
261,60,-1,0.5,-1,-1
261.5,72,-1,0.46875,-1,-1
261.5,52,-1,0.5,-1,-1
262,67,-1,0.2125,-1,-1
262,60,-1,0.5,-1,-1
262.5,72,-1,0.46875,-1,-1
262.5,67,-1,0.5,-1,-1
263,71,-1,0.46875,-1,-1
263,52,-1,0.5,-1,-1
263.5,72,-1,0.46875,-1,-1
263.5,60,-1,0.5,-1,-1
263.5,48,-1,0.5,-1,-1
264,50,-1,0.5,-1,-1
264,50,-1,0.5,-1,-1
264.5,57,-1,0.5,-1,-1
265,72,-1,0.46875,-1,-1
265,62,-1,0.5,-1,-1
265.5,69,-1,0.46875,-1,-1
265.5,57,-1,0.5,-1,-1
265.5,50,-1,0.5,-1,-1
266,74,-1,0.46875,-1,-1
266,57,-1,0.5,-1,-1
266.5,74,-1,0.46875,-1,-1
266.5,67,-1,0.5,-1,-1
267,76,-1,0.46875,-1,-1
267.5,76,-1,0.46875,-1,-1
267.5,57,-1,0.5,-1,-1
267.5,57,-1,0.5,-1,-1
268,77,-1,0.46875,-1,-1
268,57,-1,0.5,-1,-1
268,53,-1,0.5,-1,-1
268.041667,60,-1,0.5,-1,-1
268.0625,65,-1,0.5,-1,-1
268.5,77,-1,0.46875,-1,-1
269,77,-1,0.46875,-1,-1
269,57,-1,0.25,-1,-1
269.041667,60,-1,0.25,-1,-1
269.0625,65,-1,0.25,-1,-1
269.5,76,-1,0.46875,-1,-1
269.5,57,-1,0.5,-1,-1
269.5,53,-1,0.5,-1,-1
269.541667,60,-1,0.5,-1,-1
269.5625,65,-1,0.5,-1,-1
270,74,-1,0.927083,-1,-1
271,72,-1,0.78125,-1,-1
271,60,-1,0.5,-1,-1
271,53,-1,0.5,-1,-1
271.03125,65,-1,0.5,-1,-1
272,48,-1,1,-1,-1
272.5,67,-1,0.2125,-1,-1
272.5,55,-1,0.375,-1,-1
273,72,-1,0.46875,-1,-1
273,60,-1,0.375,-1,-1
273,48,-1,0.5,-1,-1
273.5,74,-1,0.46875,-1,-1
273.5,55,-1,0.5,-1,-1
274,76,-1,0.46875,-1,-1
274,64,-1,0.5,-1,-1
274.5,74,-1,0.46875,-1,-1
274.5,62,-1,0.5,-1,-1
275,76,-1,0.46875,-1,-1
275,52,-1,0.5,-1,-1
275.5,77,-1,0.46875,-1,-1
275.5,48,-1,0.5,-1,-1
276,79,-1,0.46875,-1,-1
276,47,-1,1,-1,-1
276.5,79,-1,0.46875,-1,-1
276.5,55,-1,0.375,-1,-1
277,79,-1,0.46875,-1,-1
277,59,-1,0.375,-1,-1
277,47,-1,0.5,-1,-1
277.5,77,-1,0.46875,-1,-1
277.5,55,-1,0.5,-1,-1
278,76,-1,0.927083,-1,-1
278,64,-1,0.5,-1,-1
278.5,62,-1,0.5,-1,-1
279,74,-1,0.68125,-1,-1
279,59,-1,0.5,-1,-1
279,50,-1,0.5,-1,-1
279.5,55,-1,0.5,-1,-1
279.5,47,-1,0.5,-1,-1
280,45,-1,1,-1,-1
280.5,67,-1,0.2125,-1,-1
280.5,55,-1,0.375,-1,-1
281,72,-1,0.46875,-1,-1
281,60,-1,0.375,-1,-1
281,52,-1,0.5,-1,-1
281.5,74,-1,0.46875,-1,-1
281.5,57,-1,0.5,-1,-1
282,76,-1,0.46875,-1,-1
282,64,-1,0.5,-1,-1
282.5,74,-1,0.46875,-1,-1
282.5,62,-1,0.5,-1,-1
283,76,-1,0.46875,-1,-1
283,57,-1,0.5,-1,-1
283.5,77,-1,0.46875,-1,-1
283.5,52,-1,0.5,-1,-1
284,79,-1,0.46875,-1,-1
284,52,-1,1,-1,-1
284.5,79,-1,0.46875,-1,-1
285,79,-1,0.46875,-1,-1
285,59,-1,1,-1,-1
285.5,81,-1,0.46875,-1,-1
286,79,-1,0.927083,-1,-1
286,64,-1,0.5,-1,-1
286.5,67,-1,0.5,-1,-1
287,76,-1,0.714583,-1,-1
287,52,-1,0.5,-1,-1
287.5,47,-1,0.5,-1,-1
288,72,-1,0.614583,-1,-1
288,53,-1,0.5,-1,-1
288,48,-1,0.5,-1,-1
288.5,60,-1,0.5,-1,-1
288.5,53,-1,0.5,-1,-1
289,72,-1,0.46875,-1,-1
289,67,-1,0.5,-1,-1
289.5,69,-1,0.46875,-1,-1
289.5,53,-1,0.5,-1,-1
290,74,-1,0.46875,-1,-1
290,60,-1,0.5,-1,-1
290.5,74,-1,0.46875,-1,-1
290.5,67,-1,0.5,-1,-1
291,76,-1,0.46875,-1,-1
291.5,76,-1,0.46875,-1,-1
291.5,60,-1,0.5,-1,-1
292,72,-1,0.614583,-1,-1
292,52,-1,0.5,-1,-1
292,48,-1,0.5,-1,-1
292.5,55,-1,0.5,-1,-1
293,79,-1,0.46875,-1,-1
293,60,-1,0.5,-1,-1
293.5,72,-1,0.46875,-1,-1
293.5,52,-1,0.5,-1,-1
294,67,-1,0.46875,-1,-1
294,60,-1,0.5,-1,-1
294.5,72,-1,0.46875,-1,-1
294.5,67,-1,0.5,-1,-1
295,71,-1,0.46875,-1,-1
295,52,-1,0.5,-1,-1
295.5,72,-1,0.46875,-1,-1
295.5,60,-1,0.5,-1,-1
295.5,48,-1,0.5,-1,-1
296,50,-1,0.5,-1,-1
296,50,-1,0.5,-1,-1
296.5,57,-1,0.5,-1,-1
297,72,-1,0.46875,-1,-1
297,62,-1,0.5,-1,-1
297.5,69,-1,0.46875,-1,-1
297.5,57,-1,0.5,-1,-1
297.5,50,-1,0.5,-1,-1
298,74,-1,0.46875,-1,-1
298,57,-1,0.5,-1,-1
298.5,74,-1,0.46875,-1,-1
298.5,67,-1,0.5,-1,-1
299,76,-1,0.46875,-1,-1
299.5,76,-1,0.46875,-1,-1
299.5,57,-1,0.5,-1,-1
299.5,57,-1,0.5,-1,-1
300,77,-1,0.241667,-1,-1
300,57,-1,0.5,-1,-1
300,53,-1,0.5,-1,-1
300.041667,60,-1,0.5,-1,-1
300.0625,65,-1,0.5,-1,-1
300.5,77,-1,0.341667,-1,-1
301,76,-1,0.733333,-1,-1
301,57,-1,0.25,-1,-1
301.041667,60,-1,0.25,-1,-1
301.0625,65,-1,0.25,-1,-1
301.5,57,-1,0.5,-1,-1
301.5,53,-1,0.5,-1,-1
301.541667,60,-1,0.5,-1,-1
301.5625,65,-1,0.5,-1,-1
302,74,-1,0.241667,-1,-1
302.5,72,-1,0.46875,-1,-1
303,72,-1,0.527083,-1,-1
303,60,-1,0.5,-1,-1
303,53,-1,0.5,-1,-1
303.03125,65,-1,0.5,-1,-1
304,72,-1,3.6875,-1,-1
304,48,-1,0.5,-1,-1
304.5,55,-1,0.5,-1,-1
305,62,-1,1,-1,-1
306,62,-1,0.5,-1,-1
306.5,60,-1,0.5,-1,-1
307,59,-1,0.5,-1,-1
307.5,60,-1,0.5,-1,-1
308,72,-1,0.46875,-1,-1
308,43,-1,0.5,-1,-1
308.5,71,-1,0.46875,-1,-1
308.5,50,-1,0.5,-1,-1
309,71,-1,0.46875,-1,-1
309,62,-1,1,-1,-1
309.5,69,-1,0.46875,-1,-1
310,69,-1,0.46875,-1,-1
310,62,-1,0.5,-1,-1
310.5,67,-1,0.46875,-1,-1
310.5,60,-1,0.5,-1,-1
311,69,-1,0.46875,-1,-1
311,59,-1,0.5,-1,-1
311.5,71,-1,0.46875,-1,-1
311.5,60,-1,0.5,-1,-1
312,72,-1,6.547917,-1,-1
312,45,-1,0.5,-1,-1
312.5,52,-1,0.5,-1,-1
313,62,-1,1,-1,-1
314,62,-1,0.5,-1,-1
314.5,60,-1,0.5,-1,-1
315,59,-1,0.5,-1,-1
315,52,-1,0.5,-1,-1
315.5,60,-1,0.5,-1,-1
315.5,57,-1,0.5,-1,-1
316,41,-1,0.5,-1,-1
316.5,48,-1,0.5,-1,-1
317,62,-1,1,-1,-1
317,53,-1,0.5,-1,-1
318,62,-1,0.5,-1,-1
318.5,60,-1,0.5,-1,-1
319,59,-1,0.5,-1,-1
319.5,60,-1,0.5,-1,-1
320,72,-1,3.6875,-1,-1
320,48,-1,0.5,-1,-1
320.5,48,-1,0.5,-1,-1
321,62,-1,1,-1,-1
321,55,-1,0.5,-1,-1
321.5,48,-1,0.5,-1,-1
322,62,-1,0.5,-1,-1
322,55,-1,0.5,-1,-1
322.5,60,-1,0.5,-1,-1
323,59,-1,0.5,-1,-1
323.5,60,-1,0.5,-1,-1
324,72,-1,0.46875,-1,-1
324,43,-1,0.5,-1,-1
324.5,71,-1,0.46875,-1,-1
324.5,50,-1,0.5,-1,-1
325,71,-1,0.46875,-1,-1
325,62,-1,1,-1,-1
325,57,-1,0.5,-1,-1
325.5,69,-1,0.46875,-1,-1
325.5,50,-1,0.5,-1,-1
326,69,-1,0.46875,-1,-1
326,62,-1,0.5,-1,-1
326,57,-1,0.5,-1,-1
326.5,67,-1,0.46875,-1,-1
326.5,60,-1,0.5,-1,-1
327,69,-1,0.46875,-1,-1
327,59,-1,0.5,-1,-1
327.5,71,-1,0.46875,-1,-1
327.5,60,-1,0.5,-1,-1
328,72,-1,3.95,-1,-1
328,45,-1,0.5,-1,-1
328.5,52,-1,0.5,-1,-1
329,62,-1,1,-1,-1
330,62,-1,0.5,-1,-1
330,52,-1,0.5,-1,-1
330.5,60,-1,0.5,-1,-1
330.5,55,-1,0.5,-1,-1
331,59,-1,0.5,-1,-1
331,52,-1,0.5,-1,-1
331.5,60,-1,0.5,-1,-1
331.5,55,-1,0.5,-1,-1
332,41,-1,0.5,-1,-1
332.5,48,-1,0.5,-1,-1
333,62,-1,1,-1,-1
333.5,53,-1,0.5,-1,-1
334,62,-1,0.5,-1,-1
334,48,-1,0.5,-1,-1
334.5,60,-1,0.5,-1,-1
334.5,53,-1,0.5,-1,-1
335,59,-1,0.5,-1,-1
335,52,-1,0.5,-1,-1
335.5,60,-1,0.5,-1,-1
335.5,48,-1,0.5,-1,-1
336,52,-1,0.5,-1,-1
336.114583,55,-1,0.5,-1,-1
336.25,62,-1,0.5,-1,-1
336.5,67,-1,0.46875,-1,-1
337,72,-1,0.46875,-1,-1
337.5,74,-1,0.46875,-1,-1
338,76,-1,0.46875,-1,-1
338.5,74,-1,0.46875,-1,-1
339,76,-1,0.46875,-1,-1
339.5,77,-1,0.46875,-1,-1
340,79,-1,0.46875,-1,-1
340,43,-1,0.5,-1,-1
340.052083,47,-1,0.5,-1,-1
340.125,55,-1,0.5,-1,-1
340.21875,62,-1,0.5,-1,-1
340.5,79,-1,0.46875,-1,-1
341,79,-1,0.46875,-1,-1
341.5,77,-1,0.46875,-1,-1
342,76,-1,0.927083,-1,-1
343,74,-1,0.679167,-1,-1
343,59,-1,1,-1,-1
343.927083,45,-1,0.5,-1,-1
344,52,-1,0.5,-1,-1
344.052083,57,-1,0.5,-1,-1
344.145833,60,-1,0.5,-1,-1
344.5,67,-1,0.46875,-1,-1
345,72,-1,0.46875,-1,-1
345.5,74,-1,0.46875,-1,-1
346,76,-1,0.46875,-1,-1
346.5,74,-1,0.46875,-1,-1
347,76,-1,0.46875,-1,-1
347.5,77,-1,0.46875,-1,-1
348,79,-1,0.46875,-1,-1
348,43,-1,0.5,-1,-1
348.052083,47,-1,0.5,-1,-1
348.125,55,-1,0.5,-1,-1
348.21875,62,-1,0.5,-1,-1
348.5,79,-1,0.46875,-1,-1
349,79,-1,0.46875,-1,-1
349.5,81,-1,0.46875,-1,-1
350,79,-1,0.879167,-1,-1
351,76,-1,0.779167,-1,-1
352,72,-1,0.779167,-1,-1
352,53,-1,0.5,-1,-1
352,48,-1,0.5,-1,-1
352.5,60,-1,0.5,-1,-1
352.5,53,-1,0.5,-1,-1
353,72,-1,0.46875,-1,-1
353,67,-1,0.5,-1,-1
353.5,69,-1,0.46875,-1,-1
353.5,53,-1,0.5,-1,-1
354,74,-1,0.46875,-1,-1
354,60,-1,0.5,-1,-1
354.5,74,-1,0.46875,-1,-1
354.5,67,-1,0.5,-1,-1
355,76,-1,0.46875,-1,-1
355.5,76,-1,0.46875,-1,-1
355.5,60,-1,0.5,-1,-1
356,72,-1,0.779167,-1,-1
356,52,-1,0.5,-1,-1
356,48,-1,0.5,-1,-1
356.5,55,-1,0.5,-1,-1
357,79,-1,0.379167,-1,-1
357,60,-1,0.5,-1,-1
357.5,72,-1,0.379167,-1,-1
357.5,52,-1,0.5,-1,-1
358,67,-1,0.379167,-1,-1
358,60,-1,0.5,-1,-1
358.5,72,-1,0.46875,-1,-1
358.5,67,-1,0.5,-1,-1
359,71,-1,0.46875,-1,-1
359,52,-1,0.5,-1,-1
359.5,72,-1,0.46875,-1,-1
359.5,60,-1,0.5,-1,-1
359.5,48,-1,0.5,-1,-1
360,50,-1,0.5,-1,-1
360,50,-1,0.5,-1,-1
360.5,57,-1,0.5,-1,-1
361,72,-1,0.46875,-1,-1
361,62,-1,0.5,-1,-1
361.5,69,-1,0.46875,-1,-1
361.5,57,-1,0.5,-1,-1
361.5,50,-1,0.5,-1,-1
362,74,-1,0.46875,-1,-1
362,57,-1,0.5,-1,-1
362.5,74,-1,0.46875,-1,-1
362.5,67,-1,0.5,-1,-1
363,76,-1,0.46875,-1,-1
363.5,76,-1,0.46875,-1,-1
363.5,57,-1,0.5,-1,-1
363.5,57,-1,0.5,-1,-1
364,77,-1,0.46875,-1,-1
364,57,-1,0.5,-1,-1
364,53,-1,0.5,-1,-1
364.041667,60,-1,0.5,-1,-1
364.0625,65,-1,0.5,-1,-1
364.5,77,-1,0.46875,-1,-1
365,77,-1,0.46875,-1,-1
365,57,-1,0.25,-1,-1
365.041667,60,-1,0.25,-1,-1
365.0625,65,-1,0.25,-1,-1
365.5,76,-1,0.46875,-1,-1
365.5,57,-1,0.5,-1,-1
365.5,53,-1,0.5,-1,-1
365.541667,60,-1,0.5,-1,-1
365.5625,65,-1,0.5,-1,-1
366,74,-1,0.927083,-1,-1
367,72,-1,0.679167,-1,-1
367,60,-1,0.5,-1,-1
367,53,-1,0.5,-1,-1
367.03125,65,-1,0.5,-1,-1
368,48,-1,1,-1,-1
368.5,67,-1,0.279167,-1,-1
368.5,55,-1,0.375,-1,-1
369,72,-1,0.46875,-1,-1
369,60,-1,0.375,-1,-1
369,48,-1,0.5,-1,-1
369.5,74,-1,0.46875,-1,-1
369.5,55,-1,0.5,-1,-1
370,76,-1,0.46875,-1,-1
370,64,-1,0.5,-1,-1
370.5,74,-1,0.46875,-1,-1
370.5,62,-1,0.5,-1,-1
371,76,-1,0.46875,-1,-1
371,52,-1,0.5,-1,-1
371.5,77,-1,0.46875,-1,-1
371.5,48,-1,0.5,-1,-1
372,79,-1,0.46875,-1,-1
372,47,-1,1,-1,-1
372.5,79,-1,0.279167,-1,-1
372.5,55,-1,0.375,-1,-1
373,79,-1,0.46875,-1,-1
373,59,-1,0.375,-1,-1
373,47,-1,0.5,-1,-1
373.5,77,-1,0.46875,-1,-1
373.5,55,-1,0.5,-1,-1
374,76,-1,0.927083,-1,-1
374,64,-1,0.5,-1,-1
374.5,62,-1,0.5,-1,-1
375,74,-1,0.779167,-1,-1
375,59,-1,0.5,-1,-1
375,50,-1,0.5,-1,-1
375.5,55,-1,0.5,-1,-1
375.5,47,-1,0.5,-1,-1
376,45,-1,1,-1,-1
376.5,67,-1,0.379167,-1,-1
376.5,55,-1,0.375,-1,-1
377,72,-1,0.46875,-1,-1
377,60,-1,0.375,-1,-1
377,52,-1,0.5,-1,-1
377.5,74,-1,0.46875,-1,-1
377.5,57,-1,0.5,-1,-1
378,76,-1,0.46875,-1,-1
378,64,-1,0.5,-1,-1
378.5,74,-1,0.46875,-1,-1
378.5,62,-1,0.5,-1,-1
379,76,-1,0.46875,-1,-1
379,57,-1,0.5,-1,-1
379.5,77,-1,0.46875,-1,-1
379.5,52,-1,0.5,-1,-1
380,79,-1,0.46875,-1,-1
380,52,-1,1,-1,-1
380.5,79,-1,0.46875,-1,-1
381,79,-1,0.46875,-1,-1
381,59,-1,1,-1,-1
381.5,81,-1,0.46875,-1,-1
382,79,-1,0.927083,-1,-1
382,64,-1,0.5,-1,-1
382.5,67,-1,0.5,-1,-1
383,76,-1,0.779167,-1,-1
383,52,-1,0.5,-1,-1
383.5,47,-1,0.5,-1,-1
384,72,-1,0.745833,-1,-1
384,53,-1,0.5,-1,-1
384,48,-1,0.5,-1,-1
384.5,60,-1,0.5,-1,-1
384.5,53,-1,0.5,-1,-1
385,72,-1,0.46875,-1,-1
385,67,-1,0.5,-1,-1
385.5,69,-1,0.245833,-1,-1
385.5,53,-1,0.5,-1,-1
386,74,-1,0.46875,-1,-1
386,60,-1,0.5,-1,-1
386.5,74,-1,0.345833,-1,-1
386.5,67,-1,0.5,-1,-1
387,76,-1,0.46875,-1,-1
387.5,76,-1,0.46875,-1,-1
387.5,60,-1,0.5,-1,-1
388,72,-1,0.745833,-1,-1
388,52,-1,0.5,-1,-1
388,48,-1,0.5,-1,-1
388.5,55,-1,0.5,-1,-1
389,79,-1,0.46875,-1,-1
389,60,-1,0.5,-1,-1
389.5,72,-1,0.345833,-1,-1
389.5,52,-1,0.5,-1,-1
390,67,-1,0.46875,-1,-1
390,60,-1,0.5,-1,-1
390.5,72,-1,0.46875,-1,-1
390.5,67,-1,0.5,-1,-1
391,71,-1,0.46875,-1,-1
391,52,-1,0.5,-1,-1
391.5,72,-1,0.46875,-1,-1
391.5,60,-1,0.5,-1,-1
391.5,48,-1,0.5,-1,-1
392,50,-1,0.5,-1,-1
392,50,-1,0.5,-1,-1
392.5,57,-1,0.5,-1,-1
393,72,-1,0.46875,-1,-1
393,62,-1,0.5,-1,-1
393.5,69,-1,0.46875,-1,-1
393.5,57,-1,0.5,-1,-1
393.5,50,-1,0.5,-1,-1
394,74,-1,0.46875,-1,-1
394,57,-1,0.5,-1,-1
394.5,74,-1,0.46875,-1,-1
394.5,67,-1,0.5,-1,-1
395,76,-1,0.46875,-1,-1
395.5,76,-1,0.46875,-1,-1
395.5,57,-1,0.5,-1,-1
395.5,57,-1,0.5,-1,-1
396,77,-1,0.345833,-1,-1
396,57,-1,0.5,-1,-1
396,53,-1,0.5,-1,-1
396.041667,60,-1,0.5,-1,-1
396.0625,65,-1,0.5,-1,-1
396.5,77,-1,0.46875,-1,-1
397,76,-1,0.677083,-1,-1
397,57,-1,0.25,-1,-1
397.041667,60,-1,0.25,-1,-1
397.0625,65,-1,0.25,-1,-1
397.5,57,-1,0.5,-1,-1
397.5,53,-1,0.5,-1,-1
397.541667,60,-1,0.5,-1,-1
397.5625,65,-1,0.5,-1,-1
398,74,-1,0.345833,-1,-1
398.5,72,-1,0.46875,-1,-1
399,72,-1,0.927083,-1,-1
399,60,-1,0.5,-1,-1
399,53,-1,0.5,-1,-1
399.03125,65,-1,0.5,-1,-1
400,70,-1,6.55,-1,-1
400,64,-1,0.927083,-1,-1
400,48,-1,0.46875,-1,-1
400.5,55,-1,0.46875,-1,-1
401,60,-1,0.46875,-1,-1
401.5,65,-1,0.927083,-1,-1
402,50,-1,0.46875,-1,-1
402.5,60,-1,0.46875,-1,-1
402.5,57,-1,0.46875,-1,-1
403,59,-1,0.46875,-1,-1
403.5,60,-1,0.46875,-1,-1
404,67,-1,0.927083,-1,-1
404,48,-1,0.46875,-1,-1
404.5,52,-1,0.46875,-1,-1
405,60,-1,0.46875,-1,-1
405.5,65,-1,0.927083,-1,-1
406,50,-1,0.46875,-1,-1
406.5,67,-1,0.5,-1,-1
406.5,60,-1,0.46875,-1,-1
406.5,57,-1,0.46875,-1,-1
407,72,-1,6.85,-1,-1
407,59,-1,0.46875,-1,-1
407.5,60,-1,0.46875,-1,-1
408,64,-1,0.927083,-1,-1
408,48,-1,0.46875,-1,-1
408.5,55,-1,0.46875,-1,-1
409,60,-1,0.46875,-1,-1
409.5,65,-1,0.927083,-1,-1
410,50,-1,0.46875,-1,-1
410.5,60,-1,0.46875,-1,-1
410.5,57,-1,0.46875,-1,-1
411,59,-1,0.46875,-1,-1
411.5,60,-1,0.46875,-1,-1
412,67,-1,0.927083,-1,-1
412,48,-1,0.46875,-1,-1
412.5,52,-1,0.46875,-1,-1
413,60,-1,0.46875,-1,-1
413.5,65,-1,0.927083,-1,-1
414,50,-1,0.46875,-1,-1
414.5,60,-1,0.46875,-1,-1
414.5,57,-1,0.46875,-1,-1
415,59,-1,0.46875,-1,-1
415.5,60,-1,0.46875,-1,-1
416,55,-1,0.125,-1,-1
416.177083,60,-1,0.125,-1,-1
416.385417,64,-1,2,-1,-1