0,74,-1,0.5,-1,-1
0,46,-1,0.5,-1,-1
0,58,-1,0.5,-1,-1
0.5,72,-1,0.5,-1,-1
0.5,55,-1,0.5,-1,-1
1,70,-1,1,-1,-1
1,62,-1,0.5,-1,-1
1.5,55,-1,0.5,-1,-1
2,69,-1,0.5,-1,-1
2,45,-1,0.5,-1,-1
2,57,-1,0.5,-1,-1
2.5,74,-1,0.5,-1,-1
2.5,54,-1,0.5,-1,-1
3,76,-1,0.5,-1,-1
3,62,-1,0.5,-1,-1
3.5,78,-1,0.497917,-1,-1
3.5,54,-1,0.497917,-1,-1
4,79,-1,0.5,-1,-1
4,43,-1,0.5,-1,-1
4,55,-1,0.5,-1,-1
4.5,78,-1,0.5,-1,-1
4.5,38,-1,0.5,-1,-1
4.5,50,-1,0.5,-1,-1
5,76,-1,1,-1,-1
5,46,-1,0.5,-1,-1
5,58,-1,0.5,-1,-1
5.5,38,-1,0.5,-1,-1
5.5,50,-1,0.5,-1,-1
6,74,-1,1.997917,-1,-1
6,42,-1,0.5,-1,-1
6,54,-1,0.5,-1,-1
6.5,38,-1,0.5,-1,-1
6.5,50,-1,0.5,-1,-1
7,45,-1,0.5,-1,-1
7,57,-1,0.5,-1,-1
7.5,38,-1,0.497917,-1,-1
7.5,50,-1,0.497917,-1,-1
8,74,-1,3.997917,-1,-1
8,43,-1,0.5,-1,-1
8,55,-1,0.5,-1,-1
8.5,38,-1,0.5,-1,-1
8.5,50,-1,0.5,-1,-1
9,43,-1,0.5,-1,-1
9,55,-1,0.5,-1,-1
9.5,46,-1,0.5,-1,-1
10,50,-1,0.5,-1,-1
10.5,55,-1,1.497917,-1,-1
12,74,-1,3.997917,-1,-1
12,57,-1,0.5,-1,-1
12.5,52,-1,0.5,-1,-1
13,62,-1,1,-1,-1
14,49,-1,1.997917,-1,-1
14,61,-1,1.997917,-1,-1
16,62,-1,2,-1,-1
16,66,-1,2,-1,-1
16,69,-1,2,-1,-1
16,66,-1,0.5,-1,-1
16.5,57,-1,0.5,-1,-1
16.5,69,-1,0.5,-1,-1
17,62,-1,0.5,-1,-1
17,66,-1,0.5,-1,-1
17,69,-1,0.5,-1,-1
17,69,-1,0.5,-1,-1
17.5,57,-1,0.5,-1,-1
17.5,66,-1,0.5,-1,-1
18,62,-1,1.997917,-1,-1
18,66,-1,1.997917,-1,-1
18,69,-1,1.997917,-1,-1
18,66,-1,0.5,-1,-1
18,67,-1,0.5,-1,-1
18.5,57,-1,0.5,-1,-1
18.5,66,-1,0.25,-1,-1
18.75,67,-1,0.5,-1,-1
19,62,-1,0.5,-1,-1
19,66,-1,0.5,-1,-1
19,69,-1,0.5,-1,-1
19.25,69,-1,0.747917,-1,-1
19.5,57,-1,0.497917,-1,-1
20,59,-1,2,-1,-1
20,62,-1,2,-1,-1
20,71,-1,2,-1,-1
20,66,-1,0.5,-1,-1
20,66,-1,0.5,-1,-1
20.5,57,-1,0.5,-1,-1
20.5,69,-1,0.5,-1,-1
21,62,-1,0.5,-1,-1
21,66,-1,0.5,-1,-1
21,69,-1,0.5,-1,-1
21,74,-1,0.5,-1,-1
21.5,57,-1,0.5,-1,-1
21.5,73,-1,0.25,-1,-1
21.75,71,-1,0.75,-1,-1
22,57,-1,1.997917,-1,-1
22,61,-1,1.997917,-1,-1
22,69,-1,1.997917,-1,-1
22,66,-1,0.5,-1,-1
22.5,57,-1,0.5,-1,-1
22.5,69,-1,1.497917,-1,-1
23,62,-1,0.5,-1,-1
23,66,-1,0.5,-1,-1
23,69,-1,0.5,-1,-1
23.5,57,-1,0.497917,-1,-1
24,66,-1,2,-1,-1
24,69,-1,2,-1,-1
24,66,-1,0.5,-1,-1
24,71,-1,1,-1,-1
24.5,59,-1,0.5,-1,-1
25,66,-1,0.5,-1,-1
25,69,-1,0.5,-1,-1
25,74,-1,1,-1,-1
25.5,59,-1,0.5,-1,-1
26,69,-1,1,-1,-1
26,73,-1,1,-1,-1
26,69,-1,0.5,-1,-1
26,73,-1,0.5,-1,-1
26.5,69,-1,0.5,-1,-1
26.5,73,-1,0.5,-1,-1
26.5,74,-1,0.25,-1,-1
26.75,74,-1,1.247917,-1,-1
27,57,-1,0.997917,-1,-1
27,69,-1,0.997917,-1,-1
27,73,-1,0.997917,-1,-1
27,69,-1,0.5,-1,-1
27.5,66,-1,0.497917,-1,-1
28,55,-1,1,-1,-1
28,67,-1,1,-1,-1
28,71,-1,1,-1,-1
28,67,-1,0.5,-1,-1
28,78,-1,0.5,-1,-1
28.5,59,-1,0.5,-1,-1
28.5,74,-1,0.5,-1,-1
29,64,-1,1,-1,-1
29,67,-1,1,-1,-1
29,74,-1,1,-1,-1
29,67,-1,0.5,-1,-1
29,71,-1,0.5,-1,-1
29,74,-1,0.5,-1,-1
29.5,59,-1,0.5,-1,-1
29.5,69,-1,0.25,-1,-1
29.75,69,-1,0.75,-1,-1
30,67,-1,1.997917,-1,-1
30,71,-1,1.997917,-1,-1
30,74,-1,1.997917,-1,-1
30,62,-1,1,-1,-1
30.5,76,-1,2,-1,-1
31,61,-1,0.997917,-1,-1
32,62,-1,2,-1,-1
32,66,-1,2,-1,-1
32,69,-1,2,-1,-1
32,66,-1,0.5,-1,-1
32,66,-1,0.5,-1,-1
32,78,-1,0.5,-1,-1
32.5,57,-1,0.5,-1,-1
32.5,57,-1,0.5,-1,-1
32.5,69,-1,0.5,-1,-1
33,62,-1,0.5,-1,-1
33,66,-1,0.5,-1,-1
33,69,-1,0.5,-1,-1
33,66,-1,0.5,-1,-1
33,78,-1,0.5,-1,-1
33,69,-1,0.5,-1,-1
33.5,57,-1,0.5,-1,-1
33.5,57,-1,0.5,-1,-1
33.5,66,-1,0.5,-1,-1
34,62,-1,1.997917,-1,-1
34,66,-1,1.997917,-1,-1
34,69,-1,1.997917,-1,-1
34,66,-1,0.5,-1,-1
34,66,-1,0.5,-1,-1
34,78,-1,0.5,-1,-1
34,67,-1,0.5,-1,-1
34.5,57,-1,0.5,-1,-1
34.5,57,-1,0.5,-1,-1
34.5,66,-1,0.25,-1,-1
34.75,67,-1,0.5,-1,-1
35,62,-1,0.5,-1,-1
35,66,-1,0.5,-1,-1
35,69,-1,0.5,-1,-1
35,66,-1,0.5,-1,-1
35,78,-1,0.5,-1,-1
35.25,69,-1,0.747917,-1,-1
35.5,57,-1,0.497917,-1,-1
35.5,57,-1,0.497917,-1,-1
36,59,-1,2,-1,-1
36,62,-1,2,-1,-1
36,71,-1,2,-1,-1
36,66,-1,0.5,-1,-1
36,66,-1,0.5,-1,-1
36,78,-1,0.5,-1,-1
36,66,-1,0.5,-1,-1
36.5,57,-1,0.5,-1,-1
36.5,57,-1,0.5,-1,-1
36.5,69,-1,0.5,-1,-1
37,62,-1,0.5,-1,-1
37,66,-1,0.5,-1,-1
37,69,-1,0.5,-1,-1
37,66,-1,0.5,-1,-1
37,78,-1,0.5,-1,-1
37,74,-1,0.5,-1,-1
37.5,57,-1,0.5,-1,-1
37.5,57,-1,0.5,-1,-1
37.5,73,-1,0.25,-1,-1
37.75,71,-1,0.75,-1,-1
38,57,-1,1.997917,-1,-1
38,61,-1,1.997917,-1,-1
38,69,-1,1.997917,-1,-1
38,66,-1,0.5,-1,-1
38,64,-1,0.5,-1,-1
38,76,-1,0.5,-1,-1
38.5,57,-1,0.5,-1,-1
38.5,57,-1,0.5,-1,-1
38.5,69,-1,1.497917,-1,-1
39,62,-1,0.5,-1,-1
39,66,-1,0.5,-1,-1
39,69,-1,0.5,-1,-1
39,66,-1,0.5,-1,-1
39,78,-1,0.5,-1,-1
39.5,57,-1,0.497917,-1,-1
39.5,57,-1,0.497917,-1,-1
40,66,-1,2,-1,-1
40,69,-1,2,-1,-1
40,66,-1,0.5,-1,-1
40,66,-1,0.5,-1,-1
40,78,-1,0.5,-1,-1
40,71,-1,1,-1,-1
40.5,59,-1,0.5,-1,-1
40.5,57,-1,0.5,-1,-1
41,66,-1,0.5,-1,-1
41,69,-1,0.5,-1,-1
41,66,-1,0.5,-1,-1
41,78,-1,0.5,-1,-1
41,74,-1,1,-1,-1
41.5,59,-1,0.5,-1,-1
41.5,57,-1,0.5,-1,-1
42,69,-1,1,-1,-1
42,73,-1,1,-1,-1
42,69,-1,0.5,-1,-1
42,69,-1,0.5,-1,-1
42,81,-1,0.5,-1,-1
42,73,-1,0.5,-1,-1
42.5,69,-1,0.5,-1,-1
42.5,73,-1,0.5,-1,-1
42.5,81,-1,0.5,-1,-1
42.5,66,-1,0.5,-1,-1
42.5,74,-1,0.25,-1,-1
42.75,74,-1,1.247917,-1,-1
43,57,-1,0.997917,-1,-1
43,69,-1,0.997917,-1,-1
43,73,-1,0.997917,-1,-1
43,69,-1,0.5,-1,-1
43,69,-1,0.5,-1,-1
43,81,-1,0.5,-1,-1
43.5,66,-1,0.497917,-1,-1
43.5,66,-1,0.497917,-1,-1
44,55,-1,1,-1,-1
44,67,-1,1,-1,-1
44,71,-1,1,-1,-1
44,67,-1,0.5,-1,-1
44,66,-1,0.5,-1,-1
44,78,-1,0.5,-1,-1
44,78,-1,0.5,-1,-1
44.5,59,-1,0.5,-1,-1
44.5,62,-1,0.5,-1,-1
44.5,74,-1,0.5,-1,-1
45,64,-1,1,-1,-1
45,67,-1,1,-1,-1
45,74,-1,1,-1,-1
45,67,-1,0.5,-1,-1
45,71,-1,0.5,-1,-1
45,66,-1,0.5,-1,-1
45,78,-1,0.5,-1,-1
45,74,-1,0.5,-1,-1
45.5,59,-1,0.5,-1,-1
45.5,62,-1,0.5,-1,-1
45.5,76,-1,0.25,-1,-1
45.75,78,-1,0.75,-1,-1
46,67,-1,1.997917,-1,-1
46,71,-1,1.997917,-1,-1
46,74,-1,1.997917,-1,-1
46,62,-1,1,-1,-1
46,64,-1,0.5,-1,-1
46,76,-1,0.5,-1,-1
46.5,57,-1,0.5,-1,-1
46.5,76,-1,1.497917,-1,-1
47,61,-1,0.997917,-1,-1
47,64,-1,0.5,-1,-1
47,76,-1,0.5,-1,-1
47.5,57,-1,0.497917,-1,-1
48,61,-1,0.5,-1,-1
48,73,-1,0.5,-1,-1
48,73,-1,0.5,-1,-1
48.5,64,-1,0.5,-1,-1
48.5,76,-1,0.5,-1,-1
48.5,73,-1,0.25,-1,-1
48.75,73,-1,0.75,-1,-1
49,61,-1,0.5,-1,-1
49,73,-1,0.5,-1,-1
49.5,56,-1,0.5,-1,-1
49.5,68,-1,0.5,-1,-1
49.5,71,-1,0.25,-1,-1
49.75,70,-1,0.75,-1,-1
50,61,-1,0.5,-1,-1
50,73,-1,0.5,-1,-1
50.5,64,-1,0.5,-1,-1
50.5,76,-1,0.5,-1,-1
50.5,71,-1,0.25,-1,-1
50.75,73,-1,0.5,-1,-1
51,61,-1,0.5,-1,-1
51,73,-1,0.5,-1,-1
51.25,76,-1,0.747917,-1,-1
51.5,54,-1,0.497917,-1,-1
51.5,66,-1,0.497917,-1,-1
52,62,-1,0.5,-1,-1
52,74,-1,0.5,-1,-1
52,74,-1,0.5,-1,-1
52.5,54,-1,0.5,-1,-1
52.5,66,-1,0.5,-1,-1
52.5,74,-1,0.25,-1,-1
52.75,74,-1,0.75,-1,-1
53,57,-1,0.5,-1,-1
53,69,-1,0.5,-1,-1
53.5,54,-1,0.5,-1,-1
53.5,66,-1,0.5,-1,-1
53.5,73,-1,0.25,-1,-1
53.75,71,-1,0.75,-1,-1
54,59,-1,0.5,-1,-1
54,71,-1,0.5,-1,-1
54.5,54,-1,0.5,-1,-1
54.5,66,-1,0.5,-1,-1
54.5,73,-1,0.25,-1,-1
54.75,74,-1,0.5,-1,-1
55,57,-1,0.5,-1,-1
55,69,-1,0.5,-1,-1
55.25,78,-1,0.747917,-1,-1
55.5,54,-1,0.497917,-1,-1
55.5,66,-1,0.497917,-1,-1
56,62,-1,0.5,-1,-1
56,74,-1,0.5,-1,-1
56,78,-1,0.5,-1,-1
56.5,54,-1,0.5,-1,-1
56.5,66,-1,0.5,-1,-1
56.5,76,-1,0.25,-1,-1
56.75,76,-1,0.75,-1,-1
57,62,-1,0.5,-1,-1
57,74,-1,0.5,-1,-1
57.5,54,-1,0.5,-1,-1
57.5,66,-1,0.5,-1,-1
57.5,74,-1,0.25,-1,-1
57.75,74,-1,0.75,-1,-1
58,64,-1,0.5,-1,-1
58,76,-1,0.5,-1,-1
58.5,61,-1,0.5,-1,-1
58.5,73,-1,0.5,-1,-1
58.5,69,-1,0.25,-1,-1
58.75,76,-1,0.5,-1,-1
59,62,-1,0.5,-1,-1
59,74,-1,0.5,-1,-1
59.25,74,-1,0.747917,-1,-1
59.5,54,-1,0.497917,-1,-1
59.5,66,-1,0.497917,-1,-1
60,64,-1,0.5,-1,-1
60,76,-1,0.5,-1,-1
60,71,-1,0.5,-1,-1
60.5,61,-1,0.5,-1,-1
60.5,73,-1,0.5,-1,-1
60.5,73,-1,0.25,-1,-1
60.75,74,-1,0.5,-1,-1
61,62,-1,0.5,-1,-1
61,74,-1,0.5,-1,-1
61.25,74,-1,0.75,-1,-1
61.5,54,-1,0.5,-1,-1
61.5,66,-1,0.5,-1,-1
62,64,-1,0.5,-1,-1
62,76,-1,0.5,-1,-1
62,74,-1,0.5,-1,-1
62.5,61,-1,0.5,-1,-1
62.5,73,-1,0.5,-1,-1
62.5,73,-1,0.25,-1,-1
62.75,74,-1,0.5,-1,-1
63,62,-1,0.5,-1,-1
63,74,-1,0.5,-1,-1
63.25,76,-1,0.747917,-1,-1
63.5,54,-1,1,-1,-1
63.5,66,-1,1,-1,-1
64,78,-1,1,-1,-1
64.5,59,-1,0.5,-1,-1
65,54,-1,0.5,-1,-1
65,66,-1,0.5,-1,-1
65,78,-1,0.5,-1,-1
65.5,59,-1,0.5,-1,-1
65.5,76,-1,0.25,-1,-1
65.75,78,-1,0.5,-1,-1
66,52,-1,0.5,-1,-1
66,64,-1,0.5,-1,-1
66.25,76,-1,1.25,-1,-1
66.5,57,-1,0.5,-1,-1
67,52,-1,0.5,-1,-1
67,64,-1,0.5,-1,-1
67.5,54,-1,0.497917,-1,-1
67.5,66,-1,0.497917,-1,-1
67.5,76,-1,0.25,-1,-1
67.75,78,-1,0.75,-1,-1
68,50,-1,0.5,-1,-1
68,62,-1,0.5,-1,-1
68.5,57,-1,0.5,-1,-1
68.5,69,-1,0.5,-1,-1
68.5,69,-1,0.5,-1,-1
69,50,-1,0.5,-1,-1
69,62,-1,0.5,-1,-1
69,66,-1,0.5,-1,-1
69.5,57,-1,0.5,-1,-1
69.5,69,-1,0.5,-1,-1
69.5,69,-1,0.5,-1,-1
70,52,-1,0.5,-1,-1
70,64,-1,0.5,-1,-1
70,76,-1,0.75,-1,-1
70.5,57,-1,0.5,-1,-1
70.5,69,-1,0.5,-1,-1
70.75,79,-1,0.75,-1,-1
71,50,-1,0.5,-1,-1
71,62,-1,0.5,-1,-1
71.5,57,-1,0.497917,-1,-1
71.5,69,-1,0.497917,-1,-1
71.5,78,-1,1,-1,-1
72,49,-1,0.5,-1,-1
72,61,-1,0.5,-1,-1
72.5,57,-1,0.5,-1,-1
72.5,69,-1,0.5,-1,-1
72.5,69,-1,0.5,-1,-1
73,49,-1,0.5,-1,-1
73,61,-1,0.5,-1,-1
73,66,-1,0.5,-1,-1
73.5,57,-1,0.5,-1,-1
73.5,69,-1,0.5,-1,-1
73.5,69,-1,0.5,-1,-1
74,50,-1,0.5,-1,-1
74,62,-1,0.5,-1,-1
74,76,-1,0.75,-1,-1
74.5,57,-1,0.5,-1,-1
74.5,69,-1,0.5,-1,-1
74.75,79,-1,0.75,-1,-1
75,49,-1,0.5,-1,-1
75,61,-1,0.5,-1,-1
75.5,57,-1,0.497917,-1,-1
75.5,69,-1,0.497917,-1,-1
75.5,78,-1,1,-1,-1
76,50,-1,0.5,-1,-1
76,62,-1,0.5,-1,-1
76.5,45,-1,0.5,-1,-1
76.5,57,-1,0.5,-1,-1
76.5,69,-1,0.5,-1,-1
77,50,-1,0.5,-1,-1
77,62,-1,0.5,-1,-1
77,66,-1,0.5,-1,-1
77.5,45,-1,0.5,-1,-1
77.5,57,-1,0.5,-1,-1
77.5,69,-1,0.5,-1,-1
78,52,-1,0.5,-1,-1
78,64,-1,0.5,-1,-1
78,76,-1,0.75,-1,-1
78.5,45,-1,0.5,-1,-1
78.5,57,-1,0.5,-1,-1
78.75,79,-1,0.75,-1,-1
79,50,-1,0.5,-1,-1
79,62,-1,0.5,-1,-1
79.5,45,-1,0.497917,-1,-1
79.5,57,-1,0.497917,-1,-1
79.5,78,-1,0.497917,-1,-1
80,50,-1,0.5,-1,-1
80,62,-1,0.5,-1,-1
80,76,-1,0.5,-1,-1
80.5,45,-1,0.5,-1,-1
80.5,57,-1,0.5,-1,-1
80.5,74,-1,0.5,-1,-1
81,50,-1,0.5,-1,-1
81,62,-1,0.5,-1,-1
81,76,-1,0.5,-1,-1
81.5,45,-1,0.5,-1,-1
81.5,57,-1,0.5,-1,-1
81.5,78,-1,0.25,-1,-1
81.75,76,-1,0.5,-1,-1
82,52,-1,0.5,-1,-1
82,64,-1,0.5,-1,-1
82.25,74,-1,2.25,-1,-1
82.5,45,-1,0.5,-1,-1
82.5,57,-1,0.5,-1,-1
83,50,-1,0.5,-1,-1
83,62,-1,0.5,-1,-1
83.5,45,-1,0.497917,-1,-1
83.5,57,-1,0.497917,-1,-1
84,55,-1,0.5,-1,-1
84,62,-1,0.5,-1,-1
84.5,59,-1,0.5,-1,-1
84.5,71,-1,0.5,-1,-1
85,55,-1,0.5,-1,-1
85,62,-1,0.5,-1,-1
85,71,-1,0.5,-1,-1
85.5,59,-1,0.5,-1,-1
85.5,67,-1,0.5,-1,-1
86,62,-1,0.5,-1,-1
86,69,-1,0.5,-1,-1
86,78,-1,0.5,-1,-1
86.5,64,-1,0.5,-1,-1
86.5,76,-1,0.25,-1,-1
86.75,78,-1,0.5,-1,-1
87,62,-1,0.5,-1,-1
87,69,-1,0.5,-1,-1
87.25,76,-1,1.25,-1,-1
87.5,64,-1,0.497917,-1,-1
88,49,-1,0.5,-1,-1
88,57,-1,0.5,-1,-1
88,61,-1,0.5,-1,-1
88.5,54,-1,0.5,-1,-1
88.5,57,-1,0.5,-1,-1
88.5,69,-1,0.5,-1,-1
89,49,-1,0.5,-1,-1
89,57,-1,0.5,-1,-1
89,61,-1,0.5,-1,-1
89,69,-1,0.5,-1,-1
89.5,54,-1,0.5,-1,-1
89.5,57,-1,0.5,-1,-1
89.5,66,-1,0.5,-1,-1
90,52,-1,0.5,-1,-1
90,61,-1,0.5,-1,-1
90,64,-1,0.5,-1,-1
90,76,-1,0.5,-1,-1
90.5,50,-1,0.5,-1,-1
90.5,59,-1,0.5,-1,-1
90.5,62,-1,0.5,-1,-1
90.5,74,-1,0.25,-1,-1
90.75,76,-1,0.5,-1,-1
91,49,-1,0.5,-1,-1
91,57,-1,0.5,-1,-1
91,61,-1,0.5,-1,-1
91.25,74,-1,0.747917,-1,-1
91.5,50,-1,1,-1,-1
91.5,59,-1,1,-1,-1
91.5,62,-1,1,-1,-1
92,74,-1,0.5,-1,-1
92.5,47,-1,0.5,-1,-1
92.5,55,-1,0.5,-1,-1
92.5,59,-1,0.5,-1,-1
92.5,76,-1,0.25,-1,-1
92.75,78,-1,0.5,-1,-1
93,50,-1,0.5,-1,-1
93,59,-1,0.5,-1,-1
93,62,-1,0.5,-1,-1
93.25,74,-1,0.75,-1,-1
93.5,47,-1,0.5,-1,-1
93.5,55,-1,0.5,-1,-1
93.5,59,-1,0.5,-1,-1
94,54,-1,0.5,-1,-1
94,62,-1,0.5,-1,-1
94,66,-1,0.5,-1,-1
94,74,-1,0.5,-1,-1
94.5,47,-1,0.5,-1,-1
94.5,55,-1,0.5,-1,-1
94.5,59,-1,0.5,-1,-1
94.5,76,-1,0.25,-1,-1
94.75,78,-1,0.5,-1,-1
95,50,-1,0.5,-1,-1
95,59,-1,0.5,-1,-1
95,62,-1,0.5,-1,-1
95.25,74,-1,0.5,-1,-1
95.5,47,-1,0.497917,-1,-1
95.5,55,-1,0.497917,-1,-1
95.5,59,-1,0.497917,-1,-1
95.75,76,-1,0.247917,-1,-1
96,50,-1,0.5,-1,-1
96,59,-1,0.5,-1,-1
96,62,-1,0.5,-1,-1
96,78,-1,1,-1,-1
96.5,47,-1,0.5,-1,-1
96.5,55,-1,0.5,-1,-1
96.5,59,-1,0.5,-1,-1
97,50,-1,0.5,-1,-1
97,59,-1,0.5,-1,-1
97,62,-1,0.5,-1,-1
97,78,-1,0.5,-1,-1
97.5,47,-1,0.5,-1,-1
97.5,55,-1,0.5,-1,-1
97.5,59,-1,0.5,-1,-1
97.5,76,-1,0.25,-1,-1
97.75,78,-1,0.5,-1,-1
98,57,-1,0.5,-1,-1
98,66,-1,0.5,-1,-1
98,69,-1,0.5,-1,-1
98.25,76,-1,1.25,-1,-1
98.5,52,-1,0.5,-1,-1
98.5,64,-1,0.5,-1,-1
99,57,-1,0.5,-1,-1
99,66,-1,0.5,-1,-1
99,69,-1,0.5,-1,-1
99.5,52,-1,0.497917,-1,-1
99.5,64,-1,0.497917,-1,-1
99.5,76,-1,0.25,-1,-1
99.75,78,-1,0.75,-1,-1
100,50,-1,0.5,-1,-1
100,62,-1,0.5,-1,-1
100.5,57,-1,0.5,-1,-1
100.5,69,-1,0.5,-1,-1
100.5,69,-1,0.5,-1,-1
101,50,-1,0.5,-1,-1
101,62,-1,0.5,-1,-1
101,66,-1,0.5,-1,-1
101.5,57,-1,0.5,-1,-1
101.5,69,-1,0.5,-1,-1
101.5,69,-1,0.5,-1,-1
102,52,-1,0.5,-1,-1
102,64,-1,0.5,-1,-1
102,76,-1,0.75,-1,-1
102.5,57,-1,0.5,-1,-1
102.5,69,-1,0.5,-1,-1
102.75,79,-1,0.75,-1,-1
103,50,-1,0.5,-1,-1
103,62,-1,0.5,-1,-1
103.5,57,-1,0.497917,-1,-1
103.5,69,-1,0.497917,-1,-1
103.5,78,-1,1,-1,-1
104,49,-1,0.5,-1,-1
104,61,-1,0.5,-1,-1
104.5,57,-1,0.5,-1,-1
104.5,69,-1,0.5,-1,-1
104.5,69,-1,0.5,-1,-1
105,49,-1,0.5,-1,-1
105,61,-1,0.5,-1,-1
105,66,-1,0.5,-1,-1
105.5,57,-1,0.5,-1,-1
105.5,69,-1,0.5,-1,-1
105.5,69,-1,0.5,-1,-1
106,50,-1,0.5,-1,-1
106,62,-1,0.5,-1,-1
106,76,-1,0.75,-1,-1
106.5,57,-1,0.5,-1,-1
106.5,69,-1,0.5,-1,-1
106.75,79,-1,0.75,-1,-1
107,49,-1,0.5,-1,-1
107,61,-1,0.5,-1,-1
107.5,57,-1,0.497917,-1,-1
107.5,69,-1,0.497917,-1,-1
107.5,78,-1,1,-1,-1
108,50,-1,0.5,-1,-1
108,62,-1,0.5,-1,-1
108.5,45,-1,0.5,-1,-1
108.5,57,-1,0.5,-1,-1
108.5,69,-1,0.5,-1,-1
109,50,-1,0.5,-1,-1
109,62,-1,0.5,-1,-1
109,66,-1,0.5,-1,-1
109.5,45,-1,0.5,-1,-1
109.5,57,-1,0.5,-1,-1
109.5,69,-1,0.5,-1,-1
110,52,-1,0.5,-1,-1
110,64,-1,0.5,-1,-1
110,76,-1,0.75,-1,-1
110.5,45,-1,0.5,-1,-1
110.5,57,-1,0.5,-1,-1
110.75,79,-1,0.75,-1,-1
111,50,-1,0.5,-1,-1
111,62,-1,0.5,-1,-1
111.5,45,-1,0.497917,-1,-1
111.5,57,-1,0.497917,-1,-1
111.5,78,-1,0.497917,-1,-1
112,50,-1,0.5,-1,-1
112,62,-1,0.5,-1,-1
112,76,-1,0.5,-1,-1
112.5,45,-1,0.5,-1,-1
112.5,57,-1,0.5,-1,-1
112.5,74,-1,0.5,-1,-1
113,50,-1,0.5,-1,-1
113,62,-1,0.5,-1,-1
113,76,-1,0.5,-1,-1
113.5,45,-1,0.5,-1,-1
113.5,57,-1,0.5,-1,-1
113.5,78,-1,0.25,-1,-1
113.75,76,-1,0.5,-1,-1
114,52,-1,0.5,-1,-1
114,64,-1,0.5,-1,-1
114.25,74,-1,2.25,-1,-1
114.5,45,-1,0.5,-1,-1
114.5,57,-1,0.5,-1,-1
115,50,-1,0.5,-1,-1
115,62,-1,0.5,-1,-1
115.5,45,-1,0.497917,-1,-1
115.5,57,-1,0.497917,-1,-1
116,55,-1,0.5,-1,-1
116,62,-1,0.5,-1,-1
116.5,59,-1,0.5,-1,-1
116.5,71,-1,0.5,-1,-1
117,55,-1,0.5,-1,-1
117,62,-1,0.5,-1,-1
117,71,-1,0.5,-1,-1
117.5,59,-1,0.5,-1,-1
117.5,67,-1,0.5,-1,-1
118,62,-1,0.5,-1,-1
118,69,-1,0.5,-1,-1
118,78,-1,0.5,-1,-1
118.5,64,-1,0.5,-1,-1
118.5,76,-1,0.25,-1,-1
118.75,78,-1,0.5,-1,-1
119,62,-1,0.5,-1,-1
119,69,-1,0.5,-1,-1
119.25,76,-1,1.25,-1,-1
119.5,64,-1,0.497917,-1,-1
120,49,-1,0.5,-1,-1
120,57,-1,0.5,-1,-1
120,61,-1,0.5,-1,-1
120.5,54,-1,0.5,-1,-1
120.5,57,-1,0.5,-1,-1
120.5,69,-1,0.5,-1,-1
121,49,-1,0.5,-1,-1
121,57,-1,0.5,-1,-1
121,61,-1,0.5,-1,-1
121,69,-1,0.5,-1,-1
121.5,54,-1,0.5,-1,-1
121.5,57,-1,0.5,-1,-1
121.5,66,-1,0.5,-1,-1
122,52,-1,0.5,-1,-1
122,61,-1,0.5,-1,-1
122,64,-1,0.5,-1,-1
122,76,-1,0.5,-1,-1
122.5,50,-1,0.5,-1,-1
122.5,59,-1,0.5,-1,-1
122.5,62,-1,0.5,-1,-1
122.5,74,-1,0.25,-1,-1
122.75,73,-1,0.5,-1,-1
123,49,-1,0.5,-1,-1
123,57,-1,0.5,-1,-1
123,61,-1,0.5,-1,-1
123.25,74,-1,0.747917,-1,-1
123.5,50,-1,1,-1,-1
123.5,59,-1,1,-1,-1
123.5,62,-1,1,-1,-1
124,74,-1,0.5,-1,-1
124.5,47,-1,0.5,-1,-1
124.5,55,-1,0.5,-1,-1
124.5,59,-1,0.5,-1,-1
124.5,76,-1,0.25,-1,-1
124.75,78,-1,0.5,-1,-1
125,50,-1,0.5,-1,-1
125,59,-1,0.5,-1,-1
125,62,-1,0.5,-1,-1
125.25,74,-1,0.75,-1,-1
125.5,47,-1,0.5,-1,-1
125.5,55,-1,0.5,-1,-1
125.5,59,-1,0.5,-1,-1
126,54,-1,0.5,-1,-1
126,62,-1,0.5,-1,-1
126,66,-1,0.5,-1,-1
126,69,-1,0.5,-1,-1
126.5,47,-1,0.5,-1,-1
126.5,55,-1,0.5,-1,-1
126.5,59,-1,0.5,-1,-1
126.5,78,-1,0.5,-1,-1
127,50,-1,0.5,-1,-1
127,59,-1,0.5,-1,-1
127,62,-1,0.5,-1,-1
127,76,-1,0.75,-1,-1
127.5,47,-1,0.497917,-1,-1
127.5,55,-1,0.497917,-1,-1
127.5,59,-1,0.497917,-1,-1
127.75,74,-1,0.75,-1,-1
128,50,-1,2.5,-1,-1
128,62,-1,2.5,-1,-1
128.5,74,-1,3,-1,-1
130.5,52,-1,0.5,-1,-1
130.5,64,-1,0.5,-1,-1
131,55,-1,0.5,-1,-1
131,67,-1,0.5,-1,-1
131.5,54,-1,0.497917,-1,-1
131.5,66,-1,0.497917,-1,-1
132,50,-1,3.997917,-1,-1
132,62,-1,3.997917,-1,-1
132,66,-1,3.997917,-1,-1
132,50,-1,2.5,-1,-1
132,62,-1,2.5,-1,-1
134.5,52,-1,0.5,-1,-1
134.5,64,-1,0.5,-1,-1
135,55,-1,0.5,-1,-1
135,67,-1,0.5,-1,-1
135.5,54,-1,0.497917,-1,-1
135.5,66,-1,0.497917,-1,-1
136,46,-1,3.997917,-1,-1
136,58,-1,3.997917,-1,-1
136,50,-1,2.5,-1,-1
136,62,-1,2.5,-1,-1
138.5,52,-1,0.5,-1,-1
138.5,64,-1,0.5,-1,-1
139,55,-1,0.5,-1,-1
139,67,-1,0.5,-1,-1
139.5,54,-1,0.497917,-1,-1
139.5,66,-1,0.497917,-1,-1
140,50,-1,3,-1,-1
140,62,-1,3,-1,-1
140,66,-1,3,-1,-1
140,50,-1,2,-1,-1
140,62,-1,2,-1,-1
142,55,-1,1.5,-1,-1
142,67,-1,1.5,-1,-1
144,62,-1,2,-1,-1
144,66,-1,2,-1,-1
144,69,-1,2,-1,-1
144.5,69,-1,0.5,-1,-1
145,69,-1,0.5,-1,-1
145.5,66,-1,0.5,-1,-1
146,62,-1,1.997917,-1,-1
146,66,-1,1.997917,-1,-1
146,69,-1,1.997917,-1,-1
146,67,-1,0.5,-1,-1
146.5,66,-1,0.25,-1,-1
146.75,67,-1,0.5,-1,-1
147.25,69,-1,0.747917,-1,-1
148,59,-1,2,-1,-1
148,62,-1,2,-1,-1
148,71,-1,2,-1,-1
148,66,-1,0.5,-1,-1
148.5,69,-1,0.5,-1,-1
149,74,-1,0.5,-1,-1
149.5,73,-1,0.25,-1,-1
149.75,71,-1,0.75,-1,-1
150,57,-1,1.997917,-1,-1
150,61,-1,1.997917,-1,-1
150,69,-1,1.997917,-1,-1
150.5,69,-1,1.497917,-1,-1
152,66,-1,2,-1,-1
152,69,-1,2,-1,-1
152,71,-1,1,-1,-1
153,74,-1,1,-1,-1
154,69,-1,1,-1,-1
154,73,-1,1,-1,-1
154,73,-1,0.5,-1,-1
154.5,74,-1,0.25,-1,-1
154.75,74,-1,1.247917,-1,-1
155,57,-1,0.997917,-1,-1
155,69,-1,0.997917,-1,-1
155,73,-1,0.997917,-1,-1
156,55,-1,1,-1,-1
156,67,-1,1,-1,-1
156,71,-1,1,-1,-1
156,78,-1,0.5,-1,-1
156.5,74,-1,0.5,-1,-1
157,64,-1,1,-1,-1
157,67,-1,1,-1,-1
157,74,-1,1,-1,-1
157,74,-1,0.5,-1,-1
157.5,69,-1,0.25,-1,-1
157.75,69,-1,0.75,-1,-1
158,67,-1,1.997917,-1,-1
158,71,-1,1.997917,-1,-1
158,74,-1,1.997917,-1,-1
158.5,76,-1,2,-1,-1
160,62,-1,2,-1,-1
160,66,-1,2,-1,-1
160,69,-1,2,-1,-1
160,66,-1,0.5,-1,-1
160,78,-1,0.5,-1,-1
160.5,57,-1,0.5,-1,-1
160.5,69,-1,0.5,-1,-1
161,66,-1,0.5,-1,-1
161,78,-1,0.5,-1,-1
161,69,-1,0.5,-1,-1
161.5,57,-1,0.5,-1,-1
161.5,66,-1,0.5,-1,-1
162,62,-1,1.997917,-1,-1
162,66,-1,1.997917,-1,-1
162,69,-1,1.997917,-1,-1
162,66,-1,0.5,-1,-1
162,78,-1,0.5,-1,-1
162,67,-1,0.5,-1,-1
162.5,57,-1,0.5,-1,-1
162.5,66,-1,0.25,-1,-1
162.75,67,-1,0.5,-1,-1
163,66,-1,0.5,-1,-1
163,78,-1,0.5,-1,-1
163.25,69,-1,0.747917,-1,-1
163.5,57,-1,0.497917,-1,-1
164,59,-1,2,-1,-1
164,62,-1,2,-1,-1
164,71,-1,2,-1,-1
164,66,-1,0.5,-1,-1
164,78,-1,0.5,-1,-1
164,66,-1,0.5,-1,-1
164.5,57,-1,0.5,-1,-1
164.5,69,-1,0.5,-1,-1
165,66,-1,0.5,-1,-1
165,78,-1,0.5,-1,-1
165,74,-1,0.5,-1,-1
165.5,57,-1,0.5,-1,-1
165.5,73,-1,0.25,-1,-1
165.75,71,-1,0.75,-1,-1
166,57,-1,1.997917,-1,-1
166,61,-1,1.997917,-1,-1
166,69,-1,1.997917,-1,-1
166,64,-1,0.5,-1,-1
166,76,-1,0.5,-1,-1
166.5,57,-1,0.5,-1,-1
166.5,69,-1,1.497917,-1,-1
167,66,-1,0.5,-1,-1
167,78,-1,0.5,-1,-1
167.5,57,-1,0.497917,-1,-1
168,66,-1,2,-1,-1
168,69,-1,2,-1,-1
168,66,-1,0.5,-1,-1
168,78,-1,0.5,-1,-1
168,71,-1,1,-1,-1
168.5,57,-1,0.5,-1,-1
169,66,-1,0.5,-1,-1
169,78,-1,0.5,-1,-1
169,74,-1,1,-1,-1
169.5,57,-1,0.5,-1,-1
170,69,-1,1,-1,-1
170,73,-1,1,-1,-1
170,69,-1,0.5,-1,-1
170,81,-1,0.5,-1,-1
170,73,-1,0.5,-1,-1
170.5,66,-1,0.5,-1,-1
170.5,74,-1,0.25,-1,-1
170.75,74,-1,1.247917,-1,-1
171,57,-1,0.997917,-1,-1
171,69,-1,0.997917,-1,-1
171,73,-1,0.997917,-1,-1
171,69,-1,0.5,-1,-1
171,81,-1,0.5,-1,-1
171.5,66,-1,0.497917,-1,-1
172,55,-1,1,-1,-1
172,67,-1,1,-1,-1
172,71,-1,1,-1,-1
172,66,-1,0.5,-1,-1
172,78,-1,0.5,-1,-1
172,78,-1,0.5,-1,-1
172.5,62,-1,0.5,-1,-1
172.5,74,-1,0.5,-1,-1
173,64,-1,1,-1,-1
173,67,-1,1,-1,-1
173,74,-1,1,-1,-1
173,66,-1,0.5,-1,-1
173,78,-1,0.5,-1,-1
173,74,-1,0.5,-1,-1
173.5,62,-1,0.5,-1,-1
173.5,76,-1,0.25,-1,-1
173.75,78,-1,0.75,-1,-1
174,67,-1,1.997917,-1,-1
174,71,-1,1.997917,-1,-1
174,74,-1,1.997917,-1,-1
174,64,-1,0.5,-1,-1
174,76,-1,0.5,-1,-1
174.5,57,-1,0.5,-1,-1
174.5,76,-1,1.497917,-1,-1
175,64,-1,0.5,-1,-1
175,76,-1,0.5,-1,-1
175.5,57,-1,0.497917,-1,-1
176,61,-1,0.5,-1,-1
176,73,-1,0.5,-1,-1
176,73,-1,0.5,-1,-1
176.5,64,-1,0.5,-1,-1
176.5,76,-1,0.5,-1,-1
176.5,73,-1,0.25,-1,-1
176.75,73,-1,0.75,-1,-1
177,61,-1,0.5,-1,-1
177,73,-1,0.5,-1,-1
177.5,56,-1,0.5,-1,-1
177.5,68,-1,0.5,-1,-1
177.5,71,-1,0.25,-1,-1
177.75,70,-1,0.75,-1,-1
178,61,-1,0.5,-1,-1
178,73,-1,0.5,-1,-1
178.5,64,-1,0.5,-1,-1
178.5,76,-1,0.5,-1,-1
178.5,71,-1,0.25,-1,-1
178.75,73,-1,0.5,-1,-1
179,61,-1,0.5,-1,-1
179,73,-1,0.5,-1,-1
179.25,76,-1,0.747917,-1,-1
179.5,54,-1,0.497917,-1,-1
179.5,66,-1,0.497917,-1,-1
180,62,-1,0.5,-1,-1
180,74,-1,0.5,-1,-1
180,74,-1,0.5,-1,-1
180.5,54,-1,0.5,-1,-1
180.5,66,-1,0.5,-1,-1
180.5,74,-1,0.25,-1,-1
180.75,74,-1,0.75,-1,-1
181,57,-1,0.5,-1,-1
181,69,-1,0.5,-1,-1
181.5,54,-1,0.5,-1,-1
181.5,66,-1,0.5,-1,-1
181.5,73,-1,0.25,-1,-1
181.75,71,-1,0.75,-1,-1
182,59,-1,0.5,-1,-1
182,71,-1,0.5,-1,-1
182.5,54,-1,0.5,-1,-1
182.5,66,-1,0.5,-1,-1
182.5,73,-1,0.25,-1,-1
182.75,74,-1,0.5,-1,-1
183,57,-1,0.5,-1,-1
183,69,-1,0.5,-1,-1
183.25,78,-1,0.747917,-1,-1
183.5,54,-1,0.497917,-1,-1
183.5,66,-1,0.497917,-1,-1
184,62,-1,0.5,-1,-1
184,74,-1,0.5,-1,-1
184,78,-1,0.5,-1,-1
184.5,54,-1,0.5,-1,-1
184.5,66,-1,0.5,-1,-1
184.5,76,-1,0.25,-1,-1
184.75,76,-1,0.75,-1,-1
185,62,-1,0.5,-1,-1
185,74,-1,0.5,-1,-1
185.5,54,-1,0.5,-1,-1
185.5,66,-1,0.5,-1,-1
185.5,74,-1,0.25,-1,-1
185.75,74,-1,0.75,-1,-1
186,64,-1,0.5,-1,-1
186,76,-1,0.5,-1,-1
186.5,61,-1,0.5,-1,-1
186.5,73,-1,0.5,-1,-1
186.5,69,-1,0.25,-1,-1
186.75,76,-1,0.5,-1,-1
187,62,-1,0.5,-1,-1
187,74,-1,0.5,-1,-1
187.25,74,-1,0.747917,-1,-1
187.5,54,-1,0.497917,-1,-1
187.5,66,-1,0.497917,-1,-1
188,64,-1,0.5,-1,-1
188,76,-1,0.5,-1,-1
188,67,-1,0.5,-1,-1
188,71,-1,0.5,-1,-1
188.5,61,-1,0.5,-1,-1
188.5,73,-1,0.5,-1,-1
188.5,69,-1,0.25,-1,-1
188.5,73,-1,0.25,-1,-1
188.75,71,-1,0.5,-1,-1
188.75,74,-1,0.5,-1,-1
189,62,-1,0.5,-1,-1
189,74,-1,0.5,-1,-1
189.25,71,-1,0.75,-1,-1
189.25,74,-1,0.75,-1,-1
189.5,54,-1,0.5,-1,-1
189.5,66,-1,0.5,-1,-1
190,64,-1,0.5,-1,-1
190,76,-1,0.5,-1,-1
190,71,-1,0.5,-1,-1
190,74,-1,0.5,-1,-1
190.5,61,-1,0.5,-1,-1
190.5,73,-1,0.5,-1,-1
190.5,69,-1,0.25,-1,-1
190.5,73,-1,0.25,-1,-1
190.75,71,-1,0.5,-1,-1
190.75,74,-1,0.5,-1,-1
191,62,-1,0.5,-1,-1
191,74,-1,0.5,-1,-1
191.25,73,-1,0.747917,-1,-1
191.25,76,-1,0.747917,-1,-1
191.5,54,-1,1,-1,-1
191.5,66,-1,1,-1,-1
192,74,-1,1,-1,-1
192,78,-1,1,-1,-1
192.5,59,-1,0.5,-1,-1
193,54,-1,0.5,-1,-1
193,66,-1,0.5,-1,-1
193,74,-1,0.5,-1,-1
193,78,-1,0.5,-1,-1
193.5,59,-1,0.5,-1,-1
193.5,73,-1,0.25,-1,-1
193.5,76,-1,0.25,-1,-1
193.75,74,-1,0.5,-1,-1
193.75,78,-1,0.5,-1,-1
194,52,-1,0.5,-1,-1
194,64,-1,0.5,-1,-1
194.25,73,-1,1.25,-1,-1
194.25,76,-1,1.25,-1,-1
194.5,57,-1,0.5,-1,-1
195,52,-1,0.5,-1,-1
195,64,-1,0.5,-1,-1
195.5,54,-1,0.497917,-1,-1
195.5,66,-1,0.497917,-1,-1
195.5,73,-1,0.25,-1,-1
195.5,76,-1,0.25,-1,-1
195.75,74,-1,0.75,-1,-1
195.75,78,-1,0.75,-1,-1
196,50,-1,0.5,-1,-1
196,62,-1,0.5,-1,-1
196.5,57,-1,0.5,-1,-1
196.5,69,-1,0.5,-1,-1
196.5,69,-1,0.5,-1,-1
196.5,81,-1,0.5,-1,-1
197,50,-1,0.5,-1,-1
197,62,-1,0.5,-1,-1
197,66,-1,0.5,-1,-1
197,78,-1,0.5,-1,-1
197.5,57,-1,0.5,-1,-1
197.5,69,-1,0.5,-1,-1
197.5,69,-1,0.5,-1,-1
197.5,81,-1,0.5,-1,-1
198,52,-1,0.5,-1,-1
198,64,-1,0.5,-1,-1
198,76,-1,0.75,-1,-1
198,88,-1,0.75,-1,-1
198.5,57,-1,0.5,-1,-1
198.5,69,-1,0.5,-1,-1
198.75,79,-1,0.75,-1,-1
198.75,91,-1,0.75,-1,-1
199,50,-1,0.5,-1,-1
199,62,-1,0.5,-1,-1
199.5,57,-1,0.497917,-1,-1
199.5,69,-1,0.497917,-1,-1
199.5,78,-1,1,-1,-1
199.5,90,-1,1,-1,-1
200,49,-1,0.5,-1,-1
200,61,-1,0.5,-1,-1
200.5,57,-1,0.5,-1,-1
200.5,69,-1,0.5,-1,-1
200.5,69,-1,0.5,-1,-1
200.5,81,-1,0.5,-1,-1
201,49,-1,0.5,-1,-1
201,61,-1,0.5,-1,-1
201,66,-1,0.5,-1,-1
201,78,-1,0.5,-1,-1
201.5,57,-1,0.5,-1,-1
201.5,69,-1,0.5,-1,-1
201.5,69,-1,0.5,-1,-1
201.5,81,-1,0.5,-1,-1
202,50,-1,0.5,-1,-1
202,62,-1,0.5,-1,-1
202,76,-1,0.75,-1,-1
202,88,-1,0.75,-1,-1
202.5,57,-1,0.5,-1,-1
202.5,69,-1,0.5,-1,-1
202.75,79,-1,0.75,-1,-1
202.75,91,-1,0.75,-1,-1
203,49,-1,0.5,-1,-1
203,61,-1,0.5,-1,-1
203.5,57,-1,0.497917,-1,-1
203.5,69,-1,0.497917,-1,-1
203.5,78,-1,1,-1,-1
203.5,90,-1,1,-1,-1
204,50,-1,0.5,-1,-1
204,62,-1,0.5,-1,-1
204.5,45,-1,0.5,-1,-1
204.5,57,-1,0.5,-1,-1
204.5,69,-1,0.5,-1,-1
204.5,81,-1,0.5,-1,-1
205,50,-1,0.5,-1,-1
205,62,-1,0.5,-1,-1
205,66,-1,0.5,-1,-1
205,78,-1,0.5,-1,-1
205.5,45,-1,0.5,-1,-1
205.5,57,-1,0.5,-1,-1
205.5,69,-1,0.5,-1,-1
205.5,81,-1,0.5,-1,-1
206,52,-1,0.5,-1,-1
206,64,-1,0.5,-1,-1
206,76,-1,0.75,-1,-1
206,88,-1,0.75,-1,-1
206.5,45,-1,0.5,-1,-1
206.5,57,-1,0.5,-1,-1
206.75,79,-1,0.75,-1,-1
206.75,91,-1,0.75,-1,-1
207,50,-1,0.5,-1,-1
207,62,-1,0.5,-1,-1
207.5,45,-1,0.497917,-1,-1
207.5,57,-1,0.497917,-1,-1
207.5,78,-1,0.497917,-1,-1
207.5,90,-1,0.497917,-1,-1
208,50,-1,0.5,-1,-1
208,62,-1,0.5,-1,-1
208,76,-1,0.5,-1,-1
208,88,-1,0.5,-1,-1
208.5,45,-1,0.5,-1,-1
208.5,57,-1,0.5,-1,-1
208.5,74,-1,0.5,-1,-1
208.5,86,-1,0.5,-1,-1
209,50,-1,0.5,-1,-1
209,62,-1,0.5,-1,-1
209,76,-1,0.5,-1,-1
209,88,-1,0.5,-1,-1
209.5,45,-1,0.5,-1,-1
209.5,57,-1,0.5,-1,-1
209.5,78,-1,0.25,-1,-1
209.5,90,-1,0.25,-1,-1
209.75,76,-1,0.5,-1,-1
209.75,88,-1,0.5,-1,-1
210,52,-1,0.5,-1,-1
210,64,-1,0.5,-1,-1
210.25,74,-1,2.25,-1,-1
210.25,86,-1,2.25,-1,-1
210.5,45,-1,0.5,-1,-1
210.5,57,-1,0.5,-1,-1
211,50,-1,0.5,-1,-1
211,62,-1,0.5,-1,-1
211.5,45,-1,0.497917,-1,-1
211.5,57,-1,0.497917,-1,-1
212,55,-1,0.5,-1,-1
212,62,-1,0.5,-1,-1
212.5,59,-1,0.5,-1,-1
212.5,71,-1,0.5,-1,-1
212.5,83,-1,0.5,-1,-1
213,55,-1,0.5,-1,-1
213,62,-1,0.5,-1,-1
213,71,-1,0.5,-1,-1
213,83,-1,0.5,-1,-1
213.5,59,-1,0.5,-1,-1
213.5,67,-1,0.5,-1,-1
213.5,79,-1,0.5,-1,-1
214,62,-1,0.5,-1,-1
214,69,-1,0.5,-1,-1
214,78,-1,0.5,-1,-1
214,90,-1,0.5,-1,-1
214.5,64,-1,0.5,-1,-1
214.5,76,-1,0.25,-1,-1
214.5,88,-1,0.25,-1,-1
214.75,78,-1,0.5,-1,-1
214.75,90,-1,0.5,-1,-1
215,62,-1,0.5,-1,-1
215,69,-1,0.5,-1,-1
215.25,76,-1,1.25,-1,-1
215.25,88,-1,1.25,-1,-1
215.5,64,-1,0.497917,-1,-1
216,49,-1,0.5,-1,-1
216,57,-1,0.5,-1,-1
216,61,-1,0.5,-1,-1
216.5,54,-1,0.5,-1,-1
216.5,57,-1,0.5,-1,-1
216.5,69,-1,0.5,-1,-1
216.5,81,-1,0.5,-1,-1
217,49,-1,0.5,-1,-1
217,57,-1,0.5,-1,-1
217,61,-1,0.5,-1,-1
217,69,-1,0.5,-1,-1
217,81,-1,0.5,-1,-1
217.5,54,-1,0.5,-1,-1
217.5,57,-1,0.5,-1,-1
217.5,66,-1,0.5,-1,-1
217.5,78,-1,0.5,-1,-1
218,52,-1,0.5,-1,-1
218,61,-1,0.5,-1,-1
218,64,-1,0.5,-1,-1
218,76,-1,0.5,-1,-1
218,88,-1,0.5,-1,-1
218.5,50,-1,0.5,-1,-1
218.5,59,-1,0.5,-1,-1
218.5,62,-1,0.5,-1,-1
218.5,74,-1,0.25,-1,-1
218.5,86,-1,0.25,-1,-1
218.75,76,-1,0.5,-1,-1
218.75,88,-1,0.5,-1,-1
219,49,-1,0.5,-1,-1
219,57,-1,0.5,-1,-1
219,61,-1,0.5,-1,-1
219.25,74,-1,0.747917,-1,-1
219.25,86,-1,0.747917,-1,-1
219.5,50,-1,1,-1,-1
219.5,59,-1,1,-1,-1
219.5,62,-1,1,-1,-1
220,74,-1,0.5,-1,-1
220,86,-1,0.5,-1,-1
220.5,47,-1,0.5,-1,-1
220.5,55,-1,0.5,-1,-1
220.5,59,-1,0.5,-1,-1
220.5,76,-1,0.25,-1,-1
220.5,88,-1,0.25,-1,-1
220.75,78,-1,0.5,-1,-1
220.75,90,-1,0.5,-1,-1
221,50,-1,0.5,-1,-1
221,59,-1,0.5,-1,-1
221,62,-1,0.5,-1,-1
221.25,74,-1,0.75,-1,-1
221.25,86,-1,0.75,-1,-1
221.5,47,-1,0.5,-1,-1
221.5,55,-1,0.5,-1,-1
221.5,59,-1,0.5,-1,-1
222,54,-1,0.5,-1,-1
222,62,-1,0.5,-1,-1
222,66,-1,0.5,-1,-1
222,74,-1,0.5,-1,-1
222,86,-1,0.5,-1,-1
222.5,47,-1,0.5,-1,-1
222.5,55,-1,0.5,-1,-1
222.5,59,-1,0.5,-1,-1
222.5,76,-1,0.25,-1,-1
222.5,88,-1,0.25,-1,-1
222.75,78,-1,0.5,-1,-1
222.75,90,-1,0.5,-1,-1
223,50,-1,0.5,-1,-1
223,59,-1,0.5,-1,-1
223,62,-1,0.5,-1,-1
223.25,74,-1,0.5,-1,-1
223.25,86,-1,0.5,-1,-1
223.5,47,-1,0.497917,-1,-1
223.5,55,-1,0.497917,-1,-1
223.5,59,-1,0.497917,-1,-1
223.75,76,-1,0.247917,-1,-1
223.75,88,-1,0.247917,-1,-1
224,50,-1,0.5,-1,-1
224,59,-1,0.5,-1,-1
224,62,-1,0.5,-1,-1
224,78,-1,1,-1,-1
224,90,-1,1,-1,-1
224.5,47,-1,0.5,-1,-1
224.5,55,-1,0.5,-1,-1
224.5,59,-1,0.5,-1,-1
225,50,-1,0.5,-1,-1
225,59,-1,0.5,-1,-1
225,62,-1,0.5,-1,-1
225,78,-1,0.5,-1,-1
225,90,-1,0.5,-1,-1
225.5,47,-1,0.5,-1,-1
225.5,55,-1,0.5,-1,-1
225.5,59,-1,0.5,-1,-1
225.5,79,-1,0.25,-1,-1
225.5,91,-1,0.25,-1,-1
225.75,78,-1,0.5,-1,-1
225.75,90,-1,0.5,-1,-1
226,57,-1,0.5,-1,-1
226,66,-1,0.5,-1,-1
226,69,-1,0.5,-1,-1
226.25,76,-1,1.25,-1,-1
226.25,88,-1,1.25,-1,-1
226.5,52,-1,0.5,-1,-1
226.5,64,-1,0.5,-1,-1
227,57,-1,0.5,-1,-1
227,66,-1,0.5,-1,-1
227,69,-1,0.5,-1,-1
227.5,52,-1,0.497917,-1,-1
227.5,64,-1,0.497917,-1,-1
227.5,76,-1,0.25,-1,-1
227.5,88,-1,0.25,-1,-1
227.75,78,-1,0.75,-1,-1
227.75,90,-1,0.75,-1,-1
228,50,-1,0.5,-1,-1
228,62,-1,0.5,-1,-1
228.5,57,-1,0.5,-1,-1
228.5,69,-1,0.5,-1,-1
228.5,69,-1,0.5,-1,-1
228.5,81,-1,0.5,-1,-1
229,50,-1,0.5,-1,-1
229,62,-1,0.5,-1,-1
229,66,-1,0.5,-1,-1
229,78,-1,0.5,-1,-1
229.5,57,-1,0.5,-1,-1
229.5,69,-1,0.5,-1,-1
229.5,69,-1,0.5,-1,-1
229.5,81,-1,0.5,-1,-1
230,52,-1,0.5,-1,-1
230,64,-1,0.5,-1,-1
230,76,-1,0.75,-1,-1
230,88,-1,0.75,-1,-1
230.5,57,-1,0.5,-1,-1
230.5,69,-1,0.5,-1,-1
230.75,79,-1,0.75,-1,-1
230.75,91,-1,0.75,-1,-1
231,50,-1,0.5,-1,-1
231,62,-1,0.5,-1,-1
231.5,57,-1,0.497917,-1,-1
231.5,69,-1,0.497917,-1,-1
231.5,78,-1,1,-1,-1
231.5,90,-1,1,-1,-1
232,49,-1,0.5,-1,-1
232,61,-1,0.5,-1,-1
232.5,57,-1,0.5,-1,-1
232.5,69,-1,0.5,-1,-1
232.5,69,-1,0.5,-1,-1
232.5,81,-1,0.5,-1,-1
233,49,-1,0.5,-1,-1
233,61,-1,0.5,-1,-1
233,66,-1,0.5,-1,-1
233,78,-1,0.5,-1,-1
233.5,57,-1,0.5,-1,-1
233.5,69,-1,0.5,-1,-1
233.5,69,-1,0.5,-1,-1
233.5,81,-1,0.5,-1,-1
234,50,-1,0.5,-1,-1
234,62,-1,0.5,-1,-1
234,76,-1,0.75,-1,-1
234,88,-1,0.75,-1,-1
234.5,57,-1,0.5,-1,-1
234.5,69,-1,0.5,-1,-1
234.75,79,-1,0.75,-1,-1
234.75,91,-1,0.75,-1,-1
235,49,-1,0.5,-1,-1
235,61,-1,0.5,-1,-1
235.5,57,-1,0.497917,-1,-1
235.5,69,-1,0.497917,-1,-1
235.5,78,-1,1,-1,-1
235.5,90,-1,1,-1,-1
236,50,-1,0.5,-1,-1
236,62,-1,0.5,-1,-1
236.5,45,-1,0.5,-1,-1
236.5,57,-1,0.5,-1,-1
236.5,69,-1,0.5,-1,-1
236.5,81,-1,0.5,-1,-1
237,50,-1,0.5,-1,-1
237,62,-1,0.5,-1,-1
237,66,-1,0.5,-1,-1
237,78,-1,0.5,-1,-1
237.5,45,-1,0.5,-1,-1
237.5,57,-1,0.5,-1,-1
237.5,69,-1,0.5,-1,-1
237.5,81,-1,0.5,-1,-1
238,52,-1,0.5,-1,-1
238,64,-1,0.5,-1,-1
238,76,-1,0.75,-1,-1
238,88,-1,0.75,-1,-1
238.5,45,-1,0.5,-1,-1
238.5,57,-1,0.5,-1,-1
238.75,79,-1,0.75,-1,-1
238.75,91,-1,0.75,-1,-1
239,50,-1,0.5,-1,-1
239,62,-1,0.5,-1,-1
239.5,45,-1,0.497917,-1,-1
239.5,57,-1,0.497917,-1,-1
239.5,78,-1,0.497917,-1,-1
239.5,90,-1,0.497917,-1,-1
240,50,-1,0.5,-1,-1
240,62,-1,0.5,-1,-1
240,76,-1,0.5,-1,-1
240,88,-1,0.5,-1,-1
240.5,45,-1,0.5,-1,-1
240.5,57,-1,0.5,-1,-1
240.5,74,-1,0.5,-1,-1
240.5,86,-1,0.5,-1,-1
241,50,-1,0.5,-1,-1
241,62,-1,0.5,-1,-1
241,76,-1,0.5,-1,-1
241,88,-1,0.5,-1,-1
241.5,45,-1,0.5,-1,-1
241.5,57,-1,0.5,-1,-1
241.5,78,-1,0.25,-1,-1
241.5,90,-1,0.25,-1,-1
241.75,76,-1,0.5,-1,-1
241.75,88,-1,0.5,-1,-1
242,52,-1,0.5,-1,-1
242,64,-1,0.5,-1,-1
242.25,74,-1,2.25,-1,-1
242.25,86,-1,2.25,-1,-1
242.5,45,-1,0.5,-1,-1
242.5,57,-1,0.5,-1,-1
243,50,-1,0.5,-1,-1
243,62,-1,0.5,-1,-1
243.5,45,-1,0.497917,-1,-1
243.5,57,-1,0.497917,-1,-1
244,55,-1,0.5,-1,-1
244,62,-1,0.5,-1,-1
244.5,59,-1,0.5,-1,-1
244.5,71,-1,0.5,-1,-1
244.5,83,-1,0.5,-1,-1
245,55,-1,0.5,-1,-1
245,62,-1,0.5,-1,-1
245,71,-1,0.5,-1,-1
245,83,-1,0.5,-1,-1
245.5,59,-1,0.5,-1,-1
245.5,67,-1,0.5,-1,-1
245.5,79,-1,0.5,-1,-1
246,62,-1,0.5,-1,-1
246,69,-1,0.5,-1,-1
246,78,-1,0.5,-1,-1
246,90,-1,0.5,-1,-1
246.5,64,-1,0.5,-1,-1
246.5,76,-1,0.25,-1,-1
246.5,88,-1,0.25,-1,-1
246.75,78,-1,0.5,-1,-1
246.75,90,-1,0.5,-1,-1
247,62,-1,0.5,-1,-1
247,69,-1,0.5,-1,-1
247.25,76,-1,1.25,-1,-1
247.25,88,-1,1.25,-1,-1
247.5,64,-1,0.497917,-1,-1
248,49,-1,0.5,-1,-1
248,57,-1,0.5,-1,-1
248,61,-1,0.5,-1,-1
248.5,54,-1,0.5,-1,-1
248.5,57,-1,0.5,-1,-1
248.5,69,-1,0.5,-1,-1
248.5,81,-1,0.5,-1,-1
249,49,-1,0.5,-1,-1
249,57,-1,0.5,-1,-1
249,61,-1,0.5,-1,-1
249,69,-1,0.5,-1,-1
249,81,-1,0.5,-1,-1
249.5,54,-1,0.5,-1,-1
249.5,57,-1,0.5,-1,-1
249.5,66,-1,0.5,-1,-1
249.5,78,-1,0.5,-1,-1
250,52,-1,0.5,-1,-1
250,61,-1,0.5,-1,-1
250,64,-1,0.5,-1,-1
250,76,-1,0.5,-1,-1
250,88,-1,0.5,-1,-1
250.5,50,-1,0.5,-1,-1
250.5,59,-1,0.5,-1,-1
250.5,62,-1,0.5,-1,-1
250.5,74,-1,0.25,-1,-1
250.5,86,-1,0.25,-1,-1
250.75,73,-1,0.5,-1,-1
250.75,85,-1,0.5,-1,-1
251,49,-1,0.5,-1,-1
251,57,-1,0.5,-1,-1
251,61,-1,0.5,-1,-1
251.25,74,-1,0.747917,-1,-1
251.25,86,-1,0.747917,-1,-1
251.5,50,-1,1,-1,-1
251.5,59,-1,1,-1,-1
251.5,62,-1,1,-1,-1
252,74,-1,0.5,-1,-1
252,86,-1,0.5,-1,-1
252.5,47,-1,0.5,-1,-1
252.5,55,-1,0.5,-1,-1
252.5,59,-1,0.5,-1,-1
252.5,76,-1,0.25,-1,-1
252.5,88,-1,0.25,-1,-1
252.75,78,-1,0.5,-1,-1
252.75,90,-1,0.5,-1,-1
253,50,-1,0.5,-1,-1
253,59,-1,0.5,-1,-1
253,62,-1,0.5,-1,-1
253.25,74,-1,0.75,-1,-1
253.25,86,-1,0.75,-1,-1
253.5,47,-1,0.5,-1,-1
253.5,55,-1,0.5,-1,-1
253.5,59,-1,0.5,-1,-1
254,54,-1,0.5,-1,-1
254,62,-1,0.5,-1,-1
254,66,-1,0.5,-1,-1
254,69,-1,0.5,-1,-1
254,81,-1,0.5,-1,-1
254.5,47,-1,0.5,-1,-1
254.5,55,-1,0.5,-1,-1
254.5,59,-1,0.5,-1,-1
254.5,78,-1,0.5,-1,-1
254.5,90,-1,0.5,-1,-1
255,50,-1,0.5,-1,-1
255,59,-1,0.5,-1,-1
255,62,-1,0.5,-1,-1
255,76,-1,0.75,-1,-1
255,88,-1,0.75,-1,-1
255.5,47,-1,0.497917,-1,-1
255.5,55,-1,0.497917,-1,-1
255.5,59,-1,0.497917,-1,-1
255.75,74,-1,0.75,-1,-1
255.75,86,-1,0.75,-1,-1
256,50,-1,2.5,-1,-1
256,62,-1,2.5,-1,-1
256.5,74,-1,3,-1,-1
256.5,86,-1,3,-1,-1
258.5,52,-1,0.5,-1,-1
258.5,64,-1,0.5,-1,-1
259,55,-1,0.5,-1,-1
259,67,-1,0.5,-1,-1
259.5,54,-1,0.497917,-1,-1
259.5,66,-1,0.497917,-1,-1
260,66,-1,0.5,-1,-1
260,78,-1,0.5,-1,-1
260.5,57,-1,0.5,-1,-1
261,64,-1,0.5,-1,-1
261,76,-1,0.5,-1,-1
261.5,61,-1,0.5,-1,-1
261.5,73,-1,0.5,-1,-1
262,64,-1,0.5,-1,-1
262,76,-1,0.5,-1,-1
262.5,62,-1,0.5,-1,-1
262.5,74,-1,0.5,-1,-1
263,61,-1,0.5,-1,-1
263,73,-1,0.5,-1,-1
263.5,62,-1,0.497917,-1,-1
263.5,74,-1,0.497917,-1,-1
264,62,-1,0.5,-1,-1
264,74,-1,0.5,-1,-1
264.5,52,-1,0.5,-1,-1
264.5,76,-1,0.25,-1,-1
264.75,78,-1,0.5,-1,-1
265,55,-1,0.5,-1,-1
265.25,74,-1,0.75,-1,-1
265.5,62,-1,2.497917,-1,-1
266,69,-1,0.5,-1,-1
266.5,78,-1,0.5,-1,-1
267,76,-1,0.75,-1,-1
267.75,74,-1,0.75,-1,-1
268,55,-1,0.5,-1,-1
268,62,-1,0.5,-1,-1
268.5,57,-1,0.5,-1,-1
268.5,74,-1,3,-1,-1
269,55,-1,0.5,-1,-1
269.5,57,-1,0.5,-1,-1
270,55,-1,0.5,-1,-1
270.5,57,-1,0.5,-1,-1
271,58,-1,0.5,-1,-1
271.5,57,-1,0.497917,-1,-1
271.5,60,-1,0.497917,-1,-1
272,62,-1,5,-1,-1
272,66,-1,5,-1,-1