0,62,-1,1.75,-1,-1
0,65,-1,1.75,-1,-1
0,74,-1,3,-1,-1
2,60,-1,1.75,-1,-1
2,64,-1,1.75,-1,-1
3,72,-1,1,-1,-1
4,56,-1,1.75,-1,-1
4,59,-1,1.75,-1,-1
4,71,-1,2,-1,-1
6,57,-1,1.75,-1,-1
6,60,-1,1.75,-1,-1
6,64,-1,1.75,-1,-1
6,72,-1,1.333333,-1,-1
7.5,72,-1,0.489583,-1,-1
8,62,-1,1.75,-1,-1
8,65,-1,1.75,-1,-1
8,74,-1,3,-1,-1
8.5,50,-1,0.489583,-1,-1
9,53,-1,0.489583,-1,-1
9.5,45,-1,0.489583,-1,-1
10,48,-1,0.489583,-1,-1
10,60,-1,1.75,-1,-1
10,64,-1,1.75,-1,-1
10.5,48,-1,0.489583,-1,-1
11,52,-1,0.489583,-1,-1
11,72,-1,1,-1,-1
11.5,45,-1,0.489583,-1,-1
12,44,-1,0.489583,-1,-1
12,56,-1,1.75,-1,-1
12,59,-1,1.75,-1,-1
12,68,-1,1.333333,-1,-1
12.5,44,-1,0.489583,-1,-1
13,47,-1,0.489583,-1,-1
13.5,44,-1,0.489583,-1,-1
13.5,69,-1,0.239583,-1,-1
13.75,71,-1,0.239583,-1,-1
14,45,-1,0.489583,-1,-1
14,57,-1,1.75,-1,-1
14,60,-1,1.75,-1,-1
14,64,-1,1.75,-1,-1
14,72,-1,0.489583,-1,-1
14.5,45,-1,0.489583,-1,-1
14.5,71,-1,0.489583,-1,-1
15,47,-1,0.239583,-1,-1
15,69,-1,0.833333,-1,-1
15.25,48,-1,0.239583,-1,-1
15.5,45,-1,0.489583,-1,-1
16,50,-1,0.489583,-1,-1
16,62,-1,1.75,-1,-1
16,65,-1,1.75,-1,-1
16,74,-1,3,-1,-1
16.5,50,-1,0.489583,-1,-1
17,53,-1,0.489583,-1,-1
17.5,45,-1,0.489583,-1,-1
18,48,-1,0.489583,-1,-1
18,60,-1,1.75,-1,-1
18,64,-1,1.75,-1,-1
18.5,48,-1,0.489583,-1,-1
19,52,-1,0.489583,-1,-1
19,72,-1,1,-1,-1
19.5,45,-1,0.489583,-1,-1
20,44,-1,0.489583,-1,-1
20,56,-1,1.75,-1,-1
20,59,-1,1.75,-1,-1
20,71,-1,2,-1,-1
20.5,44,-1,0.489583,-1,-1
21,47,-1,0.489583,-1,-1
21.5,44,-1,0.489583,-1,-1
22,45,-1,0.489583,-1,-1
22,57,-1,1.75,-1,-1
22,60,-1,1.75,-1,-1
22,64,-1,1.75,-1,-1
22,69,-1,1.75,-1,-1
22.5,45,-1,0.489583,-1,-1
23,47,-1,0.239583,-1,-1
23.25,48,-1,0.239583,-1,-1
23.25,72,-1,0.239583,-1,-1
23.5,45,-1,0.489583,-1,-1
23.5,72,-1,0.239583,-1,-1
23.75,69,-1,0.239583,-1,-1
24,50,-1,0.489583,-1,-1
24,62,-1,1.75,-1,-1
24,65,-1,1.75,-1,-1
24,72,-1,0.489583,-1,-1
24.5,45,-1,0.489583,-1,-1
24.5,69,-1,0.239583,-1,-1
24.75,69,-1,0.489583,-1,-1
25,53,-1,0.489583,-1,-1
25.25,72,-1,0.489583,-1,-1
25.5,45,-1,0.489583,-1,-1
25.75,72,-1,0.239583,-1,-1
26,48,-1,0.489583,-1,-1
26,60,-1,1.75,-1,-1
26,64,-1,1.75,-1,-1
26,72,-1,0.489583,-1,-1
26.5,48,-1,0.489583,-1,-1
26.5,69,-1,0.239583,-1,-1
26.75,72,-1,0.833333,-1,-1
27,52,-1,0.489583,-1,-1
27.5,45,-1,0.489583,-1,-1
27.75,72,-1,0.239583,-1,-1
28,44,-1,0.489583,-1,-1
28,56,-1,1.75,-1,-1
28,59,-1,1.75,-1,-1
28,71,-1,0.239583,-1,-1
28.25,69,-1,0.239583,-1,-1
28.5,44,-1,0.489583,-1,-1
28.5,71,-1,0.239583,-1,-1
28.75,69,-1,0.239583,-1,-1
29,47,-1,0.489583,-1,-1
29,71,-1,0.489583,-1,-1
29.5,44,-1,0.489583,-1,-1
29.5,69,-1,0.239583,-1,-1
29.75,72,-1,0.489583,-1,-1
30,45,-1,0.489583,-1,-1
30,57,-1,1.75,-1,-1
30,60,-1,1.75,-1,-1
30,64,-1,1.75,-1,-1
30.25,69,-1,0.489583,-1,-1
30.5,45,-1,0.489583,-1,-1
30.75,69,-1,0.833333,-1,-1
31,47,-1,0.239583,-1,-1
31.25,48,-1,0.239583,-1,-1
31.5,45,-1,0.489583,-1,-1
32,50,-1,0.489583,-1,-1
32,62,-1,1.75,-1,-1
32,65,-1,1.75,-1,-1
32,72,-1,0.239583,-1,-1
32.25,72,-1,0.239583,-1,-1
32.5,45,-1,0.489583,-1,-1
32.5,69,-1,0.239583,-1,-1
32.75,72,-1,0.489583,-1,-1
33,53,-1,0.489583,-1,-1
33.25,72,-1,0.239583,-1,-1
33.5,45,-1,0.489583,-1,-1
33.5,69,-1,0.239583,-1,-1
33.75,72,-1,0.489583,-1,-1
34,48,-1,0.489583,-1,-1
34,60,-1,1.75,-1,-1
34,64,-1,1.75,-1,-1
34.25,72,-1,0.239583,-1,-1
34.5,48,-1,0.489583,-1,-1
34.5,69,-1,0.239583,-1,-1
34.75,72,-1,0.833333,-1,-1
35,52,-1,0.489583,-1,-1
35.5,45,-1,0.489583,-1,-1
35.75,72,-1,0.239583,-1,-1
36,44,-1,0.489583,-1,-1
36,56,-1,1.75,-1,-1
36,59,-1,1.75,-1,-1
36,71,-1,0.239583,-1,-1
36.25,69,-1,0.239583,-1,-1
36.5,44,-1,0.489583,-1,-1
36.5,71,-1,0.239583,-1,-1
36.75,69,-1,0.239583,-1,-1
37,47,-1,0.489583,-1,-1
37,71,-1,0.489583,-1,-1
37.5,44,-1,0.489583,-1,-1
37.5,69,-1,0.239583,-1,-1
37.75,72,-1,0.489583,-1,-1
38,45,-1,0.489583,-1,-1
38,57,-1,1.75,-1,-1
38,60,-1,1.75,-1,-1
38,64,-1,1.75,-1,-1
38.25,69,-1,0.489583,-1,-1
38.5,45,-1,0.489583,-1,-1
38.75,69,-1,0.833333,-1,-1
39,47,-1,0.239583,-1,-1
39.25,48,-1,0.239583,-1,-1
39.5,45,-1,0.489583,-1,-1
39.75,69,-1,0.239583,-1,-1
40,50,-1,0.489583,-1,-1
40,62,-1,1.75,-1,-1
40,65,-1,1.75,-1,-1
40,72,-1,0.239583,-1,-1
40.25,71,-1,0.239583,-1,-1
40.5,45,-1,0.489583,-1,-1
40.5,69,-1,0.239583,-1,-1
40.75,72,-1,0.489583,-1,-1
41,53,-1,0.489583,-1,-1
41.25,71,-1,0.239583,-1,-1
41.5,45,-1,0.489583,-1,-1
41.5,69,-1,0.239583,-1,-1
41.75,72,-1,0.489583,-1,-1
42,48,-1,0.489583,-1,-1
42,60,-1,1.75,-1,-1
42,64,-1,1.75,-1,-1
42.25,71,-1,0.239583,-1,-1
42.5,48,-1,0.489583,-1,-1
42.5,69,-1,0.239583,-1,-1
42.75,72,-1,0.833333,-1,-1
43,52,-1,0.489583,-1,-1
43.5,45,-1,0.489583,-1,-1
44,44,-1,0.489583,-1,-1
44,56,-1,1.75,-1,-1
44,59,-1,1.75,-1,-1
44,71,-1,0.239583,-1,-1
44.25,69,-1,0.239583,-1,-1
44.5,44,-1,0.489583,-1,-1
44.5,71,-1,0.239583,-1,-1
44.75,69,-1,0.239583,-1,-1
45,47,-1,0.489583,-1,-1
45,71,-1,0.489583,-1,-1
45.5,44,-1,0.489583,-1,-1
45.5,69,-1,0.239583,-1,-1
45.75,72,-1,0.489583,-1,-1
46,45,-1,0.489583,-1,-1
46,57,-1,1.75,-1,-1
46,60,-1,1.75,-1,-1
46,64,-1,1.75,-1,-1
46.25,69,-1,0.489583,-1,-1
46.5,45,-1,0.489583,-1,-1
46.75,69,-1,0.239583,-1,-1
47,47,-1,0.239583,-1,-1
47,67,-1,0.239583,-1,-1
47.25,48,-1,0.239583,-1,-1
47.25,69,-1,0.489583,-1,-1
47.5,45,-1,0.489583,-1,-1
48,50,-1,0.489583,-1,-1
48,62,-1,1.75,-1,-1
48,65,-1,1.75,-1,-1
48,72,-1,0.239583,-1,-1
48.25,72,-1,0.239583,-1,-1
48.5,45,-1,0.489583,-1,-1
48.5,69,-1,0.239583,-1,-1
48.75,72,-1,0.239583,-1,-1
49,53,-1,0.489583,-1,-1
49,72,-1,0.239583,-1,-1
49.25,69,-1,0.239583,-1,-1
49.5,45,-1,0.489583,-1,-1
49.5,72,-1,0.489583,-1,-1
50,48,-1,0.489583,-1,-1
50,60,-1,1.75,-1,-1
50,64,-1,1.75,-1,-1
50,72,-1,0.239583,-1,-1
50.25,72,-1,0.239583,-1,-1
50.5,48,-1,0.489583,-1,-1
50.5,69,-1,0.239583,-1,-1
50.75,72,-1,0.239583,-1,-1
51,52,-1,0.489583,-1,-1
51,72,-1,0.239583,-1,-1
51.25,69,-1,0.239583,-1,-1
51.5,45,-1,0.489583,-1,-1
51.5,72,-1,0.489583,-1,-1
52,44,-1,0.489583,-1,-1
52,56,-1,1.75,-1,-1
52,59,-1,1.75,-1,-1
52,72,-1,0.239583,-1,-1
52.25,72,-1,0.239583,-1,-1
52.5,44,-1,0.489583,-1,-1
52.5,69,-1,0.239583,-1,-1
52.75,72,-1,0.489583,-1,-1
53,47,-1,0.489583,-1,-1
53.25,69,-1,0.489583,-1,-1
53.5,44,-1,0.489583,-1,-1
53.75,72,-1,0.489583,-1,-1
54,45,-1,0.489583,-1,-1
54,57,-1,1.75,-1,-1
54,60,-1,1.75,-1,-1
54,64,-1,1.75,-1,-1
54.25,69,-1,0.833333,-1,-1
54.5,45,-1,0.489583,-1,-1
55,47,-1,0.239583,-1,-1
55.25,48,-1,0.239583,-1,-1
55.5,45,-1,0.489583,-1,-1
56,45,-1,0.489583,-1,-1
56,73,-1,3.489583,-1,-1
56,73,-1,3.489583,-1,-1
56,73,-1,0.489583,-1,-1
56.5,52,-1,0.489583,-1,-1
56.5,74,-1,0.239583,-1,-1
56.75,76,-1,0.489583,-1,-1
57,57,-1,0.489583,-1,-1
57.25,69,-1,0.739583,-1,-1
57.5,52,-1,0.489583,-1,-1
58,50,-1,0.489583,-1,-1
58,76,-1,0.489583,-1,-1
58.5,57,-1,0.489583,-1,-1
58.5,74,-1,0.239583,-1,-1
58.75,73,-1,0.489583,-1,-1
59,62,-1,0.489583,-1,-1
59.25,69,-1,0.739583,-1,-1
59.5,57,-1,0.489583,-1,-1
59.5,74,-1,0.489583,-1,-1
59.5,74,-1,0.489583,-1,-1
60,52,-1,0.489583,-1,-1
60,76,-1,1,-1,-1
60,76,-1,1,-1,-1
60,71,-1,0.489583,-1,-1
60.5,59,-1,0.489583,-1,-1
60.5,69,-1,0.239583,-1,-1
60.75,71,-1,0.489583,-1,-1
61,64,-1,0.489583,-1,-1
61,74,-1,0.25,-1,-1
61,74,-1,0.25,-1,-1
61.25,73,-1,1.5,-1,-1
61.25,73,-1,1.5,-1,-1
61.25,69,-1,0.489583,-1,-1
61.5,59,-1,0.489583,-1,-1
61.75,71,-1,0.489583,-1,-1
62,45,-1,0.489583,-1,-1
62.25,73,-1,0.489583,-1,-1
62.5,52,-1,0.489583,-1,-1
62.75,71,-1,0.833333,-1,-1
62.75,71,-1,1.239583,-1,-1
62.75,73,-1,0.739583,-1,-1
63,57,-1,0.489583,-1,-1
63.5,52,-1,0.489583,-1,-1
64,45,-1,0.489583,-1,-1
64,73,-1,0.489583,-1,-1
64.5,52,-1,0.489583,-1,-1
64.5,74,-1,0.239583,-1,-1
64.75,76,-1,0.489583,-1,-1
65,57,-1,0.489583,-1,-1
65.25,69,-1,0.739583,-1,-1
65.5,52,-1,0.489583,-1,-1
66,50,-1,0.489583,-1,-1
66,76,-1,0.489583,-1,-1
66.5,57,-1,0.489583,-1,-1
66.5,74,-1,0.239583,-1,-1
66.75,73,-1,0.489583,-1,-1
67,62,-1,0.489583,-1,-1
67.25,69,-1,0.739583,-1,-1
67.5,57,-1,0.489583,-1,-1
68,52,-1,0.489583,-1,-1
68,71,-1,0.489583,-1,-1
68.5,59,-1,0.489583,-1,-1
68.5,69,-1,0.239583,-1,-1
68.75,71,-1,0.489583,-1,-1
69,64,-1,0.489583,-1,-1
69.25,73,-1,0.489583,-1,-1
69.5,59,-1,0.489583,-1,-1
69.75,71,-1,0.489583,-1,-1
70,45,-1,0.489583,-1,-1
70.25,69,-1,0.489583,-1,-1
70.5,52,-1,0.489583,-1,-1
70.75,69,-1,0.489583,-1,-1
71,52,-1,0.833333,-1,-1
71,57,-1,0.833333,-1,-1
72,45,-1,0.489583,-1,-1
72,73,-1,3.489583,-1,-1
72,73,-1,0.489583,-1,-1
72.5,52,-1,0.489583,-1,-1
72.5,74,-1,0.239583,-1,-1
72.75,76,-1,0.489583,-1,-1
73,57,-1,0.489583,-1,-1
73.25,69,-1,0.739583,-1,-1
73.5,52,-1,0.489583,-1,-1
74,50,-1,0.489583,-1,-1
74,76,-1,0.489583,-1,-1
74.5,57,-1,0.489583,-1,-1
74.5,74,-1,0.239583,-1,-1
74.75,73,-1,0.489583,-1,-1
75,62,-1,0.489583,-1,-1
75.25,69,-1,0.739583,-1,-1
75.5,57,-1,0.489583,-1,-1
75.5,74,-1,0.489583,-1,-1
76,52,-1,0.489583,-1,-1
76,76,-1,1,-1,-1
76,71,-1,0.489583,-1,-1
76.5,59,-1,0.489583,-1,-1
76.5,69,-1,0.239583,-1,-1
76.75,71,-1,0.489583,-1,-1
77,61,-1,0.489583,-1,-1
77,74,-1,0.25,-1,-1
77.25,73,-1,1.5,-1,-1
77.25,69,-1,0.489583,-1,-1
77.5,59,-1,0.489583,-1,-1
77.75,71,-1,0.489583,-1,-1
78,45,-1,0.489583,-1,-1
78.25,73,-1,0.489583,-1,-1
78.5,52,-1,0.489583,-1,-1
78.75,73,-1,1.239583,-1,-1
79,57,-1,0.489583,-1,-1
79.5,52,-1,0.489583,-1,-1
80,45,-1,0.489583,-1,-1
80,73,-1,3.489583,-1,-1
80,73,-1,0.489583,-1,-1
80.5,52,-1,0.489583,-1,-1
80.5,74,-1,0.239583,-1,-1
80.75,76,-1,0.489583,-1,-1
81,57,-1,0.489583,-1,-1
81.25,69,-1,0.739583,-1,-1
81.5,52,-1,0.489583,-1,-1
82,50,-1,0.489583,-1,-1
82,76,-1,0.489583,-1,-1
82.5,57,-1,0.489583,-1,-1
82.5,74,-1,0.239583,-1,-1
82.75,73,-1,0.489583,-1,-1
83,62,-1,0.489583,-1,-1
83.25,69,-1,0.739583,-1,-1
83.5,57,-1,0.489583,-1,-1
83.5,74,-1,0.489583,-1,-1
84,52,-1,0.489583,-1,-1
84,76,-1,1,-1,-1
84,71,-1,0.489583,-1,-1
84.5,59,-1,0.489583,-1,-1
84.5,69,-1,0.239583,-1,-1
84.75,71,-1,0.489583,-1,-1
85,61,-1,0.489583,-1,-1
85,74,-1,0.25,-1,-1
85.25,73,-1,1.5,-1,-1
85.25,73,-1,0.489583,-1,-1
85.5,59,-1,0.489583,-1,-1
85.75,71,-1,0.489583,-1,-1
86,45,-1,0.489583,-1,-1
86.25,69,-1,0.489583,-1,-1
86.5,52,-1,0.489583,-1,-1
86.75,69,-1,0.489583,-1,-1
87,56,-1,0.489583,-1,-1
87.5,57,-1,0.489583,-1,-1
88,50,-1,0.489583,-1,-1
88,62,-1,1.75,-1,-1
88,65,-1,1.75,-1,-1
88.5,45,-1,0.489583,-1,-1
88.5,76,-1,0.239583,-1,-1
88.75,74,-1,0.489583,-1,-1
89,53,-1,0.489583,-1,-1
89.25,72,-1,0.489583,-1,-1
89.5,45,-1,0.489583,-1,-1
89.75,74,-1,0.489583,-1,-1
90,48,-1,0.489583,-1,-1
90,60,-1,1.75,-1,-1
90,64,-1,1.75,-1,-1
90.25,74,-1,0.239583,-1,-1
90.5,48,-1,0.489583,-1,-1
90.5,72,-1,0.239583,-1,-1
90.75,76,-1,0.833333,-1,-1
91,52,-1,0.489583,-1,-1
91.5,45,-1,0.489583,-1,-1
91.75,72,-1,0.239583,-1,-1
92,44,-1,0.489583,-1,-1
92,56,-1,1.75,-1,-1
92,59,-1,1.75,-1,-1
92,74,-1,0.239583,-1,-1
92.25,72,-1,0.239583,-1,-1
92.5,44,-1,0.489583,-1,-1
92.5,74,-1,0.239583,-1,-1
92.75,72,-1,0.239583,-1,-1
93,47,-1,0.489583,-1,-1
93,74,-1,0.489583,-1,-1
93.5,44,-1,0.489583,-1,-1
93.5,72,-1,0.239583,-1,-1
93.75,76,-1,0.489583,-1,-1
94,45,-1,0.489583,-1,-1
94,57,-1,1.75,-1,-1
94,60,-1,1.75,-1,-1
94,64,-1,1.75,-1,-1
94.25,69,-1,0.489583,-1,-1
94.5,45,-1,0.489583,-1,-1
94.75,69,-1,0.489583,-1,-1
95,47,-1,0.239583,-1,-1
95.25,48,-1,0.239583,-1,-1
95.5,45,-1,0.489583,-1,-1
96,50,-1,0.489583,-1,-1
96,62,-1,1.75,-1,-1
96,65,-1,1.75,-1,-1
96,72,-1,0.239583,-1,-1
96.25,72,-1,0.239583,-1,-1
96.5,45,-1,0.489583,-1,-1
96.5,69,-1,0.239583,-1,-1
96.75,72,-1,0.489583,-1,-1
97,53,-1,0.489583,-1,-1
97.25,72,-1,0.239583,-1,-1
97.5,45,-1,0.489583,-1,-1
97.5,69,-1,0.239583,-1,-1
97.75,72,-1,0.489583,-1,-1
98,48,-1,0.489583,-1,-1
98,60,-1,1.75,-1,-1
98,64,-1,1.75,-1,-1
98.25,72,-1,0.239583,-1,-1
98.5,48,-1,0.489583,-1,-1
98.5,69,-1,0.239583,-1,-1
98.75,72,-1,0.489583,-1,-1
99,52,-1,0.489583,-1,-1
99.5,45,-1,0.489583,-1,-1
99.75,69,-1,0.239583,-1,-1
100,44,-1,0.489583,-1,-1
100,56,-1,1.75,-1,-1
100,59,-1,1.75,-1,-1
100,71,-1,0.239583,-1,-1
100.25,69,-1,0.239583,-1,-1
100.5,44,-1,0.489583,-1,-1
100.5,71,-1,0.239583,-1,-1
100.75,69,-1,0.239583,-1,-1
101,47,-1,0.489583,-1,-1
101,71,-1,0.489583,-1,-1
101.5,44,-1,0.489583,-1,-1
101.5,69,-1,0.239583,-1,-1
101.75,72,-1,0.166667,-1,-1
102,45,-1,0.489583,-1,-1
102,57,-1,1.75,-1,-1
102,60,-1,1.75,-1,-1
102,64,-1,1.75,-1,-1
102.25,69,-1,0.833333,-1,-1
102.5,45,-1,0.489583,-1,-1
103,47,-1,0.239583,-1,-1
103.25,48,-1,0.239583,-1,-1
103.5,45,-1,0.489583,-1,-1
103.75,69,-1,0.239583,-1,-1
104,50,-1,0.489583,-1,-1
104,62,-1,1.75,-1,-1
104,65,-1,1.75,-1,-1
104,72,-1,0.239583,-1,-1
104.25,71,-1,0.239583,-1,-1
104.5,45,-1,0.489583,-1,-1
104.5,69,-1,0.239583,-1,-1
104.75,72,-1,0.489583,-1,-1
105,53,-1,0.489583,-1,-1
105.25,71,-1,0.239583,-1,-1
105.5,45,-1,0.489583,-1,-1
105.5,69,-1,0.239583,-1,-1
105.75,72,-1,0.489583,-1,-1
106,48,-1,0.489583,-1,-1
106,60,-1,1.75,-1,-1
106,64,-1,1.75,-1,-1
106.25,71,-1,0.239583,-1,-1
106.5,48,-1,0.489583,-1,-1
106.5,69,-1,0.239583,-1,-1
106.75,72,-1,0.833333,-1,-1
107,52,-1,0.489583,-1,-1
107.5,45,-1,0.489583,-1,-1
107.75,69,-1,0.239583,-1,-1
108,44,-1,0.489583,-1,-1
108,56,-1,1.75,-1,-1
108,59,-1,1.75,-1,-1
108,71,-1,0.239583,-1,-1
108.25,69,-1,0.239583,-1,-1
108.5,44,-1,0.489583,-1,-1
108.5,71,-1,0.239583,-1,-1
108.75,69,-1,0.239583,-1,-1
109,47,-1,0.489583,-1,-1
109,71,-1,0.489583,-1,-1
109.5,44,-1,0.489583,-1,-1
109.5,69,-1,0.239583,-1,-1
109.75,72,-1,0.166667,-1,-1
110,45,-1,0.489583,-1,-1
110,57,-1,1.75,-1,-1
110,60,-1,1.75,-1,-1
110,64,-1,1.75,-1,-1
110.25,69,-1,0.833333,-1,-1
110.5,45,-1,0.489583,-1,-1
111,47,-1,0.239583,-1,-1
111.25,48,-1,0.239583,-1,-1
111.5,45,-1,0.489583,-1,-1
112,50,-1,0.489583,-1,-1
112,62,-1,1.75,-1,-1
112,65,-1,1.75,-1,-1
112,69,-1,0.489583,-1,-1
112.5,45,-1,0.489583,-1,-1
112.5,67,-1,0.239583,-1,-1
112.75,69,-1,0.489583,-1,-1
113,53,-1,0.489583,-1,-1
113.25,67,-1,0.239583,-1,-1
113.5,45,-1,0.489583,-1,-1
113.5,69,-1,0.239583,-1,-1
113.75,67,-1,0.239583,-1,-1
114,48,-1,0.489583,-1,-1
114,60,-1,1.75,-1,-1
114,64,-1,1.75,-1,-1
114,72,-1,0.489583,-1,-1
114.5,48,-1,0.489583,-1,-1
114.5,71,-1,0.239583,-1,-1
114.75,69,-1,0.833333,-1,-1
115,52,-1,0.489583,-1,-1
115.5,45,-1,0.489583,-1,-1
116,44,-1,0.489583,-1,-1
116,56,-1,1.75,-1,-1
116,59,-1,1.75,-1,-1
116,69,-1,0.489583,-1,-1
116.5,44,-1,0.489583,-1,-1
116.5,67,-1,0.239583,-1,-1
116.75,69,-1,0.489583,-1,-1
117,47,-1,0.489583,-1,-1
117.25,67,-1,0.239583,-1,-1
117.5,44,-1,0.489583,-1,-1
117.5,69,-1,0.239583,-1,-1
117.75,67,-1,0.239583,-1,-1
118,45,-1,0.489583,-1,-1
118,57,-1,1.75,-1,-1
118,60,-1,1.75,-1,-1
118,64,-1,1.75,-1,-1
118,72,-1,0.489583,-1,-1
118.5,45,-1,0.489583,-1,-1
118.5,71,-1,0.239583,-1,-1
118.75,69,-1,0.833333,-1,-1
119,47,-1,0.239583,-1,-1
119.25,48,-1,0.239583,-1,-1
119.5,52,-1,0.239583,-1,-1
119.75,50,-1,0.239583,-1,-1
120,45,-1,0.489583,-1,-1
120,73,-1,6.75,-1,-1
120,76,-1,0.489583,-1,-1
120.5,52,-1,0.489583,-1,-1
120.5,76,-1,0.489583,-1,-1
121,57,-1,0.489583,-1,-1
121,76,-1,0.489583,-1,-1
121.5,52,-1,0.489583,-1,-1
121.5,69,-1,0.489583,-1,-1
122,50,-1,0.489583,-1,-1
122,76,-1,0.239583,-1,-1
122.25,76,-1,0.489583,-1,-1
122.5,57,-1,0.489583,-1,-1
122.75,76,-1,0.489583,-1,-1
123,62,-1,0.489583,-1,-1
123.25,69,-1,0.239583,-1,-1
123.5,57,-1,0.489583,-1,-1
123.5,69,-1,0.239583,-1,-1
123.75,69,-1,0.239583,-1,-1
124,52,-1,0.489583,-1,-1
124,76,-1,0.489583,-1,-1
124.5,59,-1,0.489583,-1,-1
124.5,76,-1,0.489583,-1,-1
125,64,-1,0.489583,-1,-1
125,76,-1,0.489583,-1,-1
125.5,59,-1,0.489583,-1,-1
125.5,74,-1,0.239583,-1,-1
125.75,73,-1,0.239583,-1,-1
126,45,-1,0.489583,-1,-1
126,74,-1,0.239583,-1,-1
126.25,73,-1,0.239583,-1,-1
126.5,52,-1,0.489583,-1,-1
126.5,71,-1,0.239583,-1,-1
126.75,73,-1,0.833333,-1,-1
127,57,-1,0.489583,-1,-1
127,71,-1,0.833333,-1,-1
127.5,52,-1,0.489583,-1,-1
128,45,-1,0.489583,-1,-1
128,73,-1,6.75,-1,-1
128,76,-1,0.489583,-1,-1
128.5,52,-1,0.489583,-1,-1
128.5,76,-1,0.489583,-1,-1
129,57,-1,0.489583,-1,-1
129,76,-1,0.489583,-1,-1
129.5,52,-1,0.489583,-1,-1
129.5,69,-1,0.489583,-1,-1
130,50,-1,0.489583,-1,-1
130,76,-1,0.239583,-1,-1
130.25,76,-1,0.489583,-1,-1
130.5,57,-1,0.489583,-1,-1
130.75,76,-1,0.489583,-1,-1
131,62,-1,0.489583,-1,-1
131.25,69,-1,0.239583,-1,-1
131.5,57,-1,0.489583,-1,-1
131.5,69,-1,0.239583,-1,-1
131.75,69,-1,0.239583,-1,-1
132,52,-1,0.489583,-1,-1
132,76,-1,0.489583,-1,-1
132.5,59,-1,0.489583,-1,-1
132.5,76,-1,0.489583,-1,-1
133,64,-1,0.489583,-1,-1
133,74,-1,0.489583,-1,-1
133.5,59,-1,0.489583,-1,-1
133.5,73,-1,0.239583,-1,-1
133.75,71,-1,0.239583,-1,-1
134,45,-1,0.489583,-1,-1
134,73,-1,0.239583,-1,-1
134.25,71,-1,0.239583,-1,-1
134.5,52,-1,0.489583,-1,-1
134.5,69,-1,0.239583,-1,-1
134.75,69,-1,0.489583,-1,-1
135,56,-1,0.489583,-1,-1
135,71,-1,0.833333,-1,-1
135.25,71,-1,0.489583,-1,-1
135.5,57,-1,0.489583,-1,-1
136,45,-1,0.489583,-1,-1
136,73,-1,6.75,-1,-1
136,76,-1,0.489583,-1,-1
136.5,52,-1,0.489583,-1,-1
136.5,76,-1,0.489583,-1,-1
137,57,-1,0.489583,-1,-1
137,76,-1,0.489583,-1,-1
137.5,52,-1,0.489583,-1,-1
137.5,69,-1,0.489583,-1,-1
138,50,-1,0.489583,-1,-1
138,76,-1,0.239583,-1,-1
138.25,76,-1,0.489583,-1,-1
138.5,57,-1,0.489583,-1,-1
138.75,76,-1,0.489583,-1,-1
139,62,-1,0.489583,-1,-1
139.25,69,-1,0.239583,-1,-1
139.5,57,-1,0.489583,-1,-1
139.5,69,-1,0.239583,-1,-1
139.75,69,-1,0.239583,-1,-1
140,52,-1,0.489583,-1,-1
140,76,-1,0.489583,-1,-1
140.5,59,-1,0.489583,-1,-1
140.5,76,-1,0.489583,-1,-1
141,64,-1,0.489583,-1,-1
141,76,-1,0.489583,-1,-1
141.5,59,-1,0.489583,-1,-1
141.5,74,-1,0.239583,-1,-1
141.75,73,-1,0.239583,-1,-1
142,45,-1,0.489583,-1,-1
142,74,-1,0.239583,-1,-1
142.25,73,-1,0.239583,-1,-1
142.5,52,-1,0.489583,-1,-1
142.5,71,-1,0.239583,-1,-1
142.75,73,-1,0.833333,-1,-1
143,57,-1,0.489583,-1,-1
143,71,-1,0.833333,-1,-1
143.5,52,-1,0.489583,-1,-1
144,45,-1,0.489583,-1,-1
144,73,-1,6.75,-1,-1
144,76,-1,0.489583,-1,-1
144.5,52,-1,0.489583,-1,-1
144.5,76,-1,0.489583,-1,-1
145,57,-1,0.489583,-1,-1
145,76,-1,0.489583,-1,-1
145.5,52,-1,0.489583,-1,-1
145.5,69,-1,0.489583,-1,-1
146,50,-1,0.489583,-1,-1
146,76,-1,0.239583,-1,-1
146.25,76,-1,0.489583,-1,-1
146.5,57,-1,0.489583,-1,-1
146.75,76,-1,0.489583,-1,-1
147,62,-1,0.489583,-1,-1
147.25,69,-1,0.239583,-1,-1
147.5,57,-1,0.489583,-1,-1
147.5,69,-1,0.239583,-1,-1
147.75,69,-1,0.239583,-1,-1
148,52,-1,0.489583,-1,-1
148,76,-1,0.489583,-1,-1
148.5,59,-1,0.489583,-1,-1
148.5,76,-1,0.489583,-1,-1
149,64,-1,0.489583,-1,-1
149,74,-1,0.489583,-1,-1
149.5,59,-1,0.489583,-1,-1
149.5,73,-1,0.239583,-1,-1
149.75,71,-1,0.239583,-1,-1
150,45,-1,0.489583,-1,-1
150,73,-1,0.239583,-1,-1
150.25,71,-1,0.239583,-1,-1
150.5,52,-1,0.489583,-1,-1
150.5,69,-1,0.239583,-1,-1
150.75,69,-1,0.833333,-1,-1
151,56,-1,0.489583,-1,-1
151,71,-1,0.833333,-1,-1
151.5,57,-1,0.489583,-1,-1
152,50,-1,0.489583,-1,-1
152,62,-1,1.75,-1,-1
152,65,-1,1.75,-1,-1
152,69,-1,3,-1,-1
152.5,45,-1,0.489583,-1,-1
153,53,-1,0.489583,-1,-1
153.5,45,-1,0.489583,-1,-1
154,48,-1,0.489583,-1,-1
154,60,-1,1.75,-1,-1
154,64,-1,1.75,-1,-1
154.5,48,-1,0.489583,-1,-1
155,52,-1,0.489583,-1,-1
155,71,-1,0.5,-1,-1
155.5,45,-1,0.489583,-1,-1
155.5,72,-1,0.5,-1,-1
156,44,-1,0.489583,-1,-1
156,56,-1,1.75,-1,-1
156,59,-1,1.75,-1,-1
156,71,-1,1.5,-1,-1
156.5,44,-1,0.489583,-1,-1
157,47,-1,0.489583,-1,-1
157.5,44,-1,0.489583,-1,-1
157.5,69,-1,0.5,-1,-1
158,45,-1,0.489583,-1,-1
158,57,-1,1.75,-1,-1
158,60,-1,1.75,-1,-1
158,64,-1,1.75,-1,-1
158,69,-1,1.75,-1,-1
158.5,45,-1,0.489583,-1,-1
159,47,-1,0.239583,-1,-1
159.25,48,-1,0.239583,-1,-1
159.5,45,-1,0.489583,-1,-1
160,50,-1,0.489583,-1,-1
160,62,-1,1.75,-1,-1
160,65,-1,1.75,-1,-1
160,69,-1,3,-1,-1
160.5,45,-1,0.489583,-1,-1
161,53,-1,0.489583,-1,-1
161.5,45,-1,0.489583,-1,-1
162,48,-1,0.489583,-1,-1
162,60,-1,1.75,-1,-1
162,64,-1,1.75,-1,-1
162.5,48,-1,0.489583,-1,-1
163,52,-1,0.489583,-1,-1
163,71,-1,0.5,-1,-1
163.5,45,-1,0.489583,-1,-1
163.5,72,-1,0.5,-1,-1
164,44,-1,0.489583,-1,-1
164,56,-1,1.75,-1,-1
164,59,-1,1.75,-1,-1
164,74,-1,1.5,-1,-1
164.5,44,-1,0.489583,-1,-1
165,47,-1,0.489583,-1,-1
165.5,44,-1,0.489583,-1,-1
165.5,72,-1,0.5,-1,-1
166,45,-1,0.489583,-1,-1
166,57,-1,1.75,-1,-1
166,60,-1,1.75,-1,-1
166,64,-1,1.75,-1,-1
166,72,-1,0.833333,-1,-1
166.5,45,-1,0.489583,-1,-1
167,47,-1,0.239583,-1,-1
167,74,-1,3,-1,-1
167.25,48,-1,0.239583,-1,-1
167.5,45,-1,0.489583,-1,-1
167.5,76,-1,0.489583,-1,-1
168,50,-1,0.489583,-1,-1
168,62,-1,1.75,-1,-1
168,65,-1,1.75,-1,-1
168,77,-1,2,-1,-1
168.5,45,-1,0.489583,-1,-1
169,53,-1,0.489583,-1,-1
169.5,45,-1,0.489583,-1,-1
170,48,-1,0.489583,-1,-1
170,60,-1,1.75,-1,-1
170,64,-1,1.75,-1,-1
170,72,-1,1.75,-1,-1
170,76,-1,1.75,-1,-1
170.5,48,-1,0.489583,-1,-1
171,52,-1,0.489583,-1,-1
171.5,45,-1,0.489583,-1,-1
172,44,-1,0.489583,-1,-1
172,56,-1,1.75,-1,-1
172,59,-1,1.75,-1,-1
172.5,44,-1,0.489583,-1,-1
172.5,74,-1,0.5,-1,-1
173,47,-1,0.489583,-1,-1
173,72,-1,0.5,-1,-1
173.5,44,-1,0.489583,-1,-1
173.5,71,-1,0.25,-1,-1
173.75,72,-1,0.239583,-1,-1
174,45,-1,0.489583,-1,-1
174,57,-1,1.75,-1,-1
174,60,-1,1.75,-1,-1
174,64,-1,1.75,-1,-1
174,74,-1,0.489583,-1,-1
174.5,45,-1,0.489583,-1,-1
174.5,72,-1,0.25,-1,-1
174.75,71,-1,0.25,-1,-1
175,47,-1,0.239583,-1,-1
175,72,-1,0.25,-1,-1
175.25,48,-1,0.239583,-1,-1
175.25,71,-1,0.25,-1,-1
175.5,45,-1,0.489583,-1,-1
175.5,69,-1,0.489583,-1,-1
176,50,-1,0.489583,-1,-1
176,69,-1,2.75,-1,-1
176,72,-1,2.75,-1,-1
176.5,45,-1,0.489583,-1,-1
177,53,-1,0.489583,-1,-1
177.5,45,-1,0.489583,-1,-1
178,48,-1,0.489583,-1,-1
178.5,48,-1,0.489583,-1,-1
179,52,-1,0.489583,-1,-1
179,69,-1,0.833333,-1,-1
179.5,45,-1,0.489583,-1,-1
180,44,-1,0.166667,-1,-1
180,68,-1,1.75,-1,-1
180.5,44,-1,2.75,-1,-1
184,45,-1,0.489583,-1,-1
184,76,-1,0.489583,-1,-1
184.5,52,-1,0.489583,-1,-1
184.5,76,-1,0.489583,-1,-1
185,57,-1,0.489583,-1,-1
185,76,-1,0.489583,-1,-1
185.5,52,-1,0.489583,-1,-1
185.5,69,-1,0.489583,-1,-1
186,50,-1,0.489583,-1,-1
186,76,-1,0.239583,-1,-1
186.25,76,-1,0.489583,-1,-1
186.5,57,-1,0.489583,-1,-1
186.75,76,-1,0.489583,-1,-1
187,62,-1,0.489583,-1,-1
187.25,69,-1,0.239583,-1,-1
187.5,57,-1,0.489583,-1,-1
187.5,69,-1,0.239583,-1,-1
187.75,69,-1,0.239583,-1,-1
188,52,-1,0.489583,-1,-1
188,76,-1,0.489583,-1,-1
188.5,59,-1,0.489583,-1,-1
188.5,76,-1,0.489583,-1,-1
189,64,-1,0.489583,-1,-1
189,76,-1,0.489583,-1,-1
189.5,59,-1,0.489583,-1,-1
189.5,74,-1,0.239583,-1,-1
189.75,73,-1,0.239583,-1,-1
190,45,-1,0.489583,-1,-1
190,74,-1,0.239583,-1,-1
190.25,73,-1,0.239583,-1,-1
190.5,52,-1,0.489583,-1,-1
190.5,71,-1,0.239583,-1,-1
190.75,73,-1,0.833333,-1,-1
191,57,-1,0.489583,-1,-1
191.5,52,-1,0.489583,-1,-1
192,45,-1,0.489583,-1,-1
192,76,-1,0.489583,-1,-1
192.5,52,-1,0.489583,-1,-1
192.5,76,-1,0.489583,-1,-1
193,57,-1,0.489583,-1,-1
193,76,-1,0.489583,-1,-1
193.5,52,-1,0.489583,-1,-1
193.5,69,-1,0.489583,-1,-1
194,50,-1,0.489583,-1,-1
194,76,-1,0.239583,-1,-1
194.25,76,-1,0.489583,-1,-1
194.5,57,-1,0.489583,-1,-1
194.75,76,-1,0.489583,-1,-1
195,62,-1,0.489583,-1,-1
195.25,69,-1,0.239583,-1,-1
195.5,57,-1,0.489583,-1,-1
195.5,69,-1,0.239583,-1,-1
195.75,69,-1,0.239583,-1,-1
196,52,-1,0.489583,-1,-1
196,76,-1,0.489583,-1,-1
196.5,59,-1,0.489583,-1,-1
196.5,76,-1,0.489583,-1,-1
197,64,-1,0.489583,-1,-1
197,74,-1,0.489583,-1,-1
197.5,59,-1,0.489583,-1,-1
197.5,73,-1,0.239583,-1,-1
197.75,71,-1,0.239583,-1,-1
198,45,-1,0.489583,-1,-1
198,73,-1,0.239583,-1,-1
198.25,71,-1,0.239583,-1,-1
198.5,52,-1,0.489583,-1,-1
198.5,69,-1,0.239583,-1,-1
198.75,69,-1,0.489583,-1,-1
199,56,-1,0.489583,-1,-1
199.25,71,-1,0.489583,-1,-1
199.5,57,-1,0.489583,-1,-1
200,45,-1,0.489583,-1,-1
200,76,-1,0.489583,-1,-1
200.5,52,-1,0.489583,-1,-1
200.5,76,-1,0.489583,-1,-1
201,57,-1,0.489583,-1,-1
201,76,-1,0.489583,-1,-1
201.5,52,-1,0.489583,-1,-1
201.5,69,-1,0.489583,-1,-1
202,50,-1,0.489583,-1,-1
202,76,-1,0.239583,-1,-1
202.25,76,-1,0.489583,-1,-1
202.5,57,-1,0.489583,-1,-1
202.75,76,-1,0.489583,-1,-1
203,62,-1,0.489583,-1,-1
203.25,69,-1,0.239583,-1,-1
203.5,57,-1,0.489583,-1,-1
203.5,69,-1,0.239583,-1,-1
203.75,69,-1,0.239583,-1,-1
204,52,-1,0.489583,-1,-1
204,76,-1,0.489583,-1,-1
204.5,59,-1,0.489583,-1,-1
204.5,76,-1,0.489583,-1,-1
205,64,-1,0.489583,-1,-1
205,76,-1,0.489583,-1,-1
205.5,59,-1,0.489583,-1,-1
205.5,74,-1,0.239583,-1,-1
205.75,73,-1,0.239583,-1,-1
206,45,-1,0.489583,-1,-1
206,74,-1,0.239583,-1,-1
206.25,73,-1,0.239583,-1,-1
206.5,52,-1,0.489583,-1,-1
206.5,71,-1,0.239583,-1,-1
206.75,73,-1,0.833333,-1,-1
207,57,-1,0.489583,-1,-1
207.5,52,-1,0.489583,-1,-1
208,45,-1,0.489583,-1,-1
208,76,-1,0.489583,-1,-1
208.5,52,-1,0.489583,-1,-1
208.5,76,-1,0.489583,-1,-1
209,57,-1,0.489583,-1,-1
209,76,-1,0.489583,-1,-1
209.5,52,-1,0.489583,-1,-1
209.5,69,-1,0.489583,-1,-1
210,50,-1,0.489583,-1,-1
210,76,-1,0.239583,-1,-1
210.25,76,-1,0.489583,-1,-1
210.5,57,-1,0.489583,-1,-1
210.75,76,-1,0.489583,-1,-1
211,62,-1,0.489583,-1,-1
211.25,69,-1,0.239583,-1,-1
211.5,57,-1,0.489583,-1,-1
211.5,69,-1,0.239583,-1,-1
211.75,69,-1,0.239583,-1,-1
212,52,-1,0.489583,-1,-1
212,76,-1,0.489583,-1,-1
212.5,59,-1,0.489583,-1,-1
212.5,76,-1,0.489583,-1,-1
213,64,-1,0.489583,-1,-1
213,74,-1,0.489583,-1,-1
213.5,59,-1,0.489583,-1,-1
213.5,73,-1,0.239583,-1,-1
213.75,71,-1,0.239583,-1,-1
214,45,-1,0.489583,-1,-1
214,73,-1,0.239583,-1,-1
214.25,71,-1,0.239583,-1,-1
214.5,52,-1,0.489583,-1,-1
214.5,69,-1,0.239583,-1,-1
214.75,69,-1,0.833333,-1,-1
215,56,-1,0.489583,-1,-1
215.5,57,-1,0.489583,-1,-1
216,45,-1,0.489583,-1,-1
216,73,-1,0.489583,-1,-1
216.5,52,-1,0.489583,-1,-1
216.5,74,-1,0.239583,-1,-1
216.75,76,-1,0.489583,-1,-1
217,57,-1,0.489583,-1,-1
217.25,69,-1,0.739583,-1,-1
217.5,52,-1,0.489583,-1,-1
218,50,-1,0.489583,-1,-1
218,76,-1,0.489583,-1,-1
218.5,57,-1,0.489583,-1,-1
218.5,74,-1,0.239583,-1,-1
218.75,73,-1,0.489583,-1,-1
219,62,-1,0.489583,-1,-1
219.25,69,-1,0.739583,-1,-1
219.5,57,-1,0.489583,-1,-1
220,52,-1,0.489583,-1,-1
220,71,-1,0.489583,-1,-1
220.5,59,-1,0.489583,-1,-1
220.5,69,-1,0.239583,-1,-1
220.75,71,-1,0.489583,-1,-1
221,64,-1,0.489583,-1,-1
221.25,69,-1,0.489583,-1,-1
221.5,59,-1,0.489583,-1,-1
221.75,71,-1,0.489583,-1,-1
222,45,-1,0.489583,-1,-1
222.25,73,-1,0.489583,-1,-1
222.5,52,-1,0.489583,-1,-1
222.75,73,-1,0.739583,-1,-1
223,57,-1,0.489583,-1,-1
223.5,52,-1,0.489583,-1,-1
224,45,-1,0.489583,-1,-1
224,73,-1,0.489583,-1,-1
224.5,52,-1,0.489583,-1,-1
224.5,74,-1,0.239583,-1,-1
224.75,76,-1,0.489583,-1,-1
225,57,-1,0.489583,-1,-1
225.25,69,-1,0.739583,-1,-1
225.5,52,-1,0.489583,-1,-1
226,50,-1,0.489583,-1,-1
226,76,-1,0.489583,-1,-1
226.5,57,-1,0.489583,-1,-1
226.5,74,-1,0.239583,-1,-1
226.75,73,-1,0.489583,-1,-1
227,62,-1,0.489583,-1,-1
227.25,69,-1,0.739583,-1,-1
227.5,57,-1,0.489583,-1,-1
228,52,-1,0.489583,-1,-1
228,71,-1,0.489583,-1,-1
228.5,59,-1,0.489583,-1,-1
228.5,69,-1,0.239583,-1,-1
228.75,71,-1,0.489583,-1,-1
229,64,-1,0.489583,-1,-1
229.25,73,-1,0.489583,-1,-1
229.5,59,-1,0.489583,-1,-1
229.75,71,-1,0.489583,-1,-1
230,45,-1,0.489583,-1,-1
230.25,69,-1,0.489583,-1,-1
230.5,52,-1,0.489583,-1,-1
230.75,69,-1,0.489583,-1,-1
231,56,-1,0.489583,-1,-1
231.5,57,-1,0.489583,-1,-1
232,45,-1,0.489583,-1,-1
232,73,-1,0.489583,-1,-1
232.5,52,-1,0.489583,-1,-1
232.5,74,-1,0.239583,-1,-1
232.75,76,-1,0.489583,-1,-1
233,57,-1,0.489583,-1,-1
233.25,69,-1,0.739583,-1,-1
233.5,52,-1,0.489583,-1,-1
234,50,-1,0.489583,-1,-1
234,76,-1,0.489583,-1,-1
234.5,57,-1,0.489583,-1,-1
234.5,74,-1,0.239583,-1,-1
234.75,73,-1,0.489583,-1,-1
235,62,-1,0.489583,-1,-1
235.25,69,-1,0.739583,-1,-1
235.5,57,-1,0.489583,-1,-1
236,52,-1,0.489583,-1,-1
236,71,-1,0.489583,-1,-1
236.5,59,-1,0.489583,-1,-1
236.5,69,-1,0.239583,-1,-1
236.75,71,-1,0.489583,-1,-1
237,64,-1,0.489583,-1,-1
237.25,69,-1,0.489583,-1,-1
237.5,59,-1,0.489583,-1,-1
237.75,71,-1,0.489583,-1,-1
238,45,-1,0.489583,-1,-1
238.25,73,-1,0.489583,-1,-1
238.5,52,-1,0.489583,-1,-1
238.75,73,-1,1.239583,-1,-1
239,57,-1,0.489583,-1,-1
239.5,52,-1,0.489583,-1,-1
240,45,-1,0.489583,-1,-1
240,73,-1,0.489583,-1,-1
240.5,52,-1,0.489583,-1,-1
240.5,74,-1,0.239583,-1,-1
240.75,76,-1,0.489583,-1,-1
241,57,-1,0.489583,-1,-1
241.25,69,-1,0.739583,-1,-1
241.5,52,-1,0.489583,-1,-1
242,50,-1,0.489583,-1,-1
242,76,-1,0.489583,-1,-1
242.5,57,-1,0.489583,-1,-1
242.5,74,-1,0.239583,-1,-1
242.75,73,-1,0.489583,-1,-1
243,62,-1,0.489583,-1,-1
243.25,69,-1,0.739583,-1,-1
243.5,57,-1,0.489583,-1,-1
244,52,-1,0.489583,-1,-1
244,71,-1,0.489583,-1,-1
244.5,59,-1,0.489583,-1,-1
244.5,69,-1,0.239583,-1,-1
244.75,71,-1,0.489583,-1,-1
245,64,-1,0.489583,-1,-1
245.25,73,-1,0.489583,-1,-1
245.5,59,-1,0.489583,-1,-1
245.75,71,-1,0.489583,-1,-1
246,45,-1,0.489583,-1,-1
246.25,69,-1,0.489583,-1,-1
246.5,52,-1,0.489583,-1,-1
246.75,69,-1,0.833333,-1,-1
247,56,-1,0.489583,-1,-1
247.5,57,-1,0.489583,-1,-1
248,49,-1,0.489583,-1,-1
248,69,-1,6,-1,-1
248,69,-1,0.239583,-1,-1
248.25,69,-1,0.239583,-1,-1
248.5,57,-1,0.489583,-1,-1
248.5,66,-1,0.239583,-1,-1
248.75,69,-1,0.239583,-1,-1
249,61,-1,0.489583,-1,-1
249,69,-1,0.239583,-1,-1
249.25,69,-1,0.239583,-1,-1
249.5,57,-1,0.489583,-1,-1
249.5,66,-1,0.239583,-1,-1
249.75,69,-1,0.489583,-1,-1
250,50,-1,0.489583,-1,-1
250.25,69,-1,0.239583,-1,-1
250.5,57,-1,0.489583,-1,-1
250.5,69,-1,0.239583,-1,-1
250.75,66,-1,0.239583,-1,-1
251,62,-1,0.489583,-1,-1
251,69,-1,0.239583,-1,-1
251.25,71,-1,0.239583,-1,-1
251.5,57,-1,0.489583,-1,-1
251.5,73,-1,0.489583,-1,-1
252,52,-1,0.489583,-1,-1
252,69,-1,0.239583,-1,-1
252.25,69,-1,0.239583,-1,-1
252.5,59,-1,0.489583,-1,-1
252.5,66,-1,0.239583,-1,-1
252.75,69,-1,0.239583,-1,-1
253,64,-1,0.489583,-1,-1
253,69,-1,0.239583,-1,-1
253.25,69,-1,0.239583,-1,-1
253.5,59,-1,0.489583,-1,-1
253.5,66,-1,0.239583,-1,-1
253.75,69,-1,0.739583,-1,-1
254,45,-1,0.489583,-1,-1
254.5,52,-1,0.489583,-1,-1
254.5,73,-1,0.5,-1,-1
254.5,71,-1,0.239583,-1,-1
254.75,73,-1,0.239583,-1,-1
255,57,-1,0.833333,-1,-1
255,71,-1,0.833333,-1,-1
255,71,-1,0.239583,-1,-1
255.25,69,-1,0.239583,-1,-1
255.5,69,-1,0.489583,-1,-1
256,49,-1,0.489583,-1,-1
256,69,-1,6,-1,-1
256,69,-1,0.239583,-1,-1
256.25,69,-1,0.239583,-1,-1
256.5,57,-1,0.489583,-1,-1
256.5,66,-1,0.239583,-1,-1
256.75,69,-1,0.239583,-1,-1
257,61,-1,0.489583,-1,-1
257,69,-1,0.239583,-1,-1
257.25,69,-1,0.239583,-1,-1
257.5,57,-1,0.489583,-1,-1
257.5,66,-1,0.239583,-1,-1
257.75,69,-1,0.489583,-1,-1
258,50,-1,0.489583,-1,-1
258.25,69,-1,0.239583,-1,-1
258.5,57,-1,0.489583,-1,-1
258.5,69,-1,0.239583,-1,-1
258.75,66,-1,0.239583,-1,-1
259,62,-1,0.489583,-1,-1
259,69,-1,0.239583,-1,-1
259.25,71,-1,0.239583,-1,-1
259.5,57,-1,0.489583,-1,-1
259.5,73,-1,0.489583,-1,-1
260,52,-1,0.489583,-1,-1
260,69,-1,0.239583,-1,-1
260.25,69,-1,0.239583,-1,-1
260.5,59,-1,0.489583,-1,-1
260.5,64,-1,0.239583,-1,-1
260.75,69,-1,0.239583,-1,-1
261,64,-1,0.489583,-1,-1
261,69,-1,0.239583,-1,-1
261.25,69,-1,0.239583,-1,-1
261.5,59,-1,0.489583,-1,-1
261.5,64,-1,0.239583,-1,-1
261.75,69,-1,0.739583,-1,-1
262,45,-1,0.489583,-1,-1
262.5,52,-1,0.489583,-1,-1
262.5,73,-1,0.5,-1,-1
262.5,71,-1,0.239583,-1,-1
262.75,73,-1,0.239583,-1,-1
263,57,-1,0.833333,-1,-1
263,71,-1,0.833333,-1,-1
263,71,-1,0.239583,-1,-1
263.25,69,-1,0.239583,-1,-1
263.5,69,-1,4.25,-1,-1
264,49,-1,0.5,-1,-1
264,69,-1,2,-1,-1
264,69,-1,2,-1,-1
264.5,57,-1,0.5,-1,-1
265,61,-1,0.5,-1,-1
265.5,57,-1,0.5,-1,-1
266,45,-1,0.5,-1,-1
266,73,-1,1,-1,-1
266,73,-1,1,-1,-1
266.5,52,-1,0.5,-1,-1
267,57,-1,0.5,-1,-1
267,74,-1,1,-1,-1
267,74,-1,1,-1,-1
267.5,52,-1,0.5,-1,-1
268,50,-1,0.5,-1,-1
268,76,-1,3,-1,-1
268,76,-1,3,-1,-1
268.5,57,-1,0.5,-1,-1
269,62,-1,0.5,-1,-1
269.5,57,-1,0.5,-1,-1
270,45,-1,0.5,-1,-1
270.5,52,-1,0.5,-1,-1
271,47,-1,0.5,-1,-1
271,71,-1,1,-1,-1
271,71,-1,1,-1,-1
271.5,52,-1,0.5,-1,-1
272,49,-1,0.5,-1,-1
272,73,-1,2,-1,-1
272,73,-1,2,-1,-1
272.5,57,-1,0.5,-1,-1
273,61,-1,0.5,-1,-1
273.5,57,-1,0.5,-1,-1
274,50,-1,0.5,-1,-1
274,69,-1,1,-1,-1
274,69,-1,1,-1,-1
274.5,57,-1,0.5,-1,-1
275,62,-1,0.5,-1,-1
275,74,-1,1,-1,-1
275,74,-1,1,-1,-1
275.5,57,-1,0.5,-1,-1
276,50,-1,0.5,-1,-1
276,73,-1,1.75,-1,-1
276,73,-1,1.75,-1,-1
276.5,57,-1,0.5,-1,-1
277,62,-1,0.5,-1,-1
277.5,57,-1,0.5,-1,-1
278,47,-1,2.75,-1,-1
278,71,-1,2.75,-1,-1
278,71,-1,2.75,-1,-1
278.125,52,-1,2.625,-1,-1
278.25,56,-1,2.5,-1,-1
281,52,-1,3.75,-1,-1
281,69,-1,7.75,-1,-1
281,69,-1,7.75,-1,-1
281.125,57,-1,3.625,-1,-1
281.25,62,-1,3.5,-1,-1
285,52,-1,3.75,-1,-1
285.125,57,-1,3.625,-1,-1
285.25,61,-1,3.5,-1,-1