0.000000,53,-1,0.363782,-1,-1
0.384615,60,-1,0.729167,-1,-1
0.769231,57,-1,2.190706,-1,-1
1.153846,53,-1,0.363782,-1,-1
1.538462,60,-1,1.459936,-1,-1
3.076924,55,-1,0.363782,-1,-1
3.461539,59,-1,0.729167,-1,-1
3.846155,53,-1,2.190706,-1,-1
4.230770,55,-1,0.363782,-1,-1
4.615386,59,-1,1.459936,-1,-1
6.153848,48,-1,0.363782,-1,-1
6.538463,52,-1,0.729167,-1,-1
6.923079,46,-1,2.190706,-1,-1
7.307694,48,-1,0.363782,-1,-1
7.692310,52,-1,1.459936,-1,-1
9.230772,53,-1,0.363782,-1,-1
9.615387,55,-1,0.181090,-1,-1
9.807695,57,-1,0.546475,-1,-1
10.000003,48,-1,2.190706,-1,-1
10.384618,53,-1,0.363782,-1,-1
10.769234,57,-1,1.459936,-1,-1
12.307696,53,-1,0.363782,-1,-1
12.692311,57,-1,0.363782,-1,-1
12.692311,60,-1,0.729167,-1,-1
13.076927,57,-1,0.363782,-1,-1
13.461542,60,-1,0.363782,-1,-1
13.461542,53,-1,0.363782,-1,-1
13.846158,60,-1,0.363782,-1,-1
13.846158,60,-1,1.459936,-1,-1
14.230773,65,-1,0.363782,-1,-1
14.615389,65,-1,0.363782,-1,-1
15.000004,64,-1,0.363782,-1,-1
15.384620,64,-1,0.363782,-1,-1
15.384620,55,-1,0.363782,-1,-1
15.769235,62,-1,0.363782,-1,-1
15.769235,59,-1,0.729167,-1,-1
16.153851,57,-1,0.363782,-1,-1
16.538466,62,-1,1.825321,-1,-1
16.538466,55,-1,0.363782,-1,-1
16.923082,59,-1,1.459936,-1,-1
18.461544,48,-1,0.363782,-1,-1
18.846159,62,-1,0.363782,-1,-1
18.846159,52,-1,0.729167,-1,-1
19.230775,62,-1,0.363782,-1,-1
19.615390,64,-1,0.363782,-1,-1
19.615390,48,-1,0.363782,-1,-1
20.000006,64,-1,0.363782,-1,-1
20.000006,52,-1,1.459936,-1,-1
20.384621,69,-1,0.363782,-1,-1
20.769237,69,-1,0.363782,-1,-1
21.153852,64,-1,0.363782,-1,-1
21.538468,64,-1,0.363782,-1,-1
21.538468,53,-1,0.363782,-1,-1
21.923083,60,-1,0.363782,-1,-1
21.923083,55,-1,0.181090,-1,-1
22.115391,57,-1,0.181090,-1,-1
22.307699,57,-1,0.363782,-1,-1
22.307699,60,-1,0.363782,-1,-1
22.692314,60,-1,1.825321,-1,-1
22.692314,53,-1,0.363782,-1,-1
23.076930,57,-1,0.729167,-1,-1
23.846161,52,-1,0.729167,-1,-1
24.615392,50,-1,0.363782,-1,-1
25.000007,57,-1,0.363782,-1,-1
25.000007,57,-1,0.363782,-1,-1
25.384623,57,-1,0.363782,-1,-1
25.384623,65,-1,0.363782,-1,-1
25.769238,60,-1,0.363782,-1,-1
25.769238,50,-1,0.363782,-1,-1
26.153854,60,-1,0.363782,-1,-1
26.153854,53,-1,1.459936,-1,-1
26.538469,65,-1,0.363782,-1,-1
26.923085,65,-1,0.363782,-1,-1
27.307700,64,-1,0.363782,-1,-1
27.692316,64,-1,0.363782,-1,-1
27.692316,55,-1,0.363782,-1,-1
28.076931,62,-1,0.363782,-1,-1
28.076931,50,-1,0.363782,-1,-1
28.461547,57,-1,0.363782,-1,-1
28.461547,60,-1,0.729167,-1,-1
28.846162,62,-1,1.094552,-1,-1
29.230778,55,-1,1.459936,-1,-1
29.230778,59,-1,1.459936,-1,-1
30.000009,62,-1,0.363782,-1,-1
30.384624,64,-1,0.363782,-1,-1
30.769240,48,-1,0.363782,-1,-1
31.153855,63,-1,0.363782,-1,-1
31.153855,58,-1,0.363782,-1,-1
31.538471,64,-1,0.363782,-1,-1
31.538471,64,-1,0.363782,-1,-1
31.923086,69,-1,0.729167,-1,-1
31.923086,55,-1,0.363782,-1,-1
32.307702,58,-1,1.459936,-1,-1
32.692317,67,-1,0.729167,-1,-1
33.461548,65,-1,0.729167,-1,-1
33.846164,53,-1,0.363782,-1,-1
34.230779,67,-1,0.363782,-1,-1
34.230779,57,-1,0.363782,-1,-1
34.615395,69,-1,0.363782,-1,-1
34.615395,60,-1,0.363782,-1,-1
35.000010,77,-1,1.825321,-1,-1
35.000010,53,-1,0.363782,-1,-1
35.384626,57,-1,0.729167,-1,-1
36.153857,52,-1,0.729167,-1,-1
36.923088,41,-1,0.363782,-1,-1
37.307703,57,-1,0.363782,-1,-1
37.307703,48,-1,0.363782,-1,-1
37.692319,57,-1,0.363782,-1,-1
37.692319,53,-1,0.729167,-1,-1
38.076934,60,-1,0.363782,-1,-1
38.461550,60,-1,0.363782,-1,-1
38.461550,60,-1,1.459936,-1,-1
38.846165,65,-1,0.363782,-1,-1
39.230781,65,-1,0.363782,-1,-1
39.615396,64,-1,0.363782,-1,-1
40.000012,64,-1,0.363782,-1,-1
40.000012,43,-1,0.363782,-1,-1
40.384627,62,-1,0.363782,-1,-1
40.384627,47,-1,0.363782,-1,-1
40.769243,57,-1,0.363782,-1,-1
40.769243,55,-1,0.729167,-1,-1
41.153858,62,-1,1.825321,-1,-1
41.538474,50,-1,1.459936,-1,-1
43.076936,48,-1,2.921475,-1,-1
43.461551,62,-1,0.363782,-1,-1
43.846167,62,-1,0.363782,-1,-1
44.230782,64,-1,0.363782,-1,-1
44.615398,64,-1,0.363782,-1,-1
45.000013,69,-1,0.363782,-1,-1
45.384629,69,-1,0.363782,-1,-1
45.769244,64,-1,0.363782,-1,-1
46.153860,64,-1,0.729167,-1,-1
46.153860,41,-1,0.363782,-1,-1
46.538475,48,-1,0.363782,-1,-1
46.923091,57,-1,0.363782,-1,-1
46.923091,48,-1,0.729167,-1,-1
46.923091,53,-1,0.729167,-1,-1
47.307706,60,-1,1.825321,-1,-1
47.692322,53,-1,0.729167,-1,-1
47.692322,57,-1,0.729167,-1,-1
48.461553,52,-1,0.729167,-1,-1
49.230784,38,-1,0.363782,-1,-1
49.615399,57,-1,0.363782,-1,-1
49.615399,45,-1,0.363782,-1,-1
50.000015,57,-1,0.363782,-1,-1
50.000015,53,-1,1.459936,-1,-1
50.384630,60,-1,0.363782,-1,-1
50.769246,60,-1,0.363782,-1,-1
51.153861,65,-1,0.363782,-1,-1
51.538477,65,-1,0.363782,-1,-1
51.923092,64,-1,0.363782,-1,-1
52.307708,64,-1,0.363782,-1,-1
52.307708,43,-1,0.363782,-1,-1
52.692323,62,-1,0.363782,-1,-1
52.692323,50,-1,0.363782,-1,-1
53.076939,57,-1,0.363782,-1,-1
53.076939,55,-1,1.459936,-1,-1
53.461554,62,-1,0.729167,-1,-1
54.230785,62,-1,0.363782,-1,-1
54.615401,65,-1,0.363782,-1,-1
55.000016,64,-1,0.363782,-1,-1
55.384632,36,-1,0.363782,-1,-1
55.769247,63,-1,0.363782,-1,-1
55.769247,43,-1,0.363782,-1,-1
56.153863,64,-1,0.363782,-1,-1
56.153863,46,-1,0.363782,-1,-1
56.538478,69,-1,0.729167,-1,-1
56.538478,43,-1,0.363782,-1,-1
56.923094,55,-1,1.459936,-1,-1
57.307709,67,-1,0.729167,-1,-1
58.076940,65,-1,1.825321,-1,-1
58.461556,41,-1,0.363782,-1,-1
58.846171,48,-1,0.729167,-1,-1
59.615402,48,-1,0.363782,-1,-1
60.000018,69,-1,0.363782,-1,-1
60.000018,43,-1,0.363782,-1,-1
60.384633,67,-1,0.181090,-1,-1
60.384633,48,-1,0.363782,-1,-1
60.576941,65,-1,0.546475,-1,-1
60.769249,55,-1,0.729167,-1,-1
61.153864,64,-1,0.363782,-1,-1
61.538480,62,-1,0.363782,-1,-1
61.538480,46,-1,2.921475,-1,-1
61.923095,62,-1,0.363782,-1,-1
62.307711,62,-1,0.363782,-1,-1
62.692326,62,-1,0.363782,-1,-1
63.076942,62,-1,0.363782,-1,-1
63.461557,69,-1,0.363782,-1,-1
63.846173,67,-1,0.363782,-1,-1
64.230788,67,-1,1.825321,-1,-1
64.615404,48,-1,2.921475,-1,-1
66.153866,67,-1,0.363782,-1,-1
66.538481,65,-1,0.181090,-1,-1
66.730789,64,-1,0.546475,-1,-1
67.307712,62,-1,0.363782,-1,-1
67.692328,60,-1,0.363782,-1,-1
67.692328,45,-1,2.921475,-1,-1
68.076943,60,-1,0.363782,-1,-1
68.461559,60,-1,0.363782,-1,-1
68.846174,60,-1,0.363782,-1,-1
69.230790,60,-1,0.363782,-1,-1
69.615405,67,-1,0.363782,-1,-1
70.000021,65,-1,0.363782,-1,-1
70.384636,65,-1,0.363782,-1,-1
70.769252,65,-1,0.729167,-1,-1
70.769252,38,-1,2.190706,-1,-1
70.769252,50,-1,2.190706,-1,-1
71.923098,65,-1,0.363782,-1,-1
72.307714,65,-1,0.363782,-1,-1
72.692329,60,-1,0.363782,-1,-1
73.076945,60,-1,0.363782,-1,-1
73.076945,48,-1,0.729167,-1,-1
73.461560,53,-1,0.363782,-1,-1
73.846176,57,-1,0.363782,-1,-1
73.846176,43,-1,2.921475,-1,-1
73.846176,55,-1,2.921475,-1,-1
74.230791,55,-1,0.363782,-1,-1
74.615407,55,-1,0.363782,-1,-1
75.000022,62,-1,0.363782,-1,-1
76.538484,62,-1,0.729167,-1,-1
76.923100,47,-1,2.921475,-1,-1
77.307715,62,-1,0.363782,-1,-1
77.692331,62,-1,0.363782,-1,-1
78.076946,62,-1,0.181090,-1,-1
78.269254,65,-1,0.546475,-1,-1
78.846177,62,-1,0.363782,-1,-1
79.230793,65,-1,0.363782,-1,-1
79.615408,62,-1,0.363782,-1,-1
80.000024,65,-1,0.363782,-1,-1
80.000024,48,-1,2.921475,-1,-1
80.384639,65,-1,0.363782,-1,-1
80.769255,65,-1,0.363782,-1,-1
81.153870,65,-1,0.363782,-1,-1
81.538486,69,-1,0.363782,-1,-1
81.923101,67,-1,0.729167,-1,-1
82.692332,67,-1,0.363782,-1,-1
83.076948,36,-1,2.921475,-1,-1
84.230794,60,-1,0.363782,-1,-1
84.615410,69,-1,0.363782,-1,-1
85.000025,67,-1,0.181090,-1,-1
85.192333,65,-1,0.546475,-1,-1
85.769256,67,-1,0.363782,-1,-1
86.153872,69,-1,0.363782,-1,-1
86.153872,41,-1,0.729167,-1,-1
86.538487,60,-1,0.363782,-1,-1
86.923103,67,-1,0.363782,-1,-1
86.923103,48,-1,0.729167,-1,-1
86.923103,53,-1,0.729167,-1,-1
87.307718,69,-1,0.729167,-1,-1
87.692334,41,-1,0.363782,-1,-1
88.076949,60,-1,0.363782,-1,-1
88.076949,41,-1,0.363782,-1,-1
88.461565,67,-1,0.363782,-1,-1
88.461565,48,-1,0.729167,-1,-1
88.461565,53,-1,0.729167,-1,-1
88.846180,69,-1,0.363782,-1,-1
89.230796,48,-1,0.729167,-1,-1
89.615411,67,-1,0.363782,-1,-1
90.000027,67,-1,0.363782,-1,-1
90.000027,52,-1,0.729167,-1,-1
90.000027,55,-1,0.729167,-1,-1
90.384642,69,-1,0.181090,-1,-1
90.576950,70,-1,0.546475,-1,-1
90.769258,48,-1,0.363782,-1,-1
91.153873,69,-1,0.363782,-1,-1
91.153873,48,-1,0.363782,-1,-1
91.538489,67,-1,0.363782,-1,-1
91.538489,52,-1,0.729167,-1,-1
91.538489,55,-1,0.729167,-1,-1
91.923104,64,-1,0.363782,-1,-1
92.307720,65,-1,0.363782,-1,-1
92.307720,38,-1,0.729167,-1,-1
92.692335,57,-1,0.363782,-1,-1
93.076951,62,-1,0.363782,-1,-1
93.076951,45,-1,0.729167,-1,-1
93.076951,50,-1,0.729167,-1,-1
93.461566,65,-1,0.729167,-1,-1
93.846182,38,-1,0.363782,-1,-1
94.230797,57,-1,0.363782,-1,-1
94.230797,38,-1,0.363782,-1,-1
94.615413,62,-1,0.363782,-1,-1
94.615413,45,-1,0.729167,-1,-1
94.615413,50,-1,0.729167,-1,-1
95.000028,64,-1,0.363782,-1,-1
95.384644,45,-1,0.729167,-1,-1
95.769259,64,-1,0.363782,-1,-1
96.153875,64,-1,0.363782,-1,-1
96.153875,48,-1,0.729167,-1,-1
96.153875,52,-1,0.729167,-1,-1
96.538490,69,-1,0.181090,-1,-1
96.730798,72,-1,0.546475,-1,-1
96.923106,45,-1,0.363782,-1,-1
97.307721,69,-1,0.363782,-1,-1
97.307721,45,-1,0.363782,-1,-1
97.692337,65,-1,0.363782,-1,-1
97.692337,48,-1,0.729167,-1,-1
97.692337,52,-1,0.729167,-1,-1
98.076952,64,-1,0.363782,-1,-1
98.461568,62,-1,0.363782,-1,-1
98.461568,47,-1,0.729167,-1,-1
98.846183,70,-1,0.181090,-1,-1
99.038491,70,-1,0.911859,-1,-1
99.230799,50,-1,0.729167,-1,-1
99.230799,53,-1,0.729167,-1,-1
100.000030,47,-1,0.363782,-1,-1
100.384645,72,-1,0.363782,-1,-1
100.384645,47,-1,0.363782,-1,-1
100.769261,70,-1,0.363782,-1,-1
100.769261,50,-1,0.729167,-1,-1
100.769261,53,-1,0.729167,-1,-1
101.153876,69,-1,0.363782,-1,-1
101.538492,60,-1,0.363782,-1,-1
101.538492,41,-1,0.729167,-1,-1
101.923107,69,-1,0.181090,-1,-1
102.115415,69,-1,0.911859,-1,-1
102.307723,48,-1,0.729167,-1,-1
102.307723,53,-1,0.729167,-1,-1
103.076954,41,-1,0.363782,-1,-1
103.461569,70,-1,0.363782,-1,-1
103.461569,41,-1,0.363782,-1,-1
103.846185,69,-1,0.363782,-1,-1
103.846185,48,-1,0.729167,-1,-1
103.846185,53,-1,0.729167,-1,-1
104.230800,67,-1,0.363782,-1,-1
104.615416,59,-1,0.363782,-1,-1
104.615416,43,-1,0.729167,-1,-1
105.000031,67,-1,0.181090,-1,-1
105.192339,67,-1,0.911859,-1,-1
105.384647,50,-1,0.729167,-1,-1
105.384647,55,-1,0.729167,-1,-1
106.153878,43,-1,0.363782,-1,-1
106.538493,67,-1,0.363782,-1,-1
106.538493,43,-1,0.363782,-1,-1
106.923109,65,-1,0.363782,-1,-1
106.923109,50,-1,0.729167,-1,-1
106.923109,55,-1,0.729167,-1,-1
107.307724,69,-1,0.363782,-1,-1
107.692340,48,-1,0.729167,-1,-1
108.076955,67,-1,0.363782,-1,-1
108.461571,65,-1,0.363782,-1,-1
108.461571,52,-1,0.729167,-1,-1
108.461571,55,-1,0.729167,-1,-1
108.846186,69,-1,0.729167,-1,-1
109.230802,48,-1,0.363782,-1,-1
109.615417,67,-1,0.729167,-1,-1
109.615417,48,-1,0.363782,-1,-1
110.000033,52,-1,0.729167,-1,-1
110.000033,59,-1,0.729167,-1,-1
110.384648,65,-1,0.363782,-1,-1
110.769264,69,-1,0.363782,-1,-1
110.769264,41,-1,0.729167,-1,-1
111.153879,60,-1,0.363782,-1,-1
111.538495,67,-1,0.363782,-1,-1
111.538495,48,-1,0.729167,-1,-1
111.538495,53,-1,0.729167,-1,-1
111.923110,69,-1,0.729167,-1,-1
112.307726,41,-1,0.363782,-1,-1
112.692341,60,-1,0.363782,-1,-1
112.692341,41,-1,0.363782,-1,-1
113.076957,67,-1,0.363782,-1,-1
113.076957,48,-1,0.363782,-1,-1
113.076957,53,-1,0.363782,-1,-1
113.461572,69,-1,0.363782,-1,-1
113.461572,43,-1,0.363782,-1,-1
113.461572,47,-1,0.363782,-1,-1
113.846188,36,-1,0.729167,-1,-1
114.230803,67,-1,0.363782,-1,-1
114.615419,67,-1,0.363782,-1,-1
114.615419,43,-1,0.729167,-1,-1
114.615419,48,-1,0.729167,-1,-1
115.000034,69,-1,0.181090,-1,-1
115.192342,70,-1,0.546475,-1,-1
115.384650,36,-1,0.363782,-1,-1
115.769265,72,-1,0.363782,-1,-1
115.769265,36,-1,0.363782,-1,-1
116.153881,67,-1,0.363782,-1,-1
116.153881,43,-1,0.363782,-1,-1
116.153881,48,-1,0.363782,-1,-1
116.538496,64,-1,0.363782,-1,-1
116.538496,40,-1,0.363782,-1,-1
116.923112,65,-1,0.363782,-1,-1
116.923112,38,-1,0.729167,-1,-1
117.307727,57,-1,0.363782,-1,-1
117.692343,62,-1,0.363782,-1,-1
117.692343,45,-1,0.729167,-1,-1
117.692343,50,-1,0.729167,-1,-1
118.076958,65,-1,0.729167,-1,-1
118.461574,38,-1,0.363782,-1,-1
118.846189,57,-1,0.363782,-1,-1
118.846189,38,-1,0.363782,-1,-1
119.230805,62,-1,0.363782,-1,-1
119.230805,45,-1,0.729167,-1,-1
119.230805,50,-1,0.729167,-1,-1
119.615420,64,-1,0.363782,-1,-1
120.000036,45,-1,0.729167,-1,-1
120.384651,64,-1,0.363782,-1,-1
120.769267,64,-1,0.363782,-1,-1
120.769267,48,-1,0.729167,-1,-1
120.769267,52,-1,0.729167,-1,-1
121.153882,69,-1,0.181090,-1,-1
121.346190,72,-1,0.546475,-1,-1
121.538498,45,-1,0.363782,-1,-1
121.923113,69,-1,0.363782,-1,-1
121.923113,45,-1,0.363782,-1,-1
122.307729,65,-1,0.363782,-1,-1
122.307729,48,-1,0.729167,-1,-1
122.307729,52,-1,0.729167,-1,-1
122.692344,64,-1,0.363782,-1,-1
123.076960,62,-1,0.363782,-1,-1
123.076960,47,-1,0.729167,-1,-1
123.461575,70,-1,0.181090,-1,-1
123.653883,70,-1,0.911859,-1,-1
123.846191,50,-1,0.729167,-1,-1
123.846191,53,-1,0.729167,-1,-1
124.615422,47,-1,0.363782,-1,-1
125.000037,72,-1,0.363782,-1,-1
125.000037,47,-1,0.363782,-1,-1
125.384653,70,-1,0.363782,-1,-1
125.384653,50,-1,0.729167,-1,-1
125.384653,53,-1,0.729167,-1,-1
125.769268,69,-1,0.363782,-1,-1
126.153884,60,-1,0.363782,-1,-1
126.153884,41,-1,0.729167,-1,-1
126.538499,69,-1,0.181090,-1,-1
126.730807,69,-1,0.911859,-1,-1
126.923115,48,-1,0.729167,-1,-1
126.923115,53,-1,0.729167,-1,-1
127.692346,41,-1,0.363782,-1,-1
128.076961,70,-1,0.363782,-1,-1
128.076961,41,-1,0.363782,-1,-1
128.461577,69,-1,0.363782,-1,-1
128.461577,48,-1,0.729167,-1,-1
128.461577,53,-1,0.729167,-1,-1
128.846192,67,-1,0.363782,-1,-1
129.230808,59,-1,0.363782,-1,-1
129.230808,43,-1,0.729167,-1,-1
129.615423,67,-1,0.181090,-1,-1
129.807731,67,-1,2.373398,-1,-1
130.000039,50,-1,0.729167,-1,-1
130.000039,55,-1,0.729167,-1,-1
130.769270,43,-1,0.363782,-1,-1
131.153885,43,-1,0.363782,-1,-1
131.538501,50,-1,0.729167,-1,-1
131.538501,55,-1,0.729167,-1,-1
132.307732,48,-1,2.921475,-1,-1
132.692347,69,-1,0.363782,-1,-1
133.076963,65,-1,0.363782,-1,-1
133.461578,65,-1,0.363782,-1,-1
133.846194,69,-1,0.546475,-1,-1
134.423117,67,-1,0.546475,-1,-1
135.000040,65,-1,0.363782,-1,-1
135.384656,60,-1,1.459936,-1,-1
135.384656,41,-1,0.729167,-1,-1
136.153887,48,-1,0.729167,-1,-1
136.153887,53,-1,0.729167,-1,-1
136.923118,57,-1,0.363782,-1,-1
136.923118,41,-1,0.363782,-1,-1
137.307733,60,-1,0.363782,-1,-1
137.307733,41,-1,0.363782,-1,-1
137.692349,65,-1,0.363782,-1,-1
137.692349,48,-1,0.729167,-1,-1
137.692349,53,-1,0.729167,-1,-1
138.076964,69,-1,0.363782,-1,-1
138.461580,67,-1,1.094552,-1,-1
138.461580,43,-1,0.729167,-1,-1
139.230811,47,-1,0.729167,-1,-1
139.230811,55,-1,0.729167,-1,-1
139.615426,62,-1,0.363782,-1,-1
140.000042,62,-1,1.094552,-1,-1
140.000042,43,-1,0.363782,-1,-1
140.384657,43,-1,0.363782,-1,-1
140.769273,50,-1,0.729167,-1,-1
140.769273,55,-1,0.729167,-1,-1
141.153888,64,-1,0.181090,-1,-1
141.346196,65,-1,0.181090,-1,-1
141.538504,67,-1,0.729167,-1,-1
141.538504,36,-1,0.729167,-1,-1
142.307735,67,-1,0.363782,-1,-1
142.307735,48,-1,0.729167,-1,-1
142.307735,55,-1,0.729167,-1,-1
142.692350,67,-1,0.181090,-1,-1
142.884658,65,-1,0.181090,-1,-1
143.076966,67,-1,0.181090,-1,-1
143.076966,36,-1,0.363782,-1,-1
143.269274,69,-1,0.181090,-1,-1
143.461581,71,-1,0.181090,-1,-1
143.461581,36,-1,0.363782,-1,-1
143.653889,69,-1,0.181090,-1,-1
143.846197,71,-1,0.181090,-1,-1
143.846197,43,-1,0.363782,-1,-1
143.846197,48,-1,0.363782,-1,-1
144.038505,72,-1,0.181090,-1,-1
144.230812,71,-1,0.181090,-1,-1
144.230812,45,-1,0.363782,-1,-1
144.423120,72,-1,0.181090,-1,-1
144.615428,74,-1,0.181090,-1,-1
144.615428,34,-1,0.729167,-1,-1
144.615428,46,-1,0.729167,-1,-1
144.807736,71,-1,0.181090,-1,-1
145.000043,72,-1,0.181090,-1,-1
145.192351,74,-1,0.181090,-1,-1
145.384659,76,-1,0.181090,-1,-1
145.384659,35,-1,0.729167,-1,-1
145.384659,47,-1,0.729167,-1,-1
145.576967,74,-1,0.181090,-1,-1
145.769274,76,-1,0.181090,-1,-1
145.961582,77,-1,0.181090,-1,-1
146.153890,79,-1,0.181090,-1,-1
146.153890,36,-1,0.363782,-1,-1
146.153890,48,-1,0.363782,-1,-1
146.346198,77,-1,0.181090,-1,-1
146.538505,76,-1,0.181090,-1,-1
146.538505,36,-1,0.363782,-1,-1
146.538505,48,-1,0.363782,-1,-1
146.730813,74,-1,0.181090,-1,-1
146.923121,72,-1,0.729167,-1,-1
146.923121,36,-1,0.729167,-1,-1
147.692352,41,-1,0.729167,-1,-1
148.076967,57,-1,0.363782,-1,-1
148.461583,57,-1,0.363782,-1,-1
148.461583,48,-1,0.729167,-1,-1
148.461583,53,-1,0.729167,-1,-1
148.846198,60,-1,0.181090,-1,-1
149.038506,60,-1,0.546475,-1,-1
149.230814,41,-1,0.363782,-1,-1
149.615429,65,-1,0.363782,-1,-1
149.615429,41,-1,0.363782,-1,-1
150.000045,65,-1,0.363782,-1,-1
150.000045,48,-1,0.729167,-1,-1
150.000045,53,-1,0.729167,-1,-1
150.384660,64,-1,0.363782,-1,-1
150.769276,64,-1,0.363782,-1,-1
150.769276,43,-1,0.729167,-1,-1
151.153891,62,-1,0.363782,-1,-1
151.538507,57,-1,0.363782,-1,-1
151.538507,47,-1,0.729167,-1,-1
151.538507,55,-1,0.729167,-1,-1
151.923122,62,-1,1.825321,-1,-1
152.307738,43,-1,0.363782,-1,-1
152.692353,43,-1,0.363782,-1,-1
153.076969,50,-1,0.729167,-1,-1
153.076969,55,-1,0.729167,-1,-1
153.846200,48,-1,0.729167,-1,-1
154.230815,62,-1,0.363782,-1,-1
154.615431,62,-1,0.363782,-1,-1
154.615431,52,-1,0.729167,-1,-1
154.615431,55,-1,0.729167,-1,-1
155.000046,64,-1,0.181090,-1,-1
155.192354,64,-1,0.546475,-1,-1
155.384662,48,-1,0.363782,-1,-1
155.769277,69,-1,0.363782,-1,-1
155.769277,48,-1,0.363782,-1,-1
156.153893,69,-1,0.363782,-1,-1
156.153893,52,-1,0.729167,-1,-1
156.153893,55,-1,0.729167,-1,-1
156.538508,64,-1,0.363782,-1,-1
156.923124,64,-1,0.729167,-1,-1
156.923124,41,-1,0.729167,-1,-1
157.692355,57,-1,0.363782,-1,-1
157.692355,48,-1,0.729167,-1,-1
157.692355,53,-1,0.729167,-1,-1
158.076970,60,-1,0.546475,-1,-1
158.461586,41,-1,0.363782,-1,-1
158.653894,62,-1,0.181090,-1,-1
158.846201,60,-1,1.094552,-1,-1
158.846201,41,-1,0.363782,-1,-1
159.230817,43,-1,0.363782,-1,-1
159.230817,48,-1,0.363782,-1,-1
159.230817,53,-1,0.363782,-1,-1
159.615432,45,-1,0.363782,-1,-1
160.000048,38,-1,0.729167,-1,-1
160.384663,57,-1,0.363782,-1,-1
160.769279,57,-1,0.363782,-1,-1
160.769279,45,-1,0.729167,-1,-1
160.769279,50,-1,0.729167,-1,-1
161.153894,60,-1,0.181090,-1,-1
161.346202,60,-1,0.546475,-1,-1
161.538510,38,-1,0.363782,-1,-1
161.923125,65,-1,0.363782,-1,-1
161.923125,38,-1,0.363782,-1,-1
162.307741,65,-1,0.363782,-1,-1
162.307741,45,-1,0.729167,-1,-1
162.307741,50,-1,0.729167,-1,-1
162.692356,67,-1,0.363782,-1,-1
163.076972,64,-1,0.363782,-1,-1
163.076972,43,-1,0.729167,-1,-1
163.461587,65,-1,0.363782,-1,-1
163.846203,57,-1,0.363782,-1,-1
163.846203,47,-1,0.729167,-1,-1
163.846203,55,-1,0.729167,-1,-1
164.230818,62,-1,0.729167,-1,-1
164.615434,43,-1,0.363782,-1,-1
165.000049,62,-1,0.363782,-1,-1
165.000049,43,-1,0.363782,-1,-1
165.384665,65,-1,0.363782,-1,-1
165.384665,50,-1,0.729167,-1,-1
165.384665,55,-1,0.729167,-1,-1
165.769280,64,-1,0.363782,-1,-1
166.153896,48,-1,0.729167,-1,-1
166.538511,63,-1,0.363782,-1,-1
166.923127,64,-1,0.363782,-1,-1
166.923127,52,-1,0.729167,-1,-1
166.923127,55,-1,0.729167,-1,-1
167.307742,69,-1,0.729167,-1,-1
167.692358,48,-1,0.363782,-1,-1
168.076973,67,-1,0.729167,-1,-1
168.076973,48,-1,0.363782,-1,-1
168.461589,55,-1,0.729167,-1,-1
168.461589,59,-1,0.729167,-1,-1
168.846204,65,-1,1.825321,-1,-1
169.230820,41,-1,0.729167,-1,-1
170.000051,48,-1,0.729167,-1,-1
170.000051,53,-1,0.729167,-1,-1
170.769282,69,-1,0.363782,-1,-1
170.769282,41,-1,0.363782,-1,-1
171.153897,67,-1,0.181090,-1,-1
171.153897,41,-1,0.363782,-1,-1
171.346205,65,-1,0.546475,-1,-1
171.538513,48,-1,0.729167,-1,-1
171.538513,53,-1,0.729167,-1,-1
171.923128,64,-1,0.363782,-1,-1
172.307744,62,-1,0.363782,-1,-1
172.307744,34,-1,0.729167,-1,-1
172.692359,62,-1,0.363782,-1,-1
173.076975,62,-1,0.363782,-1,-1
173.076975,41,-1,0.729167,-1,-1
173.076975,46,-1,0.729167,-1,-1
173.461590,62,-1,0.363782,-1,-1
173.846206,62,-1,0.363782,-1,-1
173.846206,34,-1,0.363782,-1,-1
174.230821,69,-1,0.363782,-1,-1
174.230821,34,-1,0.363782,-1,-1
174.615437,67,-1,0.363782,-1,-1
174.615437,41,-1,0.729167,-1,-1
174.615437,46,-1,0.729167,-1,-1
175.000052,67,-1,1.825321,-1,-1
175.384668,36,-1,0.729167,-1,-1
176.153899,43,-1,0.729167,-1,-1
176.153899,48,-1,0.729167,-1,-1
176.923130,69,-1,0.363782,-1,-1
176.923130,36,-1,0.363782,-1,-1
177.307745,67,-1,0.181090,-1,-1
177.307745,36,-1,0.363782,-1,-1
177.500053,64,-1,0.546475,-1,-1
177.692361,43,-1,0.729167,-1,-1
177.692361,48,-1,0.729167,-1,-1
178.076976,62,-1,0.363782,-1,-1
178.461592,60,-1,0.363782,-1,-1
178.461592,45,-1,0.729167,-1,-1
178.846207,60,-1,0.363782,-1,-1
179.230823,60,-1,0.363782,-1,-1
179.230823,48,-1,0.729167,-1,-1
179.230823,52,-1,0.729167,-1,-1
179.615438,60,-1,0.363782,-1,-1
180.000054,60,-1,0.363782,-1,-1
180.000054,45,-1,0.363782,-1,-1
180.384669,67,-1,0.363782,-1,-1
180.384669,45,-1,0.363782,-1,-1
180.769285,65,-1,0.363782,-1,-1
180.769285,48,-1,0.729167,-1,-1
180.769285,52,-1,0.729167,-1,-1
181.153900,65,-1,1.094552,-1,-1
181.538516,38,-1,0.729167,-1,-1
182.307747,45,-1,0.729167,-1,-1
182.307747,50,-1,0.729167,-1,-1
182.692362,65,-1,0.363782,-1,-1
183.076978,65,-1,0.363782,-1,-1
183.076978,38,-1,0.363782,-1,-1
183.461593,60,-1,0.363782,-1,-1
183.461593,38,-1,0.363782,-1,-1
183.846209,60,-1,0.363782,-1,-1
183.846209,45,-1,0.729167,-1,-1
183.846209,50,-1,0.729167,-1,-1
184.230824,53,-1,0.363782,-1,-1
184.615440,57,-1,0.363782,-1,-1
184.615440,43,-1,0.729167,-1,-1
185.000055,55,-1,0.363782,-1,-1
185.384671,55,-1,0.363782,-1,-1
185.384671,50,-1,0.729167,-1,-1
185.384671,55,-1,0.729167,-1,-1
185.769286,62,-1,1.094552,-1,-1
186.153902,43,-1,0.363782,-1,-1
186.538517,43,-1,0.363782,-1,-1
186.923133,50,-1,0.729167,-1,-1
186.923133,55,-1,0.729167,-1,-1
187.307748,62,-1,0.363782,-1,-1
187.692364,62,-1,0.363782,-1,-1
187.692364,47,-1,0.729167,-1,-1
188.076979,62,-1,0.363782,-1,-1
188.461595,62,-1,0.363782,-1,-1
188.461595,43,-1,0.729167,-1,-1
188.461595,50,-1,0.729167,-1,-1
188.846210,62,-1,0.181090,-1,-1
189.038518,65,-1,0.546475,-1,-1
189.230826,43,-1,0.363782,-1,-1
189.615441,62,-1,0.363782,-1,-1
189.615441,43,-1,0.363782,-1,-1
190.000057,65,-1,0.363782,-1,-1
190.000057,47,-1,0.729167,-1,-1
190.000057,55,-1,0.729167,-1,-1
190.384672,62,-1,0.363782,-1,-1
190.769288,65,-1,0.363782,-1,-1
190.769288,48,-1,0.363782,-1,-1
191.153903,65,-1,0.363782,-1,-1
191.153903,48,-1,0.363782,-1,-1
191.538519,65,-1,0.363782,-1,-1
191.538519,48,-1,0.363782,-1,-1
191.923134,65,-1,0.363782,-1,-1
191.923134,48,-1,0.363782,-1,-1
192.307750,69,-1,0.363782,-1,-1
192.307750,48,-1,0.363782,-1,-1
192.692365,67,-1,0.729167,-1,-1
192.692365,48,-1,0.363782,-1,-1
193.076981,48,-1,0.363782,-1,-1
193.461596,67,-1,0.363782,-1,-1
193.461596,48,-1,0.363782,-1,-1
193.846212,36,-1,0.363782,-1,-1
193.846212,48,-1,0.363782,-1,-1
194.230827,48,-1,0.363782,-1,-1
194.615443,55,-1,0.729167,-1,-1
194.615443,60,-1,0.729167,-1,-1
195.000058,60,-1,0.363782,-1,-1
195.384674,69,-1,0.363782,-1,-1
195.384674,36,-1,0.729167,-1,-1
195.384674,48,-1,0.729167,-1,-1
195.769289,67,-1,0.181090,-1,-1
195.961597,65,-1,0.546475,-1,-1
196.153905,36,-1,0.729167,-1,-1
196.153905,46,-1,0.729167,-1,-1
196.538520,67,-1,0.363782,-1,-1
196.923136,69,-1,0.363782,-1,-1
196.923136,41,-1,0.729167,-1,-1
197.307751,60,-1,0.363782,-1,-1
197.692367,67,-1,0.363782,-1,-1
197.692367,48,-1,0.729167,-1,-1
197.692367,53,-1,0.729167,-1,-1
198.076982,69,-1,0.729167,-1,-1
198.461598,41,-1,0.363782,-1,-1
198.846213,60,-1,0.363782,-1,-1
198.846213,41,-1,0.363782,-1,-1
199.230829,67,-1,0.363782,-1,-1
199.230829,48,-1,0.729167,-1,-1
199.230829,53,-1,0.729167,-1,-1
199.615444,69,-1,0.363782,-1,-1
200.000060,36,-1,0.729167,-1,-1
200.384675,67,-1,0.363782,-1,-1
200.769291,67,-1,0.363782,-1,-1
200.769291,43,-1,0.729167,-1,-1
200.769291,52,-1,0.729167,-1,-1
201.153906,69,-1,0.181090,-1,-1
201.346214,70,-1,0.546475,-1,-1
201.538522,36,-1,0.363782,-1,-1
201.923137,69,-1,0.363782,-1,-1
201.923137,36,-1,0.363782,-1,-1
202.307753,67,-1,0.363782,-1,-1
202.307753,48,-1,0.729167,-1,-1
202.307753,52,-1,0.729167,-1,-1
202.692368,64,-1,0.363782,-1,-1
203.076984,65,-1,0.363782,-1,-1
203.076984,38,-1,0.729167,-1,-1
203.461599,57,-1,0.363782,-1,-1
203.846215,62,-1,0.363782,-1,-1
203.846215,45,-1,0.729167,-1,-1
203.846215,50,-1,0.729167,-1,-1
204.230830,65,-1,0.729167,-1,-1
204.615446,38,-1,0.363782,-1,-1
205.000061,57,-1,0.363782,-1,-1
205.000061,38,-1,0.363782,-1,-1
205.384677,62,-1,0.363782,-1,-1
205.384677,45,-1,0.729167,-1,-1
205.384677,50,-1,0.729167,-1,-1
205.769292,64,-1,0.363782,-1,-1
206.153908,33,-1,0.729167,-1,-1
206.538523,64,-1,0.363782,-1,-1
206.923139,64,-1,0.363782,-1,-1
206.923139,48,-1,0.729167,-1,-1
206.923139,52,-1,0.729167,-1,-1
207.307754,69,-1,0.181090,-1,-1
207.500062,72,-1,0.546475,-1,-1
207.692370,45,-1,0.363782,-1,-1
208.076985,69,-1,0.363782,-1,-1
208.076985,45,-1,0.363782,-1,-1
208.461601,65,-1,0.363782,-1,-1
208.461601,48,-1,0.729167,-1,-1
208.461601,52,-1,0.729167,-1,-1
208.846216,64,-1,0.363782,-1,-1
209.230832,62,-1,0.363782,-1,-1
209.230832,46,-1,0.729167,-1,-1
209.615447,70,-1,0.181090,-1,-1
209.807755,70,-1,0.911859,-1,-1
210.000063,50,-1,0.729167,-1,-1
210.000063,53,-1,0.729167,-1,-1
210.769294,46,-1,0.363782,-1,-1
211.153909,72,-1,0.363782,-1,-1
211.153909,46,-1,0.363782,-1,-1
211.538525,70,-1,0.363782,-1,-1
211.538525,50,-1,0.729167,-1,-1
211.538525,53,-1,0.729167,-1,-1
211.923140,69,-1,0.363782,-1,-1
212.307756,60,-1,0.363782,-1,-1
212.307756,41,-1,0.729167,-1,-1
212.692371,69,-1,0.181090,-1,-1
212.884679,69,-1,0.911859,-1,-1
213.076987,48,-1,0.729167,-1,-1
213.076987,53,-1,0.729167,-1,-1
213.846218,41,-1,0.363782,-1,-1
214.230833,70,-1,0.363782,-1,-1
214.230833,41,-1,0.363782,-1,-1
214.615449,69,-1,0.363782,-1,-1
214.615449,48,-1,0.729167,-1,-1
214.615449,53,-1,0.729167,-1,-1
215.000064,67,-1,0.363782,-1,-1
215.384680,59,-1,0.363782,-1,-1
215.384680,43,-1,0.729167,-1,-1
215.769295,67,-1,0.181090,-1,-1
215.961603,67,-1,0.911859,-1,-1
216.153911,50,-1,0.729167,-1,-1
216.153911,55,-1,0.729167,-1,-1
216.923142,43,-1,0.363782,-1,-1
217.307757,67,-1,0.363782,-1,-1
217.307757,43,-1,0.363782,-1,-1
217.692373,65,-1,0.363782,-1,-1
217.692373,50,-1,0.729167,-1,-1
217.692373,55,-1,0.729167,-1,-1
218.076988,69,-1,0.363782,-1,-1
218.461604,48,-1,0.729167,-1,-1
218.846219,67,-1,0.363782,-1,-1
219.230835,65,-1,0.363782,-1,-1
219.230835,52,-1,0.729167,-1,-1
219.230835,55,-1,0.729167,-1,-1
219.615450,69,-1,0.729167,-1,-1
220.000066,48,-1,0.363782,-1,-1
220.384681,67,-1,0.729167,-1,-1
220.384681,48,-1,0.363782,-1,-1
220.769297,52,-1,0.363782,-1,-1
220.769297,58,-1,0.363782,-1,-1
221.153912,65,-1,0.363782,-1,-1
221.153912,36,-1,0.363782,-1,-1
221.538528,69,-1,0.363782,-1,-1
221.538528,41,-1,0.729167,-1,-1
221.923143,60,-1,0.363782,-1,-1
222.307759,67,-1,0.363782,-1,-1
222.307759,48,-1,0.729167,-1,-1
222.307759,53,-1,0.729167,-1,-1
222.692374,69,-1,0.729167,-1,-1
223.076990,41,-1,0.363782,-1,-1
223.461605,60,-1,0.363782,-1,-1
223.461605,41,-1,0.363782,-1,-1
223.846221,67,-1,0.363782,-1,-1
223.846221,48,-1,0.363782,-1,-1
223.846221,53,-1,0.363782,-1,-1
224.230836,69,-1,0.363782,-1,-1
224.230836,43,-1,0.363782,-1,-1
224.230836,47,-1,0.363782,-1,-1
224.615452,36,-1,0.729167,-1,-1
225.000067,67,-1,0.363782,-1,-1
225.384683,67,-1,0.363782,-1,-1
225.384683,43,-1,0.729167,-1,-1
225.384683,48,-1,0.729167,-1,-1
225.769298,69,-1,0.181090,-1,-1
225.961606,70,-1,0.546475,-1,-1
226.153914,36,-1,0.363782,-1,-1
226.538529,72,-1,0.363782,-1,-1
226.538529,36,-1,0.363782,-1,-1
226.923145,67,-1,0.363782,-1,-1
226.923145,43,-1,0.363782,-1,-1
226.923145,48,-1,0.363782,-1,-1
227.307760,64,-1,0.363782,-1,-1
227.307760,40,-1,0.363782,-1,-1
227.692376,65,-1,0.363782,-1,-1
227.692376,38,-1,0.729167,-1,-1
228.076991,57,-1,0.363782,-1,-1
228.461607,62,-1,0.363782,-1,-1
228.461607,45,-1,0.729167,-1,-1
228.461607,50,-1,0.729167,-1,-1
228.846222,65,-1,0.729167,-1,-1
229.230838,38,-1,0.363782,-1,-1
229.615453,57,-1,0.363782,-1,-1
229.615453,38,-1,0.363782,-1,-1
230.000069,65,-1,0.363782,-1,-1
230.000069,45,-1,0.729167,-1,-1
230.000069,50,-1,0.729167,-1,-1
230.384684,64,-1,0.363782,-1,-1
230.769300,33,-1,0.729167,-1,-1
231.153915,64,-1,0.363782,-1,-1
231.538531,64,-1,0.363782,-1,-1
231.538531,48,-1,0.729167,-1,-1
231.538531,52,-1,0.729167,-1,-1
231.923146,69,-1,0.181090,-1,-1
232.115454,72,-1,0.546475,-1,-1
232.307762,45,-1,0.363782,-1,-1
232.692377,69,-1,0.363782,-1,-1
232.692377,45,-1,0.363782,-1,-1
233.076993,65,-1,0.181090,-1,-1
233.076993,48,-1,0.729167,-1,-1
233.076993,52,-1,0.729167,-1,-1
233.269301,64,-1,0.546475,-1,-1
233.846224,62,-1,0.363782,-1,-1
233.846224,47,-1,0.729167,-1,-1
234.230839,70,-1,0.181090,-1,-1
234.423147,70,-1,0.911859,-1,-1
234.615455,50,-1,0.729167,-1,-1
234.615455,53,-1,0.729167,-1,-1
235.384686,47,-1,0.363782,-1,-1
235.769301,72,-1,0.363782,-1,-1
235.769301,47,-1,0.363782,-1,-1
236.153917,70,-1,0.363782,-1,-1
236.153917,50,-1,0.729167,-1,-1
236.153917,53,-1,0.729167,-1,-1
236.538532,69,-1,0.363782,-1,-1
236.923148,60,-1,0.363782,-1,-1
236.923148,41,-1,0.729167,-1,-1
237.307763,69,-1,0.181090,-1,-1
237.500071,69,-1,0.911859,-1,-1
237.692379,48,-1,0.729167,-1,-1
237.692379,53,-1,0.729167,-1,-1
238.461610,41,-1,0.363782,-1,-1
238.846225,70,-1,0.363782,-1,-1
238.846225,41,-1,0.363782,-1,-1
239.230841,69,-1,0.363782,-1,-1
239.230841,48,-1,0.729167,-1,-1
239.230841,53,-1,0.729167,-1,-1
239.615456,67,-1,0.363782,-1,-1
240.000072,59,-1,0.363782,-1,-1
240.000072,43,-1,0.729167,-1,-1
240.384687,67,-1,0.181090,-1,-1
240.576995,67,-1,1.642629,-1,-1
240.769303,50,-1,0.729167,-1,-1
240.769303,55,-1,0.729167,-1,-1
241.538534,43,-1,0.363782,-1,-1
241.923149,43,-1,0.363782,-1,-1
242.307765,69,-1,0.363782,-1,-1
242.307765,50,-1,0.729167,-1,-1
242.307765,55,-1,0.729167,-1,-1
242.692380,65,-1,1.094552,-1,-1
243.076996,34,-1,0.729167,-1,-1
243.076996,46,-1,0.729167,-1,-1
243.846227,48,-1,0.363782,-1,-1
243.846227,50,-1,0.729167,-1,-1
243.846227,53,-1,0.729167,-1,-1
244.230842,50,-1,1.825321,-1,-1
244.615458,34,-1,0.363782,-1,-1
244.615458,46,-1,0.363782,-1,-1
245.000073,34,-1,0.363782,-1,-1
245.000073,46,-1,0.363782,-1,-1
245.384689,50,-1,0.363782,-1,-1
245.384689,53,-1,0.363782,-1,-1
245.769304,46,-1,0.363782,-1,-1
246.153920,55,-1,0.363782,-1,-1
246.153920,36,-1,2.921475,-1,-1
246.153920,48,-1,2.921475,-1,-1
246.538535,69,-1,0.363782,-1,-1
246.923151,65,-1,0.363782,-1,-1
247.307766,65,-1,0.363782,-1,-1
247.692382,69,-1,0.546475,-1,-1
248.269305,67,-1,0.546475,-1,-1
248.846228,65,-1,1.094552,-1,-1
249.230844,53,-1,0.383013,-1,-1
249.278921,60,-1,0.317308,-1,-1
249.326998,69,-1,0.272436,-1,-1
249.615459,60,-1,0.729167,-1,-1
250.000075,57,-1,2.190706,-1,-1
250.384690,53,-1,0.363782,-1,-1
250.769306,60,-1,1.459936,-1,-1
252.307768,55,-1,0.363782,-1,-1
252.692383,59,-1,0.729167,-1,-1
253.076999,53,-1,2.190706,-1,-1
253.461614,55,-1,0.363782,-1,-1
253.846230,59,-1,1.459936,-1,-1
255.384692,48,-1,0.363782,-1,-1
255.769307,52,-1,0.729167,-1,-1
256.153923,47,-1,0.729167,-1,-1
256.538538,52,-1,0.729167,-1,-1
256.923154,47,-1,0.729167,-1,-1
256.923154,50,-1,0.729167,-1,-1
257.307769,52,-1,1.094552,-1,-1
257.692385,47,-1,0.729167,-1,-1
257.692385,52,-1,0.729167,-1,-1
258.461616,45,-1,2.921475,-1,-1
258.461616,41,-1,2.921475,-1,-1
258.509693,48,-1,2.875001,-1,-1
258.509693,48,-1,2.875001,-1,-1
258.557770,53,-1,2.830129,-1,-1
258.557770,53,-1,2.830129,-1,-1
