0,60,-1,0.4375,-1,-1
0,45,-1,0.25,-1,-1
0.25,52,-1,0.25,-1,-1
0.5,62,-1,0.4375,-1,-1
0.5,48,-1,0.25,-1,-1
0.75,50,-1,0.25,-1,-1
1,64,-1,0.4375,-1,-1
1,48,-1,0.25,-1,-1
1.25,52,-1,0.25,-1,-1
1.5,57,-1,0.4375,-1,-1
1.5,41,-1,0.25,-1,-1
1.75,57,-1,0.25,-1,-1
2,60,-1,0.25,-1,-1
2.25,67,-1,0.25,-1,-1
2.5,64,-1,0.4375,-1,-1
2.5,60,-1,0.4375,-1,-1
3,59,-1,0.4375,-1,-1
3,40,-1,0.25,-1,-1
3.25,56,-1,0.25,-1,-1
3.5,62,-1,0.25,-1,-1
3.75,64,-1,0.5,-1,-1
3.75,57,-1,0.25,-1,-1
4,56,-1,0.4375,-1,-1
4.5,57,-1,0.0625,-1,-1
4.5625,59,-1,0.0625,-1,-1
4.625,60,-1,0.4375,-1,-1
4.625,45,-1,0.25,-1,-1
4.875,52,-1,0.25,-1,-1
5.125,62,-1,0.4375,-1,-1
5.125,48,-1,0.25,-1,-1
5.375,50,-1,0.25,-1,-1
5.625,64,-1,0.4375,-1,-1
5.625,48,-1,0.25,-1,-1
5.875,52,-1,0.25,-1,-1
6.125,69,-1,0.4375,-1,-1
6.125,53,-1,0.25,-1,-1
6.375,57,-1,0.25,-1,-1
6.625,60,-1,0.25,-1,-1
6.875,67,-1,0.25,-1,-1
7.125,64,-1,0.4375,-1,-1
7.625,62,-1,0.4375,-1,-1
7.625,40,-1,0.25,-1,-1
7.875,56,-1,0.25,-1,-1
8.125,62,-1,0.25,-1,-1
8.375,60,-1,0.25,-1,-1
8.375,64,-1,0.25,-1,-1
8.625,59,-1,0.4375,-1,-1
8.625,62,-1,0.4375,-1,-1
9.125,57,-1,0.4375,-1,-1
9.125,45,-1,0.25,-1,-1
9.375,52,-1,0.25,-1,-1
9.625,57,-1,0.25,-1,-1
9.875,60,-1,0.25,-1,-1
10.125,59,-1,2.125,-1,-1
13.25,45,-1,0.25,-1,-1
13.5,52,-1,0.25,-1,-1
13.75,69,-1,0.5,-1,-1
13.75,57,-1,0.25,-1,-1
14,60,-1,0.5,-1,-1
14.25,71,-1,0.5,-1,-1
14.75,72,-1,0.5,-1,-1
14.75,52,-1,0.25,-1,-1
15,60,-1,0.25,-1,-1
15.25,72,-1,0.5,-1,-1
15.25,50,-1,0.25,-1,-1
15.5,53,-1,0.25,-1,-1
15.75,65,-1,0.5,-1,-1
15.75,57,-1,0.25,-1,-1
16,62,-1,0.5,-1,-1
16.25,74,-1,0.875,-1,-1
16.75,57,-1,0.25,-1,-1
17,62,-1,0.25,-1,-1
17.25,44,-1,0.25,-1,-1
17.5,52,-1,0.25,-1,-1
17.75,71,-1,0.5,-1,-1
17.75,59,-1,0.25,-1,-1
18,64,-1,0.5,-1,-1
18.25,72,-1,0.5,-1,-1
18.75,74,-1,0.5,-1,-1
18.75,59,-1,0.25,-1,-1
19,64,-1,0.25,-1,-1
19.25,74,-1,0.5,-1,-1
19.25,45,-1,0.25,-1,-1
19.5,52,-1,0.25,-1,-1
19.75,72,-1,0.5,-1,-1
19.75,60,-1,0.25,-1,-1
20,64,-1,0.25,-1,-1
20.25,76,-1,0.875,-1,-1
20.25,43,-1,0.25,-1,-1
20.5,52,-1,0.25,-1,-1
20.75,59,-1,0.25,-1,-1
21,64,-1,0.25,-1,-1
21.25,41,-1,0.25,-1,-1
21.5,53,-1,0.25,-1,-1
21.75,69,-1,0.5,-1,-1
21.75,57,-1,0.25,-1,-1
22,64,-1,0.5,-1,-1
22.25,71,-1,0.5,-1,-1
22.75,72,-1,0.5,-1,-1
22.75,57,-1,0.25,-1,-1
23,64,-1,0.25,-1,-1
23.25,76,-1,0.5,-1,-1
23.25,47,-1,0.25,-1,-1
23.5,57,-1,0.25,-1,-1
23.75,74,-1,0.25,-1,-1
23.75,60,-1,0.25,-1,-1
24,74,-1,0.5,-1,-1
24,69,-1,0.5,-1,-1
24.5,72,-1,0.25,-1,-1
24.75,76,-1,1,-1,-1
24.75,60,-1,0.25,-1,-1
25,69,-1,0.25,-1,-1
25.25,40,-1,0.25,-1,-1
25.5,54,-1,0.25,-1,-1
25.75,57,-1,0.25,-1,-1
26,69,-1,0.5,-1,-1
26.5,57,-1,0.25,-1,-1
26.75,64,-1,0.25,-1,-1
27,69,-1,0.25,-1,-1
27.25,40,-1,0.5,-1,-1
27.25,68,-1,0.5,-1,-1
27.5,76,-1,0.25,-1,-1
27.75,74,-1,0.25,-1,-1
27.75,59,-1,0.25,-1,-1
28,72,-1,0.25,-1,-1
28,60,-1,0.25,-1,-1
28.25,74,-1,0.5,-1,-1
28.25,57,-1,0.25,-1,-1
28.5,59,-1,0.25,-1,-1
28.75,72,-1,0.5,-1,-1
28.75,60,-1,0.25,-1,-1
29,62,-1,0.25,-1,-1
29.25,72,-1,0.875,-1,-1
29.25,45,-1,0.25,-1,-1
29.5,52,-1,0.25,-1,-1
29.75,57,-1,0.25,-1,-1
30,60,-1,0.5,-1,-1
30.25,69,-1,0.5,-1,-1
30.75,71,-1,0.5,-1,-1
30.75,52,-1,0.25,-1,-1
31,60,-1,0.25,-1,-1
31.25,72,-1,0.5,-1,-1
31.25,50,-1,0.25,-1,-1
31.5,53,-1,0.25,-1,-1
31.75,65,-1,0.5,-1,-1
31.75,57,-1,0.25,-1,-1
32,62,-1,0.5,-1,-1
32.25,74,-1,0.875,-1,-1
32.75,57,-1,0.25,-1,-1
33,62,-1,0.25,-1,-1
33.25,44,-1,0.25,-1,-1
33.5,52,-1,0.25,-1,-1
33.75,71,-1,0.5,-1,-1
33.75,59,-1,0.25,-1,-1
34,64,-1,0.5,-1,-1
34.25,72,-1,0.5,-1,-1
34.75,74,-1,0.5,-1,-1
34.75,59,-1,0.25,-1,-1
35,64,-1,0.25,-1,-1
35.25,74,-1,0.5,-1,-1
35.25,45,-1,0.25,-1,-1
35.5,52,-1,0.25,-1,-1
35.75,72,-1,0.5,-1,-1
35.75,60,-1,0.25,-1,-1
36,64,-1,0.25,-1,-1
36.25,74,-1,0.5,-1,-1
36.25,43,-1,0.25,-1,-1
36.5,52,-1,0.25,-1,-1
36.75,76,-1,0.25,-1,-1
36.75,59,-1,0.25,-1,-1
37,72,-1,0.5,-1,-1
37,64,-1,0.25,-1,-1
37.25,41,-1,0.25,-1,-1
37.5,69,-1,0.25,-1,-1
37.5,53,-1,0.25,-1,-1
37.75,57,-1,0.25,-1,-1
38,64,-1,0.5,-1,-1
38.25,72,-1,0.5,-1,-1
38.5,57,-1,0.25,-1,-1
38.75,74,-1,0.5,-1,-1
38.75,60,-1,0.25,-1,-1
39,64,-1,0.25,-1,-1
39.25,74,-1,0.5,-1,-1
39.25,40,-1,0.25,-1,-1
39.5,52,-1,0.25,-1,-1
39.75,72,-1,0.5,-1,-1
39.75,57,-1,0.25,-1,-1
40,64,-1,0.5,-1,-1
40.25,74,-1,0.5,-1,-1
40.5,56,-1,0.25,-1,-1
40.75,76,-1,0.25,-1,-1
40.75,59,-1,0.25,-1,-1
41,72,-1,0.5,-1,-1
41,64,-1,0.25,-1,-1
41.25,45,-1,0.25,-1,-1
41.5,69,-1,0.5,-1,-1
41.5,55,-1,0.25,-1,-1
41.75,60,-1,0.25,-1,-1
42,64,-1,0.5,-1,-1
42.5,55,-1,0.25,-1,-1
42.75,60,-1,0.25,-1,-1
43,64,-1,0.25,-1,-1
43.25,45,-1,0.5,-1,-1
43.25,61,-1,0.5,-1,-1
43.75,62,-1,0.5,-1,-1
44.25,69,-1,0.25,-1,-1
44.25,64,-1,0.5,-1,-1
44.5,71,-1,0.25,-1,-1
44.75,72,-1,0.5,-1,-1
44.75,67,-1,0.5,-1,-1
45.25,62,-1,0.5,-1,-1
45.25,76,-1,0.5,-1,-1
45.5,53,-1,0.25,-1,-1
45.75,74,-1,0.25,-1,-1
45.75,57,-1,0.25,-1,-1
46,74,-1,0.5,-1,-1
46,65,-1,0.5,-1,-1
46.5,55,-1,0.25,-1,-1
46.75,72,-1,0.25,-1,-1
46.75,57,-1,0.25,-1,-1
47,72,-1,0.5,-1,-1
47,65,-1,0.25,-1,-1
47.25,43,-1,0.25,-1,-1
47.5,71,-1,0.5,-1,-1
47.5,53,-1,0.25,-1,-1
47.75,57,-1,0.25,-1,-1
48,60,-1,0.5,-1,-1
48.25,71,-1,0.25,-1,-1
48.5,72,-1,0.25,-1,-1
48.5,59,-1,0.25,-1,-1
48.75,74,-1,0.5,-1,-1
48.75,60,-1,0.25,-1,-1
49,65,-1,0.25,-1,-1
49.25,77,-1,0.5,-1,-1
49.5,55,-1,0.25,-1,-1
49.75,76,-1,0.25,-1,-1
49.75,60,-1,0.25,-1,-1
50,76,-1,0.5,-1,-1
50,65,-1,0.5,-1,-1
50.5,55,-1,0.25,-1,-1
50.75,74,-1,0.25,-1,-1
50.75,60,-1,0.25,-1,-1
51,74,-1,0.5,-1,-1
51,65,-1,0.25,-1,-1
51.25,64,-1,0.5,-1,-1
51.5,72,-1,0.5,-1,-1
51.75,55,-1,0.5,-1,-1
51.75,60,-1,0.5,-1,-1
52.25,52,-1,0.5,-1,-1
52.25,62,-1,0.5,-1,-1
52.75,72,-1,0.25,-1,-1
52.75,55,-1,0.5,-1,-1
52.75,64,-1,0.5,-1,-1
53,72,-1,0.25,-1,-1
53.25,67,-1,0.5,-1,-1
53.25,75,-1,0.5,-1,-1
53.5,55,-1,0.25,-1,-1
53.75,75,-1,0.25,-1,-1
53.75,60,-1,0.25,-1,-1
54,75,-1,0.5,-1,-1
54,67,-1,0.5,-1,-1
54.5,74,-1,0.25,-1,-1
54.5,55,-1,0.25,-1,-1
54.75,72,-1,0.25,-1,-1
54.75,60,-1,0.25,-1,-1
55,74,-1,0.5,-1,-1
55,67,-1,0.25,-1,-1
55.5,72,-1,0.5,-1,-1
55.5,55,-1,0.25,-1,-1
55.75,60,-1,0.25,-1,-1
56,72,-1,0.5,-1,-1
56,67,-1,0.5,-1,-1
56.5,74,-1,0.5,-1,-1
56.5,55,-1,0.25,-1,-1
56.75,60,-1,0.25,-1,-1
57,76,-1,0.25,-1,-1
57,67,-1,0.25,-1,-1
57.25,69,-1,1.75,-1,-1
57.25,47,-1,0.25,-1,-1
57.5,57,-1,0.25,-1,-1
57.75,64,-1,0.25,-1,-1
58,69,-1,0.5,-1,-1
58.5,57,-1,0.25,-1,-1
58.75,64,-1,0.25,-1,-1
59,69,-1,0.25,-1,-1
59.25,56,-1,0.5,-1,-1
59.25,59,-1,0.5,-1,-1
59.25,68,-1,0.5,-1,-1
59.25,40,-1,0.875,-1,-1
59.25,56,-1,0.875,-1,-1
59.75,76,-1,0.5,-1,-1
60.25,64,-1,0.5,-1,-1
60.25,71,-1,0.5,-1,-1
60.25,74,-1,0.5,-1,-1
60.25,44,-1,0.875,-1,-1
60.25,59,-1,0.875,-1,-1
60.75,72,-1,0.5,-1,-1
61.25,67,-1,0.5,-1,-1
61.25,72,-1,0.5,-1,-1
61.25,45,-1,0.25,-1,-1
61.5,52,-1,0.25,-1,-1
61.75,74,-1,0.5,-1,-1
61.75,60,-1,0.25,-1,-1
62,67,-1,0.5,-1,-1
62.25,76,-1,0.5,-1,-1
62.5,52,-1,0.25,-1,-1
62.75,79,-1,0.5,-1,-1
62.75,59,-1,0.25,-1,-1
63,67,-1,0.25,-1,-1
63.25,77,-1,0.875,-1,-1
63.25,41,-1,0.25,-1,-1
63.5,53,-1,0.25,-1,-1
63.75,57,-1,0.25,-1,-1
64,65,-1,0.5,-1,-1
64.25,74,-1,0.5,-1,-1
64.5,53,-1,0.25,-1,-1
64.75,72,-1,0.5,-1,-1
64.75,57,-1,0.25,-1,-1
65,65,-1,0.25,-1,-1
65.25,67,-1,0.5,-1,-1
65.25,71,-1,0.5,-1,-1
65.25,43,-1,0.25,-1,-1
65.5,55,-1,0.25,-1,-1
65.75,72,-1,0.5,-1,-1
65.75,62,-1,0.25,-1,-1
66,65,-1,0.5,-1,-1
66.25,74,-1,0.5,-1,-1
66.5,55,-1,0.25,-1,-1
66.75,77,-1,0.5,-1,-1
66.75,62,-1,0.25,-1,-1
67,65,-1,0.25,-1,-1
67.25,76,-1,0.875,-1,-1
67.5,55,-1,0.25,-1,-1
67.75,60,-1,0.25,-1,-1
68,64,-1,0.25,-1,-1
68.25,71,-1,0.5,-1,-1
68.25,74,-1,0.5,-1,-1
68.25,47,-1,0.875,-1,-1
68.75,72,-1,0.25,-1,-1
69,71,-1,0.25,-1,-1
69.25,67,-1,0.875,-1,-1
69.25,72,-1,0.875,-1,-1
69.25,45,-1,0.25,-1,-1
69.5,57,-1,0.25,-1,-1
69.75,60,-1,0.25,-1,-1
70,67,-1,0.5,-1,-1
70.25,74,-1,0.5,-1,-1
70.5,57,-1,0.25,-1,-1
70.75,72,-1,0.25,-1,-1
70.75,60,-1,0.25,-1,-1
71,71,-1,0.25,-1,-1
71,67,-1,0.25,-1,-1
71.25,65,-1,0.875,-1,-1
71.25,72,-1,0.875,-1,-1
71.5,53,-1,0.25,-1,-1
71.75,57,-1,0.25,-1,-1
72,62,-1,0.5,-1,-1
72.25,69,-1,0.5,-1,-1
72.5,53,-1,0.25,-1,-1
72.75,71,-1,0.5,-1,-1
72.75,57,-1,0.25,-1,-1
73,62,-1,0.25,-1,-1
73.25,72,-1,0.5,-1,-1
73.25,40,-1,0.25,-1,-1
73.5,47,-1,0.25,-1,-1
73.75,68,-1,0.5,-1,-1
73.75,52,-1,0.25,-1,-1
74,56,-1,0.5,-1,-1
74.25,72,-1,0.5,-1,-1
74.5,47,-1,0.25,-1,-1
74.75,74,-1,0.5,-1,-1
74.75,56,-1,0.25,-1,-1
75,59,-1,0.25,-1,-1
75.25,74,-1,0.5,-1,-1
75.25,40,-1,0.25,-1,-1
75.5,50,-1,0.25,-1,-1
75.75,76,-1,0.5,-1,-1
75.75,56,-1,0.25,-1,-1
76,62,-1,0.5,-1,-1
76.25,59,-1,0.875,-1,-1
76.25,64,-1,0.875,-1,-1
76.25,68,-1,0.875,-1,-1
76.25,74,-1,0.875,-1,-1
76.5,44,-1,0.25,-1,-1
76.75,56,-1,0.25,-1,-1
77,62,-1,0.25,-1,-1
77.25,64,-1,0.5,-1,-1
77.25,67,-1,0.5,-1,-1
77.25,72,-1,0.5,-1,-1
77.25,45,-1,0.25,-1,-1
77.5,52,-1,0.25,-1,-1
77.75,74,-1,0.5,-1,-1
77.75,60,-1,0.25,-1,-1
78,64,-1,0.5,-1,-1
78.25,76,-1,0.25,-1,-1
78.5,67,-1,0.25,-1,-1
78.5,60,-1,0.25,-1,-1
78.75,72,-1,0.5,-1,-1
78.75,79,-1,0.5,-1,-1
78.75,59,-1,0.25,-1,-1
79,60,-1,0.25,-1,-1
79.25,69,-1,0.875,-1,-1
79.25,77,-1,0.875,-1,-1
79.25,84,-1,0.875,-1,-1
79.25,41,-1,0.25,-1,-1
79.5,55,-1,0.25,-1,-1
79.75,57,-1,0.25,-1,-1
80,65,-1,0.5,-1,-1
80.25,65,-1,0.25,-1,-1
80.25,74,-1,0.25,-1,-1
80.5,67,-1,0.25,-1,-1
80.5,53,-1,0.25,-1,-1
80.75,72,-1,0.5,-1,-1
80.75,59,-1,0.25,-1,-1
81,60,-1,0.25,-1,-1
81.25,62,-1,0.5,-1,-1
81.25,71,-1,0.5,-1,-1
81.25,43,-1,0.25,-1,-1
81.5,55,-1,0.25,-1,-1
81.75,67,-1,0.5,-1,-1
81.75,81,-1,0.5,-1,-1
81.75,62,-1,0.25,-1,-1
82,65,-1,0.5,-1,-1
82.25,69,-1,0.5,-1,-1
82.25,79,-1,0.5,-1,-1
82.5,55,-1,0.25,-1,-1
82.75,71,-1,0.5,-1,-1
82.75,74,-1,0.5,-1,-1
82.75,62,-1,0.25,-1,-1
83,65,-1,0.25,-1,-1
83.25,67,-1,0.875,-1,-1
83.25,72,-1,0.875,-1,-1
83.25,76,-1,0.875,-1,-1
83.5,55,-1,0.25,-1,-1
83.75,60,-1,0.25,-1,-1
84,64,-1,0.25,-1,-1
84.25,71,-1,0.5,-1,-1
84.25,74,-1,0.5,-1,-1
84.25,47,-1,0.5,-1,-1
84.75,72,-1,0.25,-1,-1
84.75,55,-1,0.25,-1,-1
85,71,-1,0.25,-1,-1
85,67,-1,0.25,-1,-1
85.25,67,-1,0.875,-1,-1
85.25,72,-1,0.875,-1,-1
85.25,45,-1,0.25,-1,-1
85.5,57,-1,0.25,-1,-1
85.75,60,-1,0.25,-1,-1
86,67,-1,0.5,-1,-1
86.25,74,-1,0.5,-1,-1
86.5,57,-1,0.25,-1,-1
86.75,72,-1,0.25,-1,-1
86.75,60,-1,0.25,-1,-1
87,71,-1,0.25,-1,-1
87,67,-1,0.25,-1,-1
87.25,65,-1,0.875,-1,-1
87.25,72,-1,0.875,-1,-1
87.5,53,-1,0.25,-1,-1
87.75,57,-1,0.25,-1,-1
88,62,-1,0.5,-1,-1
88.5,53,-1,0.25,-1,-1
88.75,69,-1,0.25,-1,-1
88.75,57,-1,0.25,-1,-1
89,69,-1,0.25,-1,-1
89,62,-1,0.25,-1,-1
89.25,65,-1,0.5,-1,-1
89.25,76,-1,0.5,-1,-1
89.25,41,-1,0.25,-1,-1
89.5,55,-1,0.25,-1,-1
89.75,79,-1,0.5,-1,-1
89.75,62,-1,0.25,-1,-1
90,67,-1,0.5,-1,-1
90.25,77,-1,0.5,-1,-1
90.5,55,-1,0.25,-1,-1
90.75,76,-1,0.5,-1,-1
90.75,57,-1,0.25,-1,-1
91,67,-1,0.25,-1,-1
91.25,65,-1,0.5,-1,-1
91.25,74,-1,0.5,-1,-1
91.25,43,-1,0.25,-1,-1
91.5,55,-1,0.25,-1,-1
91.75,72,-1,0.875,-1,-1
91.75,62,-1,0.25,-1,-1
92,65,-1,0.5,-1,-1
92.5,55,-1,0.25,-1,-1
92.75,71,-1,0.5,-1,-1
92.75,74,-1,0.5,-1,-1
92.75,67,-1,0.25,-1,-1
93,62,-1,0.25,-1,-1
93.25,64,-1,0.25,-1,-1
93.25,67,-1,0.25,-1,-1
93.25,72,-1,0.25,-1,-1
93.25,45,-1,0.25,-1,-1
93.5,71,-1,0.25,-1,-1
93.5,55,-1,0.25,-1,-1
93.75,72,-1,0.25,-1,-1
93.75,60,-1,0.25,-1,-1
94,79,-1,0.5,-1,-1
94,67,-1,0.5,-1,-1
94.5,72,-1,0.25,-1,-1
94.5,55,-1,0.25,-1,-1
94.75,64,-1,0.25,-1,-1
94.75,71,-1,0.25,-1,-1
94.75,60,-1,0.25,-1,-1
95,65,-1,0.5,-1,-1
95,72,-1,0.5,-1,-1
95,55,-1,0.25,-1,-1
95.25,41,-1,0.25,-1,-1
95.5,71,-1,0.25,-1,-1
95.5,55,-1,0.25,-1,-1
95.75,72,-1,0.25,-1,-1
95.75,60,-1,0.125,-1,-1
95.875,64,-1,0.125,-1,-1
96,79,-1,0.5,-1,-1
96,65,-1,0.25,-1,-1
96.5,72,-1,0.25,-1,-1
96.5,55,-1,0.25,-1,-1
96.75,71,-1,0.25,-1,-1
96.75,60,-1,0.25,-1,-1
97,72,-1,0.5,-1,-1
97,65,-1,0.25,-1,-1
97.25,43,-1,0.25,-1,-1
97.5,71,-1,0.25,-1,-1
97.5,50,-1,0.25,-1,-1
97.75,62,-1,0.125,-1,-1
97.75,72,-1,0.125,-1,-1
97.75,55,-1,0.25,-1,-1
97.875,62,-1,0.125,-1,-1
98,62,-1,0.25,-1,-1
98,79,-1,0.25,-1,-1
98,59,-1,0.5,-1,-1
98.25,62,-1,0.25,-1,-1
98.25,67,-1,0.25,-1,-1
98.5,72,-1,0.083333,-1,-1
98.5,50,-1,0.25,-1,-1
98.583333,64,-1,0.333333,-1,-1
98.75,55,-1,0.25,-1,-1
98.916667,65,-1,0.333333,-1,-1
98.916667,74,-1,0.333333,-1,-1
99,50,-1,0.25,-1,-1
99.25,64,-1,0.875,-1,-1
99.25,76,-1,0.875,-1,-1
99.25,48,-1,0.25,-1,-1
99.5,55,-1,0.25,-1,-1
99.75,60,-1,0.25,-1,-1
100,64,-1,0.25,-1,-1
100.25,62,-1,0.333333,-1,-1
100.25,74,-1,0.333333,-1,-1
100.25,47,-1,0.25,-1,-1
100.5,50,-1,0.25,-1,-1
100.583333,60,-1,0.333333,-1,-1
100.75,55,-1,0.25,-1,-1
100.916667,59,-1,0.333333,-1,-1
101,50,-1,0.25,-1,-1
101.25,60,-1,0.5,-1,-1
101.25,45,-1,0.25,-1,-1
101.5,52,-1,0.25,-1,-1
101.75,55,-1,0.25,-1,-1
102,59,-1,1,-1,-1
102,52,-1,0.5,-1,-1
102.5,52,-1,0.25,-1,-1
102.75,55,-1,0.25,-1,-1
103,60,-1,0.125,-1,-1
103,52,-1,0.25,-1,-1
103.125,59,-1,0.125,-1,-1
103.25,57,-1,0.5,-1,-1
103.5,50,-1,0.25,-1,-1
103.75,57,-1,0.25,-1,-1
104,62,-1,0.5,-1,-1
104.5,53,-1,0.25,-1,-1
104.75,65,-1,0.25,-1,-1
104.75,69,-1,0.25,-1,-1
104.75,57,-1,0.25,-1,-1
105,67,-1,0.25,-1,-1
105,71,-1,0.25,-1,-1
105,62,-1,0.25,-1,-1
105.25,65,-1,0.875,-1,-1
105.25,72,-1,0.875,-1,-1
105.25,41,-1,0.25,-1,-1
105.5,48,-1,0.25,-1,-1
105.75,53,-1,0.25,-1,-1
106,60,-1,0.5,-1,-1
106.5,48,-1,0.25,-1,-1
106.75,53,-1,0.25,-1,-1
107,67,-1,0.25,-1,-1
107,74,-1,0.25,-1,-1
107,60,-1,0.25,-1,-1
107.25,67,-1,0.5,-1,-1
107.25,76,-1,0.5,-1,-1
107.25,43,-1,0.25,-1,-1
107.5,50,-1,0.25,-1,-1
107.75,65,-1,0.25,-1,-1
107.75,74,-1,0.25,-1,-1
107.75,55,-1,0.25,-1,-1
108,67,-1,0.25,-1,-1
108,59,-1,0.5,-1,-1
108.25,65,-1,0.5,-1,-1
108.25,72,-1,0.5,-1,-1
108.5,50,-1,0.25,-1,-1
108.75,67,-1,0.5,-1,-1
108.75,71,-1,0.5,-1,-1
108.75,55,-1,0.25,-1,-1
109,62,-1,0.25,-1,-1
109.25,64,-1,3.625,-1,-1
109.25,72,-1,3.625,-1,-1
109.25,48,-1,3.625,-1,-1
113.25,45,-1,0.25,-1,-1
113.5,52,-1,0.25,-1,-1
113.75,69,-1,0.5,-1,-1
113.75,57,-1,0.25,-1,-1
114,60,-1,0.5,-1,-1
114.25,71,-1,0.5,-1,-1
114.75,72,-1,0.5,-1,-1
114.75,52,-1,0.25,-1,-1
115,60,-1,0.25,-1,-1
115.25,72,-1,0.5,-1,-1
115.25,50,-1,0.25,-1,-1
115.5,53,-1,0.25,-1,-1
115.75,65,-1,0.5,-1,-1
115.75,57,-1,0.25,-1,-1
116,62,-1,0.5,-1,-1
116.25,74,-1,0.875,-1,-1
116.75,57,-1,0.25,-1,-1
117,62,-1,0.25,-1,-1
117.25,44,-1,0.25,-1,-1
117.5,52,-1,0.25,-1,-1
117.75,71,-1,0.5,-1,-1
117.75,59,-1,0.25,-1,-1
118,64,-1,0.5,-1,-1
118.25,72,-1,0.5,-1,-1
118.75,74,-1,0.5,-1,-1
118.75,59,-1,0.25,-1,-1
119,64,-1,0.25,-1,-1
119.25,74,-1,0.5,-1,-1
119.25,45,-1,0.25,-1,-1
119.5,52,-1,0.25,-1,-1
119.75,72,-1,0.5,-1,-1
119.75,60,-1,0.25,-1,-1
120,64,-1,0.25,-1,-1
120.25,76,-1,0.875,-1,-1
120.25,43,-1,0.25,-1,-1
120.5,52,-1,0.25,-1,-1
120.75,59,-1,0.25,-1,-1
121,64,-1,0.25,-1,-1
121.25,41,-1,0.25,-1,-1
121.5,53,-1,0.25,-1,-1
121.75,69,-1,0.5,-1,-1
121.75,57,-1,0.25,-1,-1
122,64,-1,0.5,-1,-1
122.25,71,-1,0.5,-1,-1
122.75,72,-1,0.5,-1,-1
122.75,57,-1,0.25,-1,-1
123,64,-1,0.25,-1,-1
123.25,76,-1,0.5,-1,-1
123.25,47,-1,0.25,-1,-1
123.5,57,-1,0.25,-1,-1
123.75,74,-1,0.25,-1,-1
123.75,60,-1,0.25,-1,-1
124,74,-1,0.5,-1,-1
124,69,-1,0.5,-1,-1
124.5,72,-1,0.25,-1,-1
124.75,76,-1,1,-1,-1
124.75,60,-1,0.25,-1,-1
125,69,-1,0.25,-1,-1
125.25,40,-1,0.25,-1,-1
125.5,54,-1,0.25,-1,-1
125.75,57,-1,0.25,-1,-1
126,69,-1,0.5,-1,-1
126.5,57,-1,0.25,-1,-1
126.75,64,-1,0.25,-1,-1
127,69,-1,0.25,-1,-1
127.25,40,-1,0.5,-1,-1
127.25,68,-1,0.5,-1,-1
127.5,76,-1,0.25,-1,-1
127.75,74,-1,0.25,-1,-1
127.75,59,-1,0.25,-1,-1
128,72,-1,0.25,-1,-1
128,60,-1,0.25,-1,-1
128.25,74,-1,0.5,-1,-1
128.25,57,-1,0.25,-1,-1
128.5,59,-1,0.25,-1,-1
128.75,72,-1,0.5,-1,-1
128.75,60,-1,0.25,-1,-1
129,62,-1,0.25,-1,-1
129.25,72,-1,0.875,-1,-1
129.25,45,-1,0.25,-1,-1
129.5,52,-1,0.25,-1,-1
129.75,57,-1,0.25,-1,-1
130,60,-1,0.5,-1,-1
130.25,69,-1,0.5,-1,-1
130.75,71,-1,0.5,-1,-1
130.75,52,-1,0.25,-1,-1
131,60,-1,0.25,-1,-1
131.25,72,-1,0.5,-1,-1
131.25,50,-1,0.25,-1,-1
131.5,53,-1,0.25,-1,-1
131.75,65,-1,0.5,-1,-1
131.75,57,-1,0.25,-1,-1
132,62,-1,0.5,-1,-1
132.25,74,-1,0.875,-1,-1
132.75,57,-1,0.25,-1,-1
133,62,-1,0.25,-1,-1
133.25,44,-1,0.25,-1,-1
133.5,52,-1,0.25,-1,-1
133.75,71,-1,0.5,-1,-1
133.75,59,-1,0.25,-1,-1
134,64,-1,0.5,-1,-1
134.25,72,-1,0.5,-1,-1
134.75,74,-1,0.5,-1,-1
134.75,59,-1,0.25,-1,-1
135,64,-1,0.25,-1,-1
135.25,74,-1,0.5,-1,-1
135.25,45,-1,0.25,-1,-1
135.5,52,-1,0.25,-1,-1
135.75,72,-1,0.5,-1,-1
135.75,60,-1,0.25,-1,-1
136,64,-1,0.25,-1,-1
136.25,74,-1,0.5,-1,-1
136.25,43,-1,0.25,-1,-1
136.5,52,-1,0.25,-1,-1
136.75,76,-1,0.25,-1,-1
136.75,59,-1,0.25,-1,-1
137,72,-1,0.5,-1,-1
137,64,-1,0.25,-1,-1
137.25,41,-1,0.25,-1,-1
137.5,69,-1,0.25,-1,-1
137.5,53,-1,0.25,-1,-1
137.75,57,-1,0.25,-1,-1
138,64,-1,0.5,-1,-1
138.25,72,-1,0.5,-1,-1
138.5,57,-1,0.25,-1,-1
138.75,74,-1,0.5,-1,-1
138.75,60,-1,0.25,-1,-1
139,64,-1,0.25,-1,-1
139.25,74,-1,0.5,-1,-1
139.25,40,-1,0.25,-1,-1
139.5,52,-1,0.25,-1,-1
139.75,72,-1,0.5,-1,-1
139.75,57,-1,0.25,-1,-1
140,64,-1,0.5,-1,-1
140.25,74,-1,0.5,-1,-1
140.5,56,-1,0.25,-1,-1
140.75,76,-1,0.25,-1,-1
140.75,59,-1,0.25,-1,-1
141,72,-1,0.5,-1,-1
141,64,-1,0.25,-1,-1
141.25,45,-1,0.25,-1,-1
141.5,69,-1,0.5,-1,-1
141.5,55,-1,0.25,-1,-1
141.75,60,-1,0.25,-1,-1
142,64,-1,0.5,-1,-1
142.5,55,-1,0.25,-1,-1
142.75,60,-1,0.25,-1,-1
143,64,-1,0.25,-1,-1
143.25,45,-1,0.5,-1,-1
143.25,61,-1,0.5,-1,-1
143.75,62,-1,0.5,-1,-1
144.25,69,-1,0.25,-1,-1
144.25,64,-1,0.5,-1,-1
144.5,71,-1,0.25,-1,-1
144.75,72,-1,0.5,-1,-1
144.75,67,-1,0.5,-1,-1
145.25,62,-1,0.5,-1,-1
145.25,76,-1,0.5,-1,-1
145.5,53,-1,0.25,-1,-1
145.75,74,-1,0.25,-1,-1
145.75,57,-1,0.25,-1,-1
146,74,-1,0.5,-1,-1
146,65,-1,0.5,-1,-1
146.5,55,-1,0.25,-1,-1
146.75,72,-1,0.25,-1,-1
146.75,57,-1,0.25,-1,-1
147,72,-1,0.5,-1,-1
147,65,-1,0.25,-1,-1
147.25,43,-1,0.25,-1,-1
147.5,71,-1,0.5,-1,-1
147.5,53,-1,0.25,-1,-1
147.75,57,-1,0.25,-1,-1
148,60,-1,0.5,-1,-1
148.25,71,-1,0.25,-1,-1
148.5,72,-1,0.25,-1,-1
148.5,59,-1,0.25,-1,-1
148.75,74,-1,0.5,-1,-1
148.75,60,-1,0.25,-1,-1
149,65,-1,0.25,-1,-1
149.25,77,-1,0.5,-1,-1
149.5,55,-1,0.25,-1,-1
149.75,76,-1,0.25,-1,-1
149.75,60,-1,0.25,-1,-1
150,76,-1,0.5,-1,-1
150,65,-1,0.5,-1,-1
150.5,55,-1,0.25,-1,-1
150.75,74,-1,0.25,-1,-1
150.75,60,-1,0.25,-1,-1
151,74,-1,0.5,-1,-1
151,65,-1,0.25,-1,-1
151.25,64,-1,0.5,-1,-1
151.5,72,-1,0.5,-1,-1
151.75,55,-1,0.5,-1,-1
151.75,60,-1,0.5,-1,-1
152.25,52,-1,0.5,-1,-1
152.25,62,-1,0.5,-1,-1
152.75,72,-1,0.25,-1,-1
152.75,55,-1,0.5,-1,-1
152.75,64,-1,0.5,-1,-1
153,72,-1,0.25,-1,-1
153.25,67,-1,0.5,-1,-1
153.25,75,-1,0.5,-1,-1
153.5,55,-1,0.25,-1,-1
153.75,75,-1,0.25,-1,-1
153.75,60,-1,0.25,-1,-1
154,75,-1,0.5,-1,-1
154,67,-1,0.5,-1,-1
154.5,74,-1,0.25,-1,-1
154.5,55,-1,0.25,-1,-1
154.75,72,-1,0.25,-1,-1
154.75,60,-1,0.25,-1,-1
155,74,-1,0.5,-1,-1
155,67,-1,0.25,-1,-1
155.5,72,-1,0.5,-1,-1
155.5,55,-1,0.25,-1,-1
155.75,60,-1,0.25,-1,-1
156,72,-1,0.5,-1,-1
156,67,-1,0.5,-1,-1
156.5,74,-1,0.5,-1,-1
156.5,55,-1,0.25,-1,-1
156.75,60,-1,0.25,-1,-1
157,76,-1,0.25,-1,-1
157,67,-1,0.25,-1,-1
157.25,69,-1,1.75,-1,-1
157.25,47,-1,0.25,-1,-1
157.5,57,-1,0.25,-1,-1
157.75,64,-1,0.25,-1,-1
158,69,-1,0.5,-1,-1
158.5,57,-1,0.25,-1,-1
158.75,64,-1,0.25,-1,-1
159,69,-1,0.25,-1,-1
159.25,56,-1,0.5,-1,-1
159.25,59,-1,0.5,-1,-1
159.25,68,-1,0.5,-1,-1
159.25,40,-1,0.875,-1,-1
159.25,56,-1,0.875,-1,-1
159.75,76,-1,0.5,-1,-1
160.25,64,-1,0.5,-1,-1
160.25,71,-1,0.5,-1,-1
160.25,74,-1,0.5,-1,-1
160.25,44,-1,0.875,-1,-1
160.25,59,-1,0.875,-1,-1
160.75,72,-1,0.5,-1,-1
161.25,67,-1,0.5,-1,-1
161.25,72,-1,0.5,-1,-1
161.25,45,-1,0.25,-1,-1
161.5,52,-1,0.25,-1,-1
161.75,74,-1,0.5,-1,-1
161.75,60,-1,0.25,-1,-1
162,67,-1,0.5,-1,-1
162.25,76,-1,0.5,-1,-1
162.5,52,-1,0.25,-1,-1
162.75,79,-1,0.5,-1,-1
162.75,59,-1,0.25,-1,-1
163,67,-1,0.25,-1,-1
163.25,77,-1,0.875,-1,-1
163.25,41,-1,0.25,-1,-1
163.5,53,-1,0.25,-1,-1
163.75,57,-1,0.25,-1,-1
164,65,-1,0.5,-1,-1
164.25,74,-1,0.5,-1,-1
164.5,53,-1,0.25,-1,-1
164.75,72,-1,0.5,-1,-1
164.75,57,-1,0.25,-1,-1
165,65,-1,0.25,-1,-1
165.25,67,-1,0.5,-1,-1
165.25,71,-1,0.5,-1,-1
165.25,43,-1,0.25,-1,-1
165.5,55,-1,0.25,-1,-1
165.75,72,-1,0.5,-1,-1
165.75,62,-1,0.25,-1,-1
166,65,-1,0.5,-1,-1
166.25,74,-1,0.5,-1,-1
166.5,55,-1,0.25,-1,-1
166.75,77,-1,0.5,-1,-1
166.75,62,-1,0.25,-1,-1
167,65,-1,0.25,-1,-1
167.25,76,-1,0.875,-1,-1
167.5,55,-1,0.25,-1,-1
167.75,60,-1,0.25,-1,-1
168,64,-1,0.25,-1,-1
168.25,71,-1,0.5,-1,-1
168.25,74,-1,0.5,-1,-1
168.25,47,-1,0.875,-1,-1
168.75,72,-1,0.25,-1,-1
169,71,-1,0.25,-1,-1
169.25,67,-1,0.875,-1,-1
169.25,72,-1,0.875,-1,-1
169.25,45,-1,0.25,-1,-1
169.5,57,-1,0.25,-1,-1
169.75,60,-1,0.25,-1,-1
170,67,-1,0.5,-1,-1
170.25,74,-1,0.5,-1,-1
170.5,57,-1,0.25,-1,-1
170.75,72,-1,0.25,-1,-1
170.75,60,-1,0.25,-1,-1
171,71,-1,0.25,-1,-1
171,67,-1,0.25,-1,-1
171.25,65,-1,0.875,-1,-1
171.25,72,-1,0.875,-1,-1
171.5,53,-1,0.25,-1,-1
171.75,57,-1,0.25,-1,-1
172,62,-1,0.5,-1,-1
172.25,69,-1,0.5,-1,-1
172.5,53,-1,0.25,-1,-1
172.75,71,-1,0.5,-1,-1
172.75,57,-1,0.25,-1,-1
173,62,-1,0.25,-1,-1
173.25,72,-1,0.5,-1,-1
173.25,40,-1,0.25,-1,-1
173.5,47,-1,0.25,-1,-1
173.75,68,-1,0.5,-1,-1
173.75,52,-1,0.25,-1,-1
174,56,-1,0.5,-1,-1
174.25,72,-1,0.5,-1,-1
174.5,47,-1,0.25,-1,-1
174.75,74,-1,0.5,-1,-1
174.75,56,-1,0.25,-1,-1
175,59,-1,0.25,-1,-1
175.25,74,-1,0.5,-1,-1
175.25,40,-1,0.25,-1,-1
175.5,50,-1,0.25,-1,-1
175.75,76,-1,0.5,-1,-1
175.75,56,-1,0.25,-1,-1
176,62,-1,0.5,-1,-1
176.25,59,-1,0.875,-1,-1
176.25,64,-1,0.875,-1,-1
176.25,68,-1,0.875,-1,-1
176.25,74,-1,0.875,-1,-1
176.5,44,-1,0.25,-1,-1
176.75,56,-1,0.25,-1,-1
177,62,-1,0.25,-1,-1
177.25,64,-1,0.5,-1,-1
177.25,67,-1,0.5,-1,-1
177.25,72,-1,0.5,-1,-1
177.25,45,-1,0.25,-1,-1
177.5,52,-1,0.25,-1,-1
177.75,74,-1,0.5,-1,-1
177.75,60,-1,0.25,-1,-1
178,64,-1,0.5,-1,-1
178.25,76,-1,0.25,-1,-1
178.5,67,-1,0.25,-1,-1
178.5,60,-1,0.25,-1,-1
178.75,72,-1,0.5,-1,-1
178.75,79,-1,0.5,-1,-1
178.75,59,-1,0.25,-1,-1
179,60,-1,0.25,-1,-1
179.25,69,-1,0.875,-1,-1
179.25,77,-1,0.875,-1,-1
179.25,84,-1,0.875,-1,-1
179.25,41,-1,0.25,-1,-1
179.5,55,-1,0.25,-1,-1
179.75,57,-1,0.25,-1,-1
180,65,-1,0.5,-1,-1
180.25,65,-1,0.25,-1,-1
180.25,74,-1,0.25,-1,-1
180.5,67,-1,0.25,-1,-1
180.5,53,-1,0.25,-1,-1
180.75,72,-1,0.5,-1,-1
180.75,59,-1,0.25,-1,-1
181,60,-1,0.25,-1,-1
181.25,62,-1,0.5,-1,-1
181.25,71,-1,0.5,-1,-1
181.25,43,-1,0.25,-1,-1
181.5,55,-1,0.25,-1,-1
181.75,67,-1,0.5,-1,-1
181.75,81,-1,0.5,-1,-1
181.75,62,-1,0.25,-1,-1
182,65,-1,0.5,-1,-1
182.25,69,-1,0.5,-1,-1
182.25,79,-1,0.5,-1,-1
182.5,55,-1,0.25,-1,-1
182.75,71,-1,0.5,-1,-1
182.75,74,-1,0.5,-1,-1
182.75,62,-1,0.25,-1,-1
183,65,-1,0.25,-1,-1
183.25,67,-1,0.875,-1,-1
183.25,72,-1,0.875,-1,-1
183.25,76,-1,0.875,-1,-1
183.5,55,-1,0.25,-1,-1
183.75,60,-1,0.25,-1,-1
184,64,-1,0.25,-1,-1
184.25,71,-1,0.5,-1,-1
184.25,74,-1,0.5,-1,-1
184.25,47,-1,0.5,-1,-1
184.75,72,-1,0.25,-1,-1
184.75,55,-1,0.25,-1,-1
185,71,-1,0.25,-1,-1
185,67,-1,0.25,-1,-1
185.25,67,-1,0.875,-1,-1
185.25,72,-1,0.875,-1,-1
185.25,45,-1,0.25,-1,-1
185.5,57,-1,0.25,-1,-1
185.75,60,-1,0.25,-1,-1
186,67,-1,0.5,-1,-1
186.25,74,-1,0.5,-1,-1
186.5,57,-1,0.25,-1,-1
186.75,72,-1,0.25,-1,-1
186.75,60,-1,0.25,-1,-1
187,71,-1,0.25,-1,-1
187,67,-1,0.25,-1,-1
187.25,65,-1,0.875,-1,-1
187.25,72,-1,0.875,-1,-1
187.5,53,-1,0.25,-1,-1
187.75,57,-1,0.25,-1,-1
188,62,-1,0.5,-1,-1
188.5,53,-1,0.25,-1,-1
188.75,69,-1,0.25,-1,-1
188.75,57,-1,0.25,-1,-1
189,69,-1,0.25,-1,-1
189,62,-1,0.25,-1,-1
189.25,65,-1,0.5,-1,-1
189.25,76,-1,0.5,-1,-1
189.25,41,-1,0.25,-1,-1
189.5,55,-1,0.25,-1,-1
189.75,79,-1,0.5,-1,-1
189.75,62,-1,0.25,-1,-1
190,67,-1,0.5,-1,-1
190.25,77,-1,0.5,-1,-1
190.5,55,-1,0.25,-1,-1
190.75,76,-1,0.5,-1,-1
190.75,57,-1,0.25,-1,-1
191,67,-1,0.25,-1,-1
191.25,65,-1,0.5,-1,-1
191.25,74,-1,0.5,-1,-1
191.25,43,-1,0.25,-1,-1
191.5,55,-1,0.25,-1,-1
191.75,72,-1,0.875,-1,-1
191.75,62,-1,0.25,-1,-1
192,65,-1,0.5,-1,-1
192.5,55,-1,0.25,-1,-1
192.75,71,-1,0.5,-1,-1
192.75,74,-1,0.5,-1,-1
192.75,67,-1,0.25,-1,-1
193,62,-1,0.25,-1,-1
193.25,64,-1,0.875,-1,-1
193.25,67,-1,0.875,-1,-1
193.25,72,-1,0.875,-1,-1
193.25,45,-1,0.25,-1,-1
193.5,52,-1,0.25,-1,-1
193.75,60,-1,0.25,-1,-1
194,67,-1,0.5,-1,-1
194.25,76,-1,0.5,-1,-1
194.5,52,-1,0.25,-1,-1
194.75,74,-1,0.25,-1,-1
194.75,59,-1,0.25,-1,-1
195,72,-1,0.25,-1,-1
195,67,-1,0.25,-1,-1
195.25,69,-1,0.5,-1,-1
195.25,41,-1,0.25,-1,-1
195.5,53,-1,0.25,-1,-1
195.75,76,-1,0.5,-1,-1
195.75,57,-1,0.25,-1,-1
196,65,-1,0.5,-1,-1
196.25,74,-1,0.5,-1,-1
196.5,53,-1,0.25,-1,-1
196.75,72,-1,0.5,-1,-1
196.75,57,-1,0.25,-1,-1
197,65,-1,0.25,-1,-1
197.25,62,-1,0.875,-1,-1
197.25,65,-1,0.875,-1,-1
197.25,67,-1,0.875,-1,-1
197.25,74,-1,0.875,-1,-1
197.25,43,-1,0.25,-1,-1
197.5,55,-1,0.25,-1,-1
197.75,62,-1,0.25,-1,-1
198,65,-1,0.5,-1,-1
198.25,67,-1,0.25,-1,-1
198.5,69,-1,0.25,-1,-1
198.5,55,-1,0.25,-1,-1
198.75,72,-1,0.5,-1,-1
198.75,62,-1,0.25,-1,-1
199,65,-1,0.25,-1,-1
199.25,74,-1,0.5,-1,-1
199.5,55,-1,0.25,-1,-1
199.75,72,-1,0.25,-1,-1
199.75,60,-1,0.25,-1,-1
200,74,-1,0.25,-1,-1
200,64,-1,0.25,-1,-1
200.25,67,-1,0.5,-1,-1
200.25,71,-1,0.5,-1,-1
200.25,76,-1,0.5,-1,-1
200.25,47,-1,0.875,-1,-1
200.75,72,-1,0.5,-1,-1
201.25,69,-1,0.875,-1,-1
201.25,72,-1,0.875,-1,-1
201.25,45,-1,0.25,-1,-1
201.5,57,-1,0.25,-1,-1
201.75,60,-1,0.25,-1,-1
202,67,-1,0.5,-1,-1
202.25,72,-1,0.25,-1,-1
202.5,74,-1,0.25,-1,-1
202.5,57,-1,0.25,-1,-1
202.75,72,-1,0.5,-1,-1
202.75,60,-1,0.25,-1,-1
203,67,-1,0.25,-1,-1
203.25,69,-1,0.25,-1,-1
203.25,72,-1,0.25,-1,-1
203.5,74,-1,0.25,-1,-1
203.5,53,-1,0.25,-1,-1
203.75,76,-1,0.5,-1,-1
203.75,57,-1,0.25,-1,-1
204,62,-1,0.5,-1,-1
204.25,72,-1,0.5,-1,-1
204.5,53,-1,0.25,-1,-1
204.75,69,-1,0.25,-1,-1
204.75,57,-1,0.25,-1,-1
205,71,-1,0.25,-1,-1
205,62,-1,0.25,-1,-1
205.25,72,-1,0.5,-1,-1
205.25,40,-1,0.25,-1,-1
205.5,47,-1,0.25,-1,-1
205.75,68,-1,0.5,-1,-1
205.75,80,-1,0.5,-1,-1
205.75,52,-1,0.25,-1,-1
206,56,-1,0.5,-1,-1
206.25,72,-1,0.5,-1,-1
206.25,80,-1,0.5,-1,-1
206.5,47,-1,0.25,-1,-1
206.75,74,-1,0.5,-1,-1
206.75,77,-1,0.5,-1,-1
206.75,56,-1,0.25,-1,-1
207,59,-1,0.25,-1,-1
207.25,74,-1,0.5,-1,-1
207.25,77,-1,0.5,-1,-1
207.25,40,-1,0.25,-1,-1
207.5,50,-1,0.25,-1,-1
207.75,71,-1,0.5,-1,-1
207.75,79,-1,0.5,-1,-1
207.75,56,-1,0.25,-1,-1
208,62,-1,0.5,-1,-1
208.25,68,-1,0.5,-1,-1
208.25,74,-1,0.5,-1,-1
208.25,77,-1,0.5,-1,-1
208.5,44,-1,0.25,-1,-1
208.75,71,-1,0.5,-1,-1
208.75,76,-1,0.5,-1,-1
208.75,56,-1,0.25,-1,-1
209,62,-1,0.25,-1,-1
209.25,64,-1,0.5,-1,-1
209.25,72,-1,0.5,-1,-1
209.25,45,-1,0.25,-1,-1
209.5,52,-1,0.25,-1,-1
209.75,74,-1,0.5,-1,-1
209.75,60,-1,0.25,-1,-1
210,64,-1,0.5,-1,-1
210.25,76,-1,0.25,-1,-1
210.5,67,-1,0.25,-1,-1
210.5,60,-1,0.25,-1,-1
210.75,72,-1,0.5,-1,-1
210.75,79,-1,0.5,-1,-1
210.75,59,-1,0.25,-1,-1
211,60,-1,0.25,-1,-1
211.25,69,-1,0.875,-1,-1
211.25,77,-1,0.875,-1,-1
211.25,84,-1,0.875,-1,-1
211.25,41,-1,0.25,-1,-1
211.5,55,-1,0.25,-1,-1
211.75,57,-1,0.25,-1,-1
212,65,-1,0.5,-1,-1
212.25,65,-1,0.25,-1,-1
212.25,74,-1,0.25,-1,-1
212.5,67,-1,0.25,-1,-1
212.5,53,-1,0.25,-1,-1
212.75,72,-1,0.5,-1,-1
212.75,59,-1,0.25,-1,-1
213,60,-1,0.25,-1,-1
213.25,62,-1,0.5,-1,-1
213.25,71,-1,0.5,-1,-1
213.25,43,-1,0.25,-1,-1
213.5,55,-1,0.25,-1,-1
213.75,67,-1,0.5,-1,-1
213.75,81,-1,0.5,-1,-1
213.75,62,-1,0.25,-1,-1
214,65,-1,0.5,-1,-1
214.25,69,-1,0.5,-1,-1
214.25,79,-1,0.5,-1,-1
214.5,55,-1,0.25,-1,-1
214.75,71,-1,0.5,-1,-1
214.75,74,-1,0.5,-1,-1
214.75,62,-1,0.25,-1,-1
215,65,-1,0.25,-1,-1
215.25,67,-1,0.875,-1,-1
215.25,72,-1,0.875,-1,-1
215.25,76,-1,0.875,-1,-1
215.5,55,-1,0.25,-1,-1
215.75,60,-1,0.25,-1,-1
216,64,-1,0.25,-1,-1
216.25,71,-1,0.5,-1,-1
216.25,74,-1,0.5,-1,-1
216.25,47,-1,0.5,-1,-1
216.75,72,-1,0.25,-1,-1
216.75,55,-1,0.25,-1,-1
217,71,-1,0.25,-1,-1
217,67,-1,0.25,-1,-1
217.25,67,-1,0.875,-1,-1
217.25,72,-1,0.875,-1,-1
217.25,45,-1,0.25,-1,-1
217.5,57,-1,0.25,-1,-1
217.75,60,-1,0.25,-1,-1
218,67,-1,0.5,-1,-1
218.25,74,-1,0.5,-1,-1
218.5,57,-1,0.25,-1,-1
218.75,72,-1,0.25,-1,-1
218.75,60,-1,0.25,-1,-1
219,71,-1,0.25,-1,-1
219,67,-1,0.25,-1,-1
219.25,65,-1,0.875,-1,-1
219.25,72,-1,0.875,-1,-1
219.5,53,-1,0.25,-1,-1
219.75,57,-1,0.25,-1,-1
220,62,-1,0.5,-1,-1
220.5,53,-1,0.25,-1,-1
220.75,69,-1,0.25,-1,-1
220.75,57,-1,0.25,-1,-1
221,69,-1,0.25,-1,-1
221,62,-1,0.25,-1,-1
221.25,65,-1,0.5,-1,-1
221.25,76,-1,0.5,-1,-1
221.25,41,-1,0.25,-1,-1
221.5,55,-1,0.25,-1,-1
221.75,79,-1,0.5,-1,-1
221.75,62,-1,0.25,-1,-1
222,67,-1,0.5,-1,-1
222.25,77,-1,0.5,-1,-1
222.5,55,-1,0.25,-1,-1
222.75,76,-1,0.5,-1,-1
222.75,57,-1,0.25,-1,-1
223,67,-1,0.25,-1,-1
223.25,65,-1,0.5,-1,-1
223.25,74,-1,0.5,-1,-1
223.25,43,-1,0.25,-1,-1
223.5,55,-1,0.25,-1,-1
223.75,72,-1,0.875,-1,-1
223.75,62,-1,0.25,-1,-1
224,65,-1,0.5,-1,-1
224.5,55,-1,0.25,-1,-1
224.75,71,-1,0.5,-1,-1
224.75,74,-1,0.5,-1,-1
224.75,67,-1,0.25,-1,-1
225,62,-1,0.25,-1,-1
225.25,64,-1,1.75,-1,-1
225.25,67,-1,1.75,-1,-1
225.25,72,-1,1.75,-1,-1
225.25,76,-1,1.75,-1,-1
225.25,48,-1,0.25,-1,-1
225.5,55,-1,0.25,-1,-1
225.75,60,-1,0.25,-1,-1
226,62,-1,0.5,-1,-1
226.5,55,-1,0.25,-1,-1
226.75,60,-1,0.25,-1,-1
227,62,-1,0.25,-1,-1
227.25,69,-1,1.75,-1,-1
227.25,77,-1,1.75,-1,-1
227.25,48,-1,0.25,-1,-1
227.5,57,-1,0.25,-1,-1
227.75,60,-1,0.25,-1,-1
228,62,-1,0.5,-1,-1
228.5,57,-1,0.25,-1,-1
228.75,60,-1,0.25,-1,-1
229,62,-1,0.25,-1,-1
229.25,68,-1,1.75,-1,-1
229.25,74,-1,1.75,-1,-1
229.25,47,-1,0.25,-1,-1
229.5,56,-1,0.25,-1,-1
229.75,60,-1,0.25,-1,-1
230,62,-1,0.5,-1,-1
230.5,56,-1,0.25,-1,-1
230.75,60,-1,0.25,-1,-1
231,62,-1,0.25,-1,-1
231.25,67,-1,1.75,-1,-1
231.25,76,-1,1.75,-1,-1
231.25,48,-1,0.25,-1,-1
231.5,55,-1,0.25,-1,-1
231.75,60,-1,0.25,-1,-1
232,62,-1,0.25,-1,-1
232.25,64,-1,0.25,-1,-1
232.5,65,-1,0.25,-1,-1
232.75,43,-1,0.5,-1,-1
232.75,55,-1,0.5,-1,-1
232.75,60,-1,0.5,-1,-1
232.75,64,-1,0.5,-1,-1
233.25,67,-1,1.75,-1,-1
233.25,76,-1,1.75,-1,-1
233.25,48,-1,0.25,-1,-1
233.5,55,-1,0.25,-1,-1
233.75,60,-1,0.25,-1,-1
234,62,-1,0.5,-1,-1
234.5,55,-1,0.25,-1,-1
234.75,60,-1,0.25,-1,-1
235,62,-1,0.25,-1,-1
235.25,69,-1,1.75,-1,-1
235.25,77,-1,1.75,-1,-1
235.25,48,-1,0.25,-1,-1
235.5,57,-1,0.25,-1,-1
235.75,60,-1,0.25,-1,-1
236,62,-1,0.5,-1,-1
236.5,57,-1,0.25,-1,-1
236.75,60,-1,0.25,-1,-1
237,62,-1,0.25,-1,-1
237.25,68,-1,3.625,-1,-1
237.25,74,-1,3.625,-1,-1
237.25,47,-1,0.25,-1,-1
237.5,56,-1,0.25,-1,-1
237.75,60,-1,0.25,-1,-1
238,62,-1,1.125,-1,-1