0.000000,61,-1,2.848958,-1,-1
0.000000,66,-1,2.848958,-1,-1
0.000000,69,-1,2.848958,-1,-1
0.000000,42,-1,3.798958,-1,-1
0.000000,54,-1,3.798958,-1,-1
3.000000,61,-1,0.948958,-1,-1
3.000000,66,-1,0.948958,-1,-1
3.000000,69,-1,0.948958,-1,-1
4.000000,59,-1,2.848958,-1,-1
4.000000,66,-1,2.848958,-1,-1
4.000000,69,-1,2.848958,-1,-1
4.000000,40,-1,3.798958,-1,-1
4.000000,52,-1,3.798958,-1,-1
7.000000,59,-1,0.948958,-1,-1
7.000000,64,-1,0.948958,-1,-1
7.000000,68,-1,0.948958,-1,-1
8.000000,61,-1,2.848958,-1,-1
8.000000,64,-1,2.848958,-1,-1
8.000000,68,-1,2.848958,-1,-1
8.000000,37,-1,3.798958,-1,-1
8.000000,49,-1,3.798958,-1,-1
11.000000,61,-1,0.948958,-1,-1
11.000000,64,-1,0.948958,-1,-1
11.000000,68,-1,0.948958,-1,-1
12.000000,57,-1,3.798958,-1,-1
12.000000,61,-1,3.798958,-1,-1
12.000000,66,-1,3.798958,-1,-1
12.000000,38,-1,3.798958,-1,-1
12.000000,50,-1,3.798958,-1,-1
16.000000,42,-1,0.473958,-1,-1
16.500000,49,-1,0.473958,-1,-1
17.000000,54,-1,2.848958,-1,-1
17.500000,71,-1,0.236458,-1,-1
17.750000,71,-1,0.236458,-1,-1
18.000000,71,-1,0.473958,-1,-1
18.500000,71,-1,0.473958,-1,-1
19.000000,71,-1,0.473958,-1,-1
19.500000,69,-1,1.898958,-1,-1
20.000000,40,-1,0.473958,-1,-1
20.500000,47,-1,0.473958,-1,-1
21.000000,52,-1,2.848958,-1,-1
21.500000,71,-1,0.236458,-1,-1
21.750000,71,-1,0.236458,-1,-1
22.000000,71,-1,0.473958,-1,-1
22.500000,73,-1,0.473958,-1,-1
23.000000,66,-1,0.473958,-1,-1
23.500000,66,-1,1.898958,-1,-1
24.000000,37,-1,0.473958,-1,-1
24.500000,44,-1,0.473958,-1,-1
25.000000,49,-1,2.848958,-1,-1
25.500000,71,-1,0.236458,-1,-1
25.750000,71,-1,0.236458,-1,-1
26.000000,71,-1,0.473958,-1,-1
26.500000,71,-1,0.473958,-1,-1
27.000000,71,-1,0.473958,-1,-1
27.500000,69,-1,0.473958,-1,-1
28.000000,71,-1,0.236458,-1,-1
28.000000,38,-1,0.473958,-1,-1
28.250000,71,-1,0.236458,-1,-1
28.500000,71,-1,0.236458,-1,-1
28.500000,45,-1,0.473958,-1,-1
28.750000,69,-1,0.236458,-1,-1
29.000000,71,-1,0.473958,-1,-1
29.000000,50,-1,2.848958,-1,-1
29.500000,73,-1,0.473958,-1,-1
30.000000,66,-1,0.473958,-1,-1
30.500000,66,-1,0.948958,-1,-1
31.500000,69,-1,1.423958,-1,-1
32.000000,42,-1,0.473958,-1,-1
32.500000,49,-1,0.473958,-1,-1
33.000000,78,-1,0.236458,-1,-1
33.000000,54,-1,1.423958,-1,-1
33.250000,76,-1,0.236458,-1,-1
33.500000,76,-1,0.236458,-1,-1
33.750000,76,-1,0.236458,-1,-1
34.000000,76,-1,0.473958,-1,-1
34.500000,73,-1,0.236458,-1,-1
34.500000,49,-1,0.473958,-1,-1
34.750000,73,-1,0.236458,-1,-1
35.000000,73,-1,0.473958,-1,-1
35.000000,54,-1,0.948958,-1,-1
35.500000,71,-1,1.423958,-1,-1
36.000000,40,-1,0.473958,-1,-1
36.500000,47,-1,0.473958,-1,-1
37.000000,78,-1,0.236458,-1,-1
37.000000,52,-1,1.423958,-1,-1
37.250000,76,-1,0.236458,-1,-1
37.500000,76,-1,0.236458,-1,-1
37.750000,76,-1,0.236458,-1,-1
38.000000,76,-1,0.473958,-1,-1
38.500000,73,-1,0.236458,-1,-1
38.500000,47,-1,0.473958,-1,-1
38.750000,73,-1,0.236458,-1,-1
39.000000,73,-1,0.473958,-1,-1
39.000000,52,-1,0.948958,-1,-1
39.500000,71,-1,1.423958,-1,-1
40.000000,37,-1,0.473958,-1,-1
40.500000,44,-1,0.473958,-1,-1
41.000000,73,-1,0.473958,-1,-1
41.000000,49,-1,1.423958,-1,-1
41.500000,66,-1,0.236458,-1,-1
41.750000,66,-1,0.236458,-1,-1
42.000000,73,-1,0.473958,-1,-1
42.500000,71,-1,1.423958,-1,-1
42.500000,44,-1,0.473958,-1,-1
43.000000,49,-1,0.948958,-1,-1
44.000000,38,-1,0.473958,-1,-1
44.500000,64,-1,0.473958,-1,-1
44.500000,45,-1,0.473958,-1,-1
45.000000,73,-1,0.473958,-1,-1
45.000000,50,-1,1.423958,-1,-1
45.500000,64,-1,0.236458,-1,-1
45.750000,64,-1,0.236458,-1,-1
46.000000,73,-1,0.236458,-1,-1
46.250000,71,-1,0.236458,-1,-1
46.500000,71,-1,1.423958,-1,-1
46.500000,45,-1,0.473958,-1,-1
47.000000,50,-1,0.948958,-1,-1
48.000000,42,-1,0.948958,-1,-1
49.000000,66,-1,0.236458,-1,-1
49.000000,54,-1,0.948958,-1,-1
49.000000,57,-1,0.948958,-1,-1
49.250000,66,-1,0.236458,-1,-1
49.500000,69,-1,0.236458,-1,-1
49.750000,69,-1,0.236458,-1,-1
50.000000,71,-1,0.473958,-1,-1
50.000000,54,-1,0.948958,-1,-1
50.000000,57,-1,0.948958,-1,-1
50.500000,73,-1,1.423958,-1,-1
51.000000,54,-1,0.948958,-1,-1
51.000000,57,-1,0.948958,-1,-1
52.000000,40,-1,0.948958,-1,-1
53.000000,64,-1,0.236458,-1,-1
53.000000,52,-1,0.948958,-1,-1
53.000000,59,-1,0.948958,-1,-1
53.250000,69,-1,0.236458,-1,-1
53.500000,71,-1,0.236458,-1,-1
53.750000,71,-1,0.236458,-1,-1
54.000000,71,-1,0.473958,-1,-1
54.000000,52,-1,0.948958,-1,-1
54.000000,59,-1,0.948958,-1,-1
54.500000,69,-1,1.423958,-1,-1
55.000000,52,-1,0.948958,-1,-1
55.000000,59,-1,0.948958,-1,-1
56.000000,37,-1,0.948958,-1,-1
57.000000,76,-1,0.236458,-1,-1
57.000000,52,-1,0.948958,-1,-1
57.000000,56,-1,0.948958,-1,-1
57.250000,73,-1,0.236458,-1,-1
57.500000,71,-1,0.236458,-1,-1
57.750000,69,-1,0.236458,-1,-1
58.000000,66,-1,0.473958,-1,-1
58.000000,52,-1,0.948958,-1,-1
58.000000,56,-1,0.948958,-1,-1
58.500000,64,-1,1.423958,-1,-1
59.000000,52,-1,0.948958,-1,-1
59.000000,56,-1,0.948958,-1,-1
60.000000,38,-1,0.948958,-1,-1
60.500000,64,-1,0.236458,-1,-1
60.750000,66,-1,0.236458,-1,-1
61.000000,73,-1,0.473958,-1,-1
61.000000,50,-1,0.948958,-1,-1
61.000000,57,-1,0.948958,-1,-1
61.500000,69,-1,0.236458,-1,-1
61.750000,69,-1,0.236458,-1,-1
62.000000,66,-1,0.473958,-1,-1
62.000000,50,-1,0.948958,-1,-1
62.000000,57,-1,0.948958,-1,-1
62.500000,69,-1,0.236458,-1,-1
62.750000,71,-1,0.711458,-1,-1
63.000000,50,-1,0.948958,-1,-1
63.000000,57,-1,0.948958,-1,-1
63.500000,73,-1,0.473958,-1,-1
64.000000,42,-1,0.948958,-1,-1
65.000000,64,-1,0.236458,-1,-1
65.000000,54,-1,0.948958,-1,-1
65.000000,57,-1,0.948958,-1,-1
65.250000,66,-1,0.236458,-1,-1
65.500000,69,-1,0.236458,-1,-1
65.750000,71,-1,0.236458,-1,-1
66.000000,71,-1,0.473958,-1,-1
66.000000,54,-1,0.948958,-1,-1
66.000000,57,-1,0.948958,-1,-1
66.500000,73,-1,1.423958,-1,-1
67.000000,54,-1,0.948958,-1,-1
67.000000,57,-1,0.948958,-1,-1
68.000000,40,-1,0.948958,-1,-1
69.000000,64,-1,0.236458,-1,-1
69.000000,52,-1,0.948958,-1,-1
69.000000,59,-1,0.948958,-1,-1
69.250000,66,-1,0.236458,-1,-1
69.500000,69,-1,0.236458,-1,-1
69.750000,71,-1,0.236458,-1,-1
70.000000,71,-1,0.473958,-1,-1
70.000000,52,-1,0.948958,-1,-1
70.000000,59,-1,0.948958,-1,-1
70.500000,69,-1,1.423958,-1,-1
71.000000,52,-1,0.948958,-1,-1
71.000000,59,-1,0.948958,-1,-1
72.000000,37,-1,0.948958,-1,-1
72.750000,64,-1,0.236458,-1,-1
73.000000,76,-1,0.236458,-1,-1
73.000000,52,-1,0.948958,-1,-1
73.000000,56,-1,0.948958,-1,-1
73.250000,73,-1,0.236458,-1,-1
73.500000,71,-1,0.236458,-1,-1
73.750000,69,-1,0.236458,-1,-1
74.000000,71,-1,0.473958,-1,-1
74.000000,52,-1,0.948958,-1,-1
74.000000,56,-1,0.948958,-1,-1
74.500000,69,-1,1.423958,-1,-1
75.000000,52,-1,0.948958,-1,-1
75.000000,56,-1,0.948958,-1,-1
76.000000,42,-1,3.798958,-1,-1
76.000000,54,-1,3.798958,-1,-1
76.500000,64,-1,0.236458,-1,-1
76.750000,66,-1,0.236458,-1,-1
77.000000,78,-1,0.236458,-1,-1
77.250000,73,-1,0.236458,-1,-1
77.500000,71,-1,0.236458,-1,-1
77.750000,69,-1,0.236458,-1,-1
78.000000,71,-1,0.473958,-1,-1
78.500000,73,-1,0.948958,-1,-1
79.500000,69,-1,0.473958,-1,-1
80.000000,81,-1,0.948958,-1,-1
80.000000,38,-1,0.473958,-1,-1
80.500000,45,-1,0.473958,-1,-1
81.000000,80,-1,0.948958,-1,-1
81.000000,50,-1,0.473958,-1,-1
81.500000,45,-1,0.473958,-1,-1
82.000000,76,-1,0.948958,-1,-1
82.000000,54,-1,0.473958,-1,-1
82.500000,45,-1,0.473958,-1,-1
83.000000,73,-1,0.948958,-1,-1
83.000000,50,-1,0.473958,-1,-1
83.500000,45,-1,0.473958,-1,-1
84.000000,71,-1,0.473958,-1,-1
84.000000,40,-1,0.473958,-1,-1
84.500000,73,-1,0.473958,-1,-1
84.500000,47,-1,0.473958,-1,-1
85.000000,76,-1,0.948958,-1,-1
85.000000,52,-1,0.473958,-1,-1
85.500000,73,-1,2.373958,-1,-1
85.500000,47,-1,0.473958,-1,-1
86.000000,56,-1,0.473958,-1,-1
86.500000,47,-1,0.473958,-1,-1
87.000000,52,-1,0.473958,-1,-1
87.500000,47,-1,0.473958,-1,-1
88.000000,37,-1,0.473958,-1,-1
88.500000,71,-1,0.236458,-1,-1
88.500000,44,-1,0.473958,-1,-1
88.750000,73,-1,0.236458,-1,-1
89.000000,66,-1,0.473958,-1,-1
89.000000,49,-1,0.473958,-1,-1
89.500000,71,-1,0.236458,-1,-1
89.500000,52,-1,0.473958,-1,-1
89.750000,73,-1,0.236458,-1,-1
90.000000,66,-1,0.473958,-1,-1
90.000000,56,-1,0.948958,-1,-1
90.500000,73,-1,0.473958,-1,-1
91.000000,73,-1,0.948958,-1,-1
91.000000,52,-1,0.948958,-1,-1
92.000000,42,-1,0.473958,-1,-1
92.500000,71,-1,0.236458,-1,-1
92.500000,49,-1,0.473958,-1,-1
92.750000,73,-1,0.236458,-1,-1
93.000000,66,-1,0.473958,-1,-1
93.000000,54,-1,0.473958,-1,-1
93.500000,71,-1,0.236458,-1,-1
93.500000,57,-1,0.473958,-1,-1
93.750000,73,-1,0.236458,-1,-1
94.000000,66,-1,0.473958,-1,-1
94.000000,61,-1,0.948958,-1,-1
94.500000,76,-1,0.473958,-1,-1
95.000000,73,-1,0.948958,-1,-1
95.000000,54,-1,0.948958,-1,-1
96.000000,81,-1,0.948958,-1,-1
96.000000,38,-1,0.473958,-1,-1
96.500000,45,-1,0.473958,-1,-1
97.000000,80,-1,0.948958,-1,-1
97.000000,50,-1,0.473958,-1,-1
97.500000,45,-1,0.473958,-1,-1
98.000000,76,-1,0.948958,-1,-1
98.000000,54,-1,0.473958,-1,-1
98.500000,45,-1,0.473958,-1,-1
99.000000,73,-1,0.948958,-1,-1
99.000000,50,-1,0.473958,-1,-1
99.500000,45,-1,0.473958,-1,-1
100.000000,71,-1,0.473958,-1,-1
100.000000,40,-1,0.473958,-1,-1
100.500000,73,-1,0.473958,-1,-1
100.500000,47,-1,0.473958,-1,-1
101.000000,76,-1,0.473958,-1,-1
101.000000,52,-1,0.473958,-1,-1
101.500000,73,-1,2.373958,-1,-1
101.500000,47,-1,0.473958,-1,-1
102.000000,56,-1,0.473958,-1,-1
102.500000,47,-1,0.473958,-1,-1
103.000000,52,-1,0.473958,-1,-1
103.500000,47,-1,0.473958,-1,-1
104.000000,37,-1,0.473958,-1,-1
104.500000,71,-1,0.236458,-1,-1
104.500000,44,-1,0.473958,-1,-1
104.750000,73,-1,0.236458,-1,-1
105.000000,66,-1,0.473958,-1,-1
105.000000,49,-1,0.473958,-1,-1
105.500000,71,-1,0.236458,-1,-1
105.500000,52,-1,0.473958,-1,-1
105.750000,73,-1,0.236458,-1,-1
106.000000,66,-1,0.473958,-1,-1
106.000000,56,-1,0.948958,-1,-1
106.500000,73,-1,0.473958,-1,-1
107.000000,73,-1,0.948958,-1,-1
107.000000,52,-1,0.948958,-1,-1
108.000000,42,-1,0.473958,-1,-1
108.500000,71,-1,0.236458,-1,-1
108.500000,49,-1,0.473958,-1,-1
108.750000,73,-1,0.236458,-1,-1
109.000000,66,-1,0.473958,-1,-1
109.000000,54,-1,0.473958,-1,-1
109.500000,71,-1,0.236458,-1,-1
109.500000,49,-1,0.473958,-1,-1
109.750000,73,-1,0.236458,-1,-1
110.000000,66,-1,0.473958,-1,-1
110.000000,57,-1,0.473958,-1,-1
110.500000,76,-1,0.473958,-1,-1
110.500000,49,-1,0.473958,-1,-1
111.000000,73,-1,3.798958,-1,-1
111.000000,54,-1,0.473958,-1,-1
111.500000,49,-1,0.473958,-1,-1
112.000000,50,-1,3.798958,-1,-1
112.000000,57,-1,3.798958,-1,-1
115.000000,71,-1,0.473958,-1,-1
115.500000,69,-1,0.473958,-1,-1
116.000000,73,-1,0.473958,-1,-1
116.000000,52,-1,3.798958,-1,-1
116.000000,59,-1,3.798958,-1,-1
116.500000,73,-1,0.948958,-1,-1
117.000000,71,-1,1.423958,-1,-1
118.500000,78,-1,0.473958,-1,-1
119.000000,76,-1,0.473958,-1,-1
119.500000,73,-1,0.473958,-1,-1
120.000000,69,-1,0.948958,-1,-1
120.000000,49,-1,3.798958,-1,-1
120.000000,56,-1,3.798958,-1,-1
121.000000,68,-1,0.948958,-1,-1
122.000000,64,-1,1.898958,-1,-1
124.000000,61,-1,3.798958,-1,-1
124.000000,54,-1,3.798958,-1,-1
124.000000,57,-1,3.798958,-1,-1
128.000000,38,-1,0.473958,-1,-1
128.500000,71,-1,0.236458,-1,-1
128.500000,45,-1,0.473958,-1,-1
128.750000,71,-1,0.236458,-1,-1
129.000000,71,-1,0.473958,-1,-1
129.000000,50,-1,0.473958,-1,-1
129.500000,71,-1,0.236458,-1,-1
129.500000,45,-1,0.473958,-1,-1
129.750000,71,-1,0.236458,-1,-1
130.000000,71,-1,0.473958,-1,-1
130.000000,54,-1,0.473958,-1,-1
130.500000,71,-1,0.473958,-1,-1
130.500000,45,-1,0.473958,-1,-1
131.000000,73,-1,0.473958,-1,-1
131.000000,50,-1,0.473958,-1,-1
131.500000,66,-1,0.473958,-1,-1
131.500000,45,-1,0.473958,-1,-1
132.000000,71,-1,0.236458,-1,-1
132.000000,40,-1,0.473958,-1,-1
132.250000,71,-1,0.236458,-1,-1
132.500000,73,-1,0.236458,-1,-1
132.500000,47,-1,0.473958,-1,-1
132.750000,66,-1,0.711458,-1,-1
133.000000,52,-1,0.473958,-1,-1
133.500000,73,-1,0.473958,-1,-1
133.500000,47,-1,0.473958,-1,-1
134.000000,66,-1,0.236458,-1,-1
134.000000,56,-1,0.473958,-1,-1
134.250000,66,-1,0.236458,-1,-1
134.500000,66,-1,0.236458,-1,-1
134.500000,47,-1,0.473958,-1,-1
134.750000,71,-1,0.236458,-1,-1
135.000000,73,-1,0.473958,-1,-1
135.000000,52,-1,0.473958,-1,-1
135.500000,66,-1,0.236458,-1,-1
135.500000,47,-1,0.473958,-1,-1
135.750000,71,-1,0.236458,-1,-1
136.000000,71,-1,0.248958,-1,-1
136.000000,37,-1,0.473958,-1,-1
136.500000,71,-1,0.236458,-1,-1
136.500000,44,-1,0.473958,-1,-1
136.750000,71,-1,0.236458,-1,-1
137.000000,71,-1,0.473958,-1,-1
137.000000,49,-1,0.473958,-1,-1
137.500000,71,-1,0.473958,-1,-1
137.500000,52,-1,0.473958,-1,-1
138.000000,71,-1,0.248958,-1,-1
138.000000,56,-1,0.948958,-1,-1
138.500000,71,-1,0.236458,-1,-1
138.750000,71,-1,0.236458,-1,-1
139.000000,76,-1,0.473958,-1,-1
139.000000,52,-1,0.948958,-1,-1
139.500000,73,-1,0.236458,-1,-1
139.750000,73,-1,0.236458,-1,-1
140.000000,73,-1,0.236458,-1,-1
140.000000,42,-1,0.473958,-1,-1
140.250000,73,-1,0.236458,-1,-1
140.500000,66,-1,0.248958,-1,-1
140.500000,49,-1,0.473958,-1,-1
141.000000,66,-1,0.236458,-1,-1
141.000000,54,-1,0.473958,-1,-1
141.250000,71,-1,0.711458,-1,-1
141.500000,49,-1,0.473958,-1,-1
142.000000,73,-1,0.236458,-1,-1
142.000000,57,-1,0.473958,-1,-1
142.250000,73,-1,0.236458,-1,-1
142.500000,66,-1,0.248958,-1,-1
142.500000,49,-1,0.473958,-1,-1
143.000000,66,-1,0.236458,-1,-1
143.000000,54,-1,0.473958,-1,-1
143.250000,71,-1,0.711458,-1,-1
143.500000,49,-1,0.473958,-1,-1
144.000000,38,-1,0.473958,-1,-1
144.500000,71,-1,0.473958,-1,-1
144.500000,45,-1,0.473958,-1,-1
145.000000,71,-1,0.473958,-1,-1
145.000000,50,-1,0.473958,-1,-1
145.500000,71,-1,0.236458,-1,-1
145.500000,45,-1,0.473958,-1,-1
145.750000,71,-1,0.236458,-1,-1
146.000000,71,-1,0.236458,-1,-1
146.000000,54,-1,0.473958,-1,-1
146.250000,71,-1,0.236458,-1,-1
146.500000,73,-1,1.423958,-1,-1
146.500000,45,-1,0.473958,-1,-1
147.000000,50,-1,0.473958,-1,-1
147.500000,45,-1,0.473958,-1,-1
148.000000,40,-1,0.473958,-1,-1
148.500000,71,-1,0.236458,-1,-1
148.500000,47,-1,0.473958,-1,-1
148.750000,71,-1,0.236458,-1,-1
149.000000,71,-1,0.236458,-1,-1
149.000000,52,-1,0.473958,-1,-1
149.250000,71,-1,0.236458,-1,-1
149.500000,71,-1,0.236458,-1,-1
149.500000,47,-1,0.473958,-1,-1
149.750000,71,-1,0.236458,-1,-1
150.000000,71,-1,0.236458,-1,-1
150.000000,56,-1,0.948958,-1,-1
150.250000,71,-1,0.236458,-1,-1
150.500000,73,-1,1.423958,-1,-1
151.000000,47,-1,0.948958,-1,-1
152.000000,37,-1,0.473958,-1,-1
152.500000,71,-1,0.236458,-1,-1
152.500000,44,-1,0.473958,-1,-1
152.750000,71,-1,0.236458,-1,-1
153.000000,71,-1,0.236458,-1,-1
153.000000,49,-1,0.473958,-1,-1
153.250000,71,-1,0.236458,-1,-1
153.500000,71,-1,0.236458,-1,-1
153.500000,52,-1,0.473958,-1,-1
153.750000,71,-1,0.236458,-1,-1
154.000000,71,-1,0.236458,-1,-1
154.000000,56,-1,0.473958,-1,-1
154.250000,71,-1,0.236458,-1,-1
154.500000,71,-1,0.236458,-1,-1
154.500000,52,-1,0.473958,-1,-1
154.750000,71,-1,0.236458,-1,-1
155.000000,73,-1,0.948958,-1,-1
155.000000,61,-1,0.948958,-1,-1
156.000000,71,-1,0.236458,-1,-1
156.000000,42,-1,3.798958,-1,-1
156.000000,54,-1,3.798958,-1,-1
156.250000,71,-1,0.236458,-1,-1
156.500000,71,-1,0.236458,-1,-1
156.750000,71,-1,0.236458,-1,-1
157.000000,71,-1,0.473958,-1,-1
157.500000,71,-1,0.236458,-1,-1
157.750000,71,-1,0.236458,-1,-1
158.000000,71,-1,0.236458,-1,-1
158.250000,71,-1,0.236458,-1,-1
158.500000,73,-1,1.423958,-1,-1
160.000000,38,-1,0.473958,-1,-1
160.500000,45,-1,0.473958,-1,-1
161.000000,66,-1,0.236458,-1,-1
161.000000,50,-1,0.473958,-1,-1
161.250000,66,-1,0.236458,-1,-1
161.500000,69,-1,0.236458,-1,-1
161.500000,45,-1,0.473958,-1,-1
161.750000,69,-1,0.236458,-1,-1
162.000000,71,-1,0.473958,-1,-1
162.000000,54,-1,0.473958,-1,-1
162.500000,73,-1,0.948958,-1,-1
162.500000,45,-1,0.473958,-1,-1
163.000000,50,-1,0.473958,-1,-1
163.500000,71,-1,0.236458,-1,-1
163.500000,45,-1,0.473958,-1,-1
163.750000,69,-1,0.236458,-1,-1
164.000000,73,-1,0.948958,-1,-1
164.000000,40,-1,0.473958,-1,-1
164.500000,47,-1,0.473958,-1,-1
165.000000,64,-1,0.236458,-1,-1
165.000000,52,-1,0.473958,-1,-1
165.250000,69,-1,0.236458,-1,-1
165.500000,71,-1,0.236458,-1,-1
165.500000,47,-1,0.473958,-1,-1
165.750000,71,-1,0.236458,-1,-1
166.000000,71,-1,0.473958,-1,-1
166.000000,56,-1,0.473958,-1,-1
166.500000,69,-1,1.423958,-1,-1
166.500000,47,-1,0.473958,-1,-1
167.000000,52,-1,0.473958,-1,-1
167.500000,47,-1,0.473958,-1,-1
168.000000,37,-1,0.473958,-1,-1
168.500000,44,-1,0.473958,-1,-1
169.000000,76,-1,0.236458,-1,-1
169.000000,49,-1,0.473958,-1,-1
169.250000,73,-1,0.236458,-1,-1
169.500000,71,-1,0.236458,-1,-1
169.500000,44,-1,0.473958,-1,-1
169.750000,69,-1,0.236458,-1,-1
170.000000,66,-1,0.473958,-1,-1
170.000000,52,-1,0.473958,-1,-1
170.500000,64,-1,1.423958,-1,-1
170.500000,44,-1,0.473958,-1,-1
171.000000,49,-1,0.473958,-1,-1
171.500000,44,-1,0.473958,-1,-1
172.000000,42,-1,0.473958,-1,-1
172.500000,64,-1,0.236458,-1,-1
172.500000,49,-1,0.473958,-1,-1
172.750000,66,-1,0.236458,-1,-1
173.000000,73,-1,0.473958,-1,-1
173.000000,54,-1,0.473958,-1,-1
173.500000,69,-1,0.236458,-1,-1
173.500000,49,-1,0.473958,-1,-1
173.750000,69,-1,0.236458,-1,-1
174.000000,66,-1,0.473958,-1,-1
174.000000,57,-1,0.473958,-1,-1
174.500000,71,-1,0.948958,-1,-1
174.500000,49,-1,0.473958,-1,-1
175.000000,54,-1,0.473958,-1,-1
175.500000,73,-1,0.473958,-1,-1
175.500000,49,-1,0.473958,-1,-1
176.000000,38,-1,0.473958,-1,-1
176.500000,45,-1,0.473958,-1,-1
177.000000,64,-1,0.236458,-1,-1
177.000000,50,-1,0.473958,-1,-1
177.250000,66,-1,0.236458,-1,-1
177.500000,69,-1,0.236458,-1,-1
177.500000,54,-1,0.473958,-1,-1
177.750000,71,-1,0.236458,-1,-1
178.000000,71,-1,0.473958,-1,-1
178.000000,57,-1,0.948958,-1,-1
178.500000,73,-1,0.948958,-1,-1
179.000000,50,-1,0.948958,-1,-1
179.500000,71,-1,0.236458,-1,-1
179.750000,69,-1,0.236458,-1,-1
180.000000,73,-1,0.948958,-1,-1
180.000000,40,-1,0.473958,-1,-1
180.500000,47,-1,0.473958,-1,-1
181.000000,64,-1,0.236458,-1,-1
181.000000,52,-1,0.473958,-1,-1
181.250000,69,-1,0.236458,-1,-1
181.500000,71,-1,0.236458,-1,-1
181.500000,56,-1,0.473958,-1,-1
181.750000,71,-1,0.236458,-1,-1
182.000000,71,-1,0.473958,-1,-1
182.000000,59,-1,0.948958,-1,-1
182.500000,69,-1,1.423958,-1,-1
183.000000,52,-1,0.948958,-1,-1
184.000000,37,-1,0.473958,-1,-1
184.500000,44,-1,0.473958,-1,-1
184.750000,64,-1,0.236458,-1,-1
185.000000,76,-1,0.236458,-1,-1
185.000000,49,-1,0.473958,-1,-1
185.250000,73,-1,0.236458,-1,-1
185.500000,71,-1,0.236458,-1,-1
185.500000,52,-1,0.473958,-1,-1
185.750000,69,-1,0.236458,-1,-1
186.000000,71,-1,0.473958,-1,-1
186.000000,56,-1,0.948958,-1,-1
186.500000,69,-1,0.948958,-1,-1
187.000000,49,-1,0.948958,-1,-1
188.000000,50,-1,3.798958,-1,-1
188.000000,57,-1,3.798958,-1,-1
188.750000,64,-1,0.236458,-1,-1
189.000000,76,-1,0.236458,-1,-1
189.250000,73,-1,0.236458,-1,-1
189.500000,71,-1,0.236458,-1,-1
189.750000,69,-1,0.236458,-1,-1
190.000000,71,-1,0.473958,-1,-1
190.500000,73,-1,1.423958,-1,-1
192.000000,81,-1,0.948958,-1,-1
192.000000,38,-1,0.473958,-1,-1
192.500000,45,-1,0.473958,-1,-1
193.000000,80,-1,0.948958,-1,-1
193.000000,50,-1,0.473958,-1,-1
193.500000,45,-1,0.473958,-1,-1
194.000000,76,-1,0.948958,-1,-1
194.000000,54,-1,0.473958,-1,-1
194.500000,45,-1,0.473958,-1,-1
195.000000,73,-1,0.948958,-1,-1
195.000000,50,-1,0.473958,-1,-1
195.500000,45,-1,0.473958,-1,-1
196.000000,71,-1,0.473958,-1,-1
196.000000,40,-1,0.473958,-1,-1
196.500000,73,-1,0.473958,-1,-1
196.500000,47,-1,0.473958,-1,-1
197.000000,76,-1,0.948958,-1,-1
197.000000,52,-1,0.473958,-1,-1
197.500000,73,-1,2.373958,-1,-1
197.500000,47,-1,0.473958,-1,-1
198.000000,56,-1,0.473958,-1,-1
198.500000,47,-1,0.473958,-1,-1
199.000000,52,-1,0.473958,-1,-1
199.500000,47,-1,0.473958,-1,-1
200.000000,37,-1,0.473958,-1,-1
200.500000,71,-1,0.236458,-1,-1
200.500000,44,-1,0.473958,-1,-1
200.750000,73,-1,0.236458,-1,-1
201.000000,66,-1,0.473958,-1,-1
201.000000,49,-1,0.473958,-1,-1
201.500000,71,-1,0.236458,-1,-1
201.500000,52,-1,0.473958,-1,-1
201.750000,73,-1,0.236458,-1,-1
202.000000,66,-1,0.473958,-1,-1
202.000000,56,-1,0.948958,-1,-1
202.500000,73,-1,0.473958,-1,-1
203.000000,73,-1,0.948958,-1,-1
203.000000,52,-1,0.948958,-1,-1
204.000000,42,-1,0.473958,-1,-1
204.500000,71,-1,0.236458,-1,-1
204.500000,49,-1,0.473958,-1,-1
204.750000,73,-1,0.236458,-1,-1
205.000000,66,-1,0.473958,-1,-1
205.000000,54,-1,0.473958,-1,-1
205.500000,71,-1,0.236458,-1,-1
205.500000,57,-1,0.473958,-1,-1
205.750000,73,-1,0.236458,-1,-1
206.000000,66,-1,0.473958,-1,-1
206.000000,61,-1,0.948958,-1,-1
206.500000,76,-1,0.473958,-1,-1
207.000000,73,-1,0.948958,-1,-1
207.000000,54,-1,0.948958,-1,-1
208.000000,81,-1,0.948958,-1,-1
208.000000,38,-1,0.473958,-1,-1
208.500000,45,-1,0.473958,-1,-1
209.000000,80,-1,0.948958,-1,-1
209.000000,50,-1,0.473958,-1,-1
209.500000,45,-1,0.473958,-1,-1
210.000000,76,-1,0.948958,-1,-1
210.000000,54,-1,0.473958,-1,-1
210.500000,45,-1,0.473958,-1,-1
211.000000,73,-1,0.948958,-1,-1
211.000000,50,-1,0.473958,-1,-1
211.500000,45,-1,0.473958,-1,-1
212.000000,71,-1,0.473958,-1,-1
212.000000,40,-1,0.473958,-1,-1
212.500000,73,-1,0.473958,-1,-1
212.500000,47,-1,0.473958,-1,-1
213.000000,76,-1,0.473958,-1,-1
213.000000,52,-1,0.473958,-1,-1
213.500000,73,-1,2.373958,-1,-1
213.500000,47,-1,0.473958,-1,-1
214.000000,56,-1,0.473958,-1,-1
214.500000,47,-1,0.473958,-1,-1
215.000000,52,-1,0.473958,-1,-1
215.500000,47,-1,0.473958,-1,-1
216.000000,37,-1,0.473958,-1,-1
216.500000,71,-1,0.236458,-1,-1
216.500000,44,-1,0.473958,-1,-1
216.750000,73,-1,0.236458,-1,-1
217.000000,66,-1,0.473958,-1,-1
217.000000,49,-1,0.473958,-1,-1
217.500000,71,-1,0.236458,-1,-1
217.500000,52,-1,0.473958,-1,-1
217.750000,73,-1,0.236458,-1,-1
218.000000,66,-1,0.473958,-1,-1
218.000000,56,-1,0.948958,-1,-1
218.500000,73,-1,0.473958,-1,-1
219.000000,73,-1,0.948958,-1,-1
219.000000,52,-1,0.948958,-1,-1
220.000000,42,-1,0.473958,-1,-1
220.500000,71,-1,0.236458,-1,-1
220.500000,49,-1,0.473958,-1,-1
220.750000,73,-1,0.236458,-1,-1
221.000000,66,-1,0.473958,-1,-1
221.000000,54,-1,0.473958,-1,-1
221.500000,71,-1,0.236458,-1,-1
221.500000,49,-1,0.473958,-1,-1
221.750000,73,-1,0.236458,-1,-1
222.000000,66,-1,0.473958,-1,-1
222.000000,57,-1,0.473958,-1,-1
222.500000,76,-1,0.473958,-1,-1
222.500000,49,-1,0.473958,-1,-1
223.000000,73,-1,0.948958,-1,-1
223.000000,54,-1,0.473958,-1,-1
223.500000,49,-1,0.473958,-1,-1
224.000000,69,-1,0.948958,-1,-1
224.000000,38,-1,0.473958,-1,-1
224.500000,45,-1,0.473958,-1,-1
225.000000,68,-1,0.948958,-1,-1
225.000000,50,-1,2.848958,-1,-1
226.000000,64,-1,0.948958,-1,-1
227.000000,61,-1,0.948958,-1,-1
228.000000,59,-1,0.473958,-1,-1
228.000000,40,-1,0.473958,-1,-1
228.500000,57,-1,0.236458,-1,-1
228.500000,47,-1,0.473958,-1,-1
228.750000,59,-1,0.711458,-1,-1
229.000000,52,-1,2.848958,-1,-1
229.500000,64,-1,0.473958,-1,-1
230.000000,61,-1,1.898958,-1,-1
232.000000,68,-1,0.948958,-1,-1
232.000000,37,-1,0.473958,-1,-1
232.500000,44,-1,0.473958,-1,-1
233.000000,64,-1,0.948958,-1,-1
233.000000,49,-1,2.848958,-1,-1
234.000000,66,-1,0.948958,-1,-1
235.000000,76,-1,0.948958,-1,-1
236.000000,71,-1,0.248958,-1,-1
236.000000,42,-1,0.473958,-1,-1
236.500000,73,-1,0.236458,-1,-1
236.500000,49,-1,0.473958,-1,-1
236.750000,73,-1,0.711458,-1,-1
237.000000,54,-1,2.848958,-1,-1
237.500000,66,-1,0.473958,-1,-1
238.000000,71,-1,0.236458,-1,-1
238.250000,73,-1,0.236458,-1,-1
238.500000,73,-1,1.423958,-1,-1
240.000000,61,-1,0.948958,-1,-1
240.000000,38,-1,0.473958,-1,-1
240.500000,45,-1,0.473958,-1,-1
241.000000,64,-1,0.948958,-1,-1
241.000000,50,-1,0.473958,-1,-1
241.500000,45,-1,0.473958,-1,-1
242.000000,73,-1,0.948958,-1,-1
242.000000,54,-1,1.898958,-1,-1
243.000000,71,-1,0.948958,-1,-1
244.000000,68,-1,1.423958,-1,-1
244.000000,40,-1,0.473958,-1,-1
244.500000,47,-1,0.473958,-1,-1
245.000000,52,-1,0.473958,-1,-1
245.500000,68,-1,0.236458,-1,-1
245.500000,47,-1,0.473958,-1,-1
245.750000,69,-1,0.236458,-1,-1
246.000000,71,-1,0.473958,-1,-1
246.000000,56,-1,1.898958,-1,-1
246.500000,68,-1,0.473958,-1,-1
247.000000,64,-1,0.473958,-1,-1
247.500000,59,-1,0.473958,-1,-1
248.000000,56,-1,0.948958,-1,-1
248.000000,37,-1,0.473958,-1,-1
248.500000,44,-1,0.473958,-1,-1
249.000000,64,-1,0.948958,-1,-1
249.000000,49,-1,0.948958,-1,-1
250.000000,61,-1,0.948958,-1,-1
250.000000,52,-1,1.898958,-1,-1
251.000000,59,-1,0.236458,-1,-1
251.250000,61,-1,0.236458,-1,-1
251.500000,59,-1,0.236458,-1,-1
251.750000,57,-1,0.236458,-1,-1
252.000000,61,-1,0.473958,-1,-1
252.000000,42,-1,0.473958,-1,-1
252.500000,66,-1,0.236458,-1,-1
252.500000,49,-1,0.473958,-1,-1
252.750000,68,-1,0.236458,-1,-1
253.000000,69,-1,0.236458,-1,-1
253.000000,54,-1,0.473958,-1,-1
253.250000,71,-1,0.236458,-1,-1
253.500000,73,-1,0.236458,-1,-1
253.500000,49,-1,0.473958,-1,-1
253.750000,76,-1,0.236458,-1,-1
254.000000,78,-1,1.898958,-1,-1
254.000000,57,-1,0.948958,-1,-1
255.000000,49,-1,0.948958,-1,-1
256.000000,81,-1,0.948958,-1,-1
256.000000,50,-1,3.798958,-1,-1
256.000000,57,-1,3.798958,-1,-1
257.000000,80,-1,0.948958,-1,-1
258.000000,76,-1,0.948958,-1,-1
259.000000,73,-1,0.948958,-1,-1
260.000000,71,-1,0.473958,-1,-1
260.000000,52,-1,3.798958,-1,-1
260.000000,59,-1,3.798958,-1,-1
260.500000,73,-1,0.473958,-1,-1
261.000000,76,-1,0.948958,-1,-1
261.500000,73,-1,2.373958,-1,-1
264.000000,49,-1,3.798958,-1,-1
264.000000,56,-1,3.798958,-1,-1
264.500000,71,-1,0.236458,-1,-1
264.750000,73,-1,0.236458,-1,-1
265.000000,66,-1,0.473958,-1,-1
265.500000,71,-1,0.236458,-1,-1
265.750000,73,-1,0.236458,-1,-1
266.000000,66,-1,0.473958,-1,-1
266.500000,73,-1,0.473958,-1,-1
267.000000,73,-1,0.948958,-1,-1
268.000000,54,-1,3.798958,-1,-1
268.000000,61,-1,3.798958,-1,-1
268.500000,71,-1,0.236458,-1,-1
268.750000,73,-1,0.236458,-1,-1
269.000000,66,-1,0.473958,-1,-1
269.500000,71,-1,0.236458,-1,-1
269.750000,73,-1,0.236458,-1,-1
270.000000,66,-1,0.473958,-1,-1
270.500000,76,-1,0.473958,-1,-1
271.000000,73,-1,0.948958,-1,-1
272.000000,81,-1,0.948958,-1,-1
272.000000,50,-1,0.473958,-1,-1
272.500000,57,-1,0.473958,-1,-1
273.000000,80,-1,0.948958,-1,-1
273.000000,62,-1,2.848958,-1,-1
274.000000,76,-1,0.948958,-1,-1
275.000000,73,-1,0.948958,-1,-1
276.000000,71,-1,0.473958,-1,-1
276.000000,52,-1,0.473958,-1,-1
276.500000,73,-1,0.473958,-1,-1
276.500000,59,-1,0.473958,-1,-1
277.000000,76,-1,0.473958,-1,-1
277.000000,64,-1,1.898958,-1,-1
277.500000,73,-1,2.373958,-1,-1
279.000000,59,-1,0.948958,-1,-1
280.000000,49,-1,0.473958,-1,-1
280.500000,71,-1,0.236458,-1,-1
280.500000,56,-1,0.473958,-1,-1
280.750000,73,-1,0.236458,-1,-1
281.000000,66,-1,0.473958,-1,-1
281.000000,61,-1,1.898958,-1,-1
281.500000,71,-1,0.236458,-1,-1
281.750000,73,-1,0.236458,-1,-1
282.000000,66,-1,0.473958,-1,-1
282.500000,73,-1,0.473958,-1,-1
283.000000,73,-1,0.948958,-1,-1
283.000000,56,-1,0.948958,-1,-1
284.000000,42,-1,0.473958,-1,-1
284.500000,71,-1,0.236458,-1,-1
284.500000,49,-1,0.473958,-1,-1
284.750000,73,-1,0.236458,-1,-1
285.000000,66,-1,0.473958,-1,-1
285.000000,54,-1,0.473958,-1,-1
285.500000,71,-1,0.236458,-1,-1
285.500000,49,-1,0.473958,-1,-1
285.750000,73,-1,0.236458,-1,-1
286.000000,66,-1,0.473958,-1,-1
286.000000,57,-1,0.948958,-1,-1
286.500000,76,-1,0.473958,-1,-1
287.000000,73,-1,0.948958,-1,-1
287.000000,49,-1,0.948958,-1,-1
288.000000,81,-1,0.948958,-1,-1
288.000000,38,-1,0.473958,-1,-1
288.500000,45,-1,0.473958,-1,-1
289.000000,80,-1,0.948958,-1,-1
289.000000,50,-1,0.473958,-1,-1
289.500000,45,-1,0.473958,-1,-1
290.000000,76,-1,0.948958,-1,-1
290.000000,54,-1,0.473958,-1,-1
290.500000,45,-1,0.473958,-1,-1
291.000000,73,-1,0.948958,-1,-1
291.000000,50,-1,0.473958,-1,-1
291.500000,45,-1,0.473958,-1,-1
292.000000,71,-1,0.473958,-1,-1
292.000000,40,-1,0.473958,-1,-1
292.500000,73,-1,0.473958,-1,-1
292.500000,47,-1,0.473958,-1,-1
293.000000,76,-1,0.948958,-1,-1
293.000000,52,-1,0.473958,-1,-1
293.500000,73,-1,2.373958,-1,-1
293.500000,47,-1,0.473958,-1,-1
294.000000,56,-1,0.473958,-1,-1
294.500000,47,-1,0.473958,-1,-1
295.000000,52,-1,0.473958,-1,-1
295.500000,47,-1,0.473958,-1,-1
296.000000,37,-1,0.473958,-1,-1
296.500000,71,-1,0.236458,-1,-1
296.500000,44,-1,0.473958,-1,-1
296.750000,73,-1,0.236458,-1,-1
297.000000,66,-1,0.473958,-1,-1
297.000000,49,-1,0.473958,-1,-1
297.500000,71,-1,0.236458,-1,-1
297.500000,52,-1,0.473958,-1,-1
297.750000,73,-1,0.236458,-1,-1
298.000000,66,-1,0.473958,-1,-1
298.000000,56,-1,0.473958,-1,-1
298.500000,73,-1,0.473958,-1,-1
298.500000,52,-1,0.473958,-1,-1
299.000000,73,-1,0.948958,-1,-1
299.000000,61,-1,0.473958,-1,-1
299.500000,56,-1,0.473958,-1,-1
300.000000,42,-1,0.473958,-1,-1
300.500000,81,-1,0.473958,-1,-1
300.500000,49,-1,0.473958,-1,-1
301.000000,81,-1,0.473958,-1,-1
301.000000,54,-1,0.473958,-1,-1
301.500000,80,-1,0.236458,-1,-1
301.500000,57,-1,0.473958,-1,-1
301.750000,80,-1,0.236458,-1,-1
302.000000,80,-1,0.473958,-1,-1
302.000000,57,-1,0.473958,-1,-1
302.500000,76,-1,0.473958,-1,-1
302.500000,54,-1,0.473958,-1,-1
303.000000,78,-1,0.948958,-1,-1
303.000000,61,-1,0.473958,-1,-1
303.500000,57,-1,0.473958,-1,-1
304.000000,81,-1,0.948958,-1,-1
304.000000,38,-1,0.473958,-1,-1
304.500000,45,-1,0.473958,-1,-1
305.000000,80,-1,0.948958,-1,-1
305.000000,50,-1,0.473958,-1,-1
305.500000,45,-1,0.473958,-1,-1
306.000000,83,-1,0.948958,-1,-1
306.000000,54,-1,0.473958,-1,-1
306.500000,45,-1,0.473958,-1,-1
307.000000,80,-1,0.948958,-1,-1
307.000000,50,-1,0.473958,-1,-1
307.500000,45,-1,0.473958,-1,-1
308.000000,78,-1,0.473958,-1,-1
308.000000,40,-1,0.473958,-1,-1
308.500000,78,-1,0.473958,-1,-1
308.500000,47,-1,0.473958,-1,-1
309.000000,78,-1,0.948958,-1,-1
309.000000,52,-1,0.473958,-1,-1
309.500000,76,-1,2.373958,-1,-1
309.500000,47,-1,0.473958,-1,-1
310.000000,56,-1,0.473958,-1,-1
310.500000,47,-1,0.473958,-1,-1
311.000000,52,-1,0.473958,-1,-1
311.500000,47,-1,0.473958,-1,-1
312.000000,37,-1,0.473958,-1,-1
312.500000,78,-1,0.236458,-1,-1
312.500000,44,-1,0.473958,-1,-1
312.750000,76,-1,0.236458,-1,-1
313.000000,78,-1,0.473958,-1,-1
313.000000,49,-1,0.473958,-1,-1
313.500000,78,-1,0.236458,-1,-1
313.500000,52,-1,0.473958,-1,-1
313.750000,76,-1,0.236458,-1,-1
314.000000,78,-1,0.473958,-1,-1
314.000000,56,-1,0.473958,-1,-1
314.500000,81,-1,0.473958,-1,-1
314.500000,52,-1,0.473958,-1,-1
315.000000,81,-1,0.948958,-1,-1
315.000000,61,-1,0.473958,-1,-1
315.500000,56,-1,0.473958,-1,-1
316.000000,42,-1,0.473958,-1,-1
316.500000,80,-1,0.236458,-1,-1
316.500000,49,-1,0.473958,-1,-1
316.750000,80,-1,0.236458,-1,-1
317.000000,80,-1,0.473958,-1,-1
317.000000,54,-1,0.473958,-1,-1
317.500000,80,-1,0.236458,-1,-1
317.500000,57,-1,0.473958,-1,-1
317.750000,80,-1,0.236458,-1,-1
318.000000,80,-1,0.473958,-1,-1
318.000000,61,-1,0.473958,-1,-1
318.500000,81,-1,0.473958,-1,-1
318.500000,57,-1,0.473958,-1,-1
319.000000,81,-1,0.948958,-1,-1
319.000000,66,-1,0.473958,-1,-1
319.500000,57,-1,0.473958,-1,-1
320.000000,81,-1,0.948958,-1,-1
320.000000,50,-1,0.473958,-1,-1
320.500000,57,-1,0.473958,-1,-1
321.000000,80,-1,0.948958,-1,-1
321.000000,62,-1,0.473958,-1,-1
321.500000,57,-1,0.473958,-1,-1
322.000000,76,-1,0.948958,-1,-1
322.000000,64,-1,0.948958,-1,-1
323.000000,73,-1,0.948958,-1,-1
323.000000,57,-1,0.948958,-1,-1
324.000000,71,-1,0.473958,-1,-1
324.000000,40,-1,0.473958,-1,-1
324.500000,73,-1,0.473958,-1,-1
324.500000,47,-1,0.473958,-1,-1
325.000000,76,-1,0.473958,-1,-1
325.000000,52,-1,0.473958,-1,-1
325.500000,73,-1,1.423958,-1,-1
325.500000,47,-1,0.473958,-1,-1
326.000000,56,-1,0.948958,-1,-1
327.000000,69,-1,0.473958,-1,-1
327.000000,47,-1,0.948958,-1,-1
327.500000,68,-1,0.473958,-1,-1
328.000000,71,-1,0.948958,-1,-1
328.000000,49,-1,0.473958,-1,-1
328.500000,56,-1,0.473958,-1,-1
329.000000,73,-1,0.948958,-1,-1
329.000000,61,-1,0.948958,-1,-1
330.000000,71,-1,0.948958,-1,-1
330.000000,56,-1,0.948958,-1,-1
331.000000,69,-1,0.948958,-1,-1
331.000000,49,-1,0.948958,-1,-1
332.000000,69,-1,0.948958,-1,-1
332.000000,42,-1,0.473958,-1,-1
332.500000,49,-1,0.473958,-1,-1
333.000000,68,-1,0.948958,-1,-1
333.000000,54,-1,0.473958,-1,-1
333.500000,49,-1,0.473958,-1,-1
334.000000,76,-1,1.898958,-1,-1
334.000000,57,-1,0.473958,-1,-1
334.500000,49,-1,0.473958,-1,-1
335.000000,54,-1,0.473958,-1,-1
335.500000,49,-1,0.473958,-1,-1
336.000000,81,-1,0.948958,-1,-1
336.000000,50,-1,0.473958,-1,-1
336.500000,57,-1,0.473958,-1,-1
337.000000,80,-1,0.948958,-1,-1
337.000000,62,-1,2.848958,-1,-1
338.000000,76,-1,0.948958,-1,-1
339.000000,73,-1,0.948958,-1,-1
340.000000,71,-1,0.948958,-1,-1
340.000000,52,-1,0.473958,-1,-1
340.500000,59,-1,0.473958,-1,-1
340.750000,69,-1,0.711458,-1,-1
341.000000,73,-1,2.848958,-1,-1
341.000000,64,-1,1.423958,-1,-1
342.500000,59,-1,0.473958,-1,-1
343.000000,52,-1,0.948958,-1,-1
344.000000,71,-1,0.948958,-1,-1
344.000000,49,-1,0.473958,-1,-1
344.500000,56,-1,0.473958,-1,-1
345.000000,69,-1,0.948958,-1,-1
345.000000,61,-1,2.848958,-1,-1
346.000000,71,-1,0.948958,-1,-1
347.000000,73,-1,0.948958,-1,-1
348.000000,76,-1,1.898958,-1,-1
348.000000,42,-1,0.473958,-1,-1
348.500000,49,-1,0.473958,-1,-1
349.000000,54,-1,0.948958,-1,-1
350.000000,73,-1,0.948958,-1,-1
350.000000,57,-1,0.948958,-1,-1
351.000000,81,-1,0.948958,-1,-1
351.000000,54,-1,0.948958,-1,-1
352.000000,81,-1,0.948958,-1,-1
352.000000,50,-1,3.798958,-1,-1
352.000000,57,-1,3.798958,-1,-1
353.000000,80,-1,0.948958,-1,-1
354.000000,76,-1,0.948958,-1,-1
355.000000,73,-1,0.948958,-1,-1
356.000000,71,-1,0.948958,-1,-1
356.000000,52,-1,3.798958,-1,-1
356.000000,59,-1,3.798958,-1,-1
357.000000,73,-1,0.948958,-1,-1
358.000000,76,-1,0.948958,-1,-1
359.000000,73,-1,0.948958,-1,-1
360.000000,81,-1,0.948958,-1,-1
360.000000,49,-1,3.798958,-1,-1
360.000000,56,-1,3.798958,-1,-1
361.000000,80,-1,0.948958,-1,-1
362.000000,76,-1,0.948958,-1,-1
363.000000,71,-1,0.948958,-1,-1
364.000000,73,-1,7.598958,-1,-1
364.000000,54,-1,7.598958,-1,-1
364.000000,61,-1,7.598958,-1,-1
