0.000000,40,-1,0.500000,-1,-1
0.500000,47,-1,0.500000,-1,-1
1.000000,52,-1,0.500000,-1,-1
1.500001,47,-1,0.500000,-1,-1
2.000001,40,-1,0.500000,-1,-1
2.500001,47,-1,0.500000,-1,-1
3.000001,52,-1,0.500000,-1,-1
3.500001,47,-1,0.500000,-1,-1
4.000002,56,-1,0.500000,-1,-1
4.000002,40,-1,0.500000,-1,-1
4.500002,63,-1,0.500000,-1,-1
4.500002,47,-1,0.500000,-1,-1
5.000002,56,-1,0.500000,-1,-1
5.000002,52,-1,0.500000,-1,-1
5.500002,63,-1,0.500000,-1,-1
5.500002,47,-1,0.500000,-1,-1
6.000002,56,-1,0.500000,-1,-1
6.000002,40,-1,0.500000,-1,-1
6.500003,63,-1,0.500000,-1,-1
6.500003,47,-1,0.500000,-1,-1
7.000003,56,-1,0.500000,-1,-1
7.000003,52,-1,0.500000,-1,-1
7.500003,64,-1,0.500000,-1,-1
7.500003,47,-1,0.500000,-1,-1
8.000003,52,-1,0.500000,-1,-1
8.000003,56,-1,0.500000,-1,-1
8.000003,52,-1,0.500000,-1,-1
8.000003,59,-1,0.500000,-1,-1
8.500003,52,-1,0.500000,-1,-1
8.500003,56,-1,0.500000,-1,-1
8.500003,52,-1,1.000000,-1,-1
8.500003,59,-1,1.000000,-1,-1
9.000004,52,-1,0.500000,-1,-1
9.000004,56,-1,0.500000,-1,-1
9.500004,52,-1,0.500000,-1,-1
9.500004,56,-1,0.500000,-1,-1
9.500004,52,-1,1.000000,-1,-1
9.500004,59,-1,1.000000,-1,-1
10.000004,52,-1,0.500000,-1,-1
10.000004,56,-1,0.500000,-1,-1
10.500004,54,-1,0.500000,-1,-1
10.500004,52,-1,1.000000,-1,-1
10.500004,59,-1,1.000000,-1,-1
11.000004,57,-1,0.500000,-1,-1
11.500005,52,-1,3.333883,-1,-1
11.500005,56,-1,3.333883,-1,-1
11.500005,52,-1,0.500000,-1,-1
11.500005,59,-1,0.500000,-1,-1
12.000005,52,-1,0.500000,-1,-1
12.000005,59,-1,0.500000,-1,-1
12.500005,52,-1,1.000000,-1,-1
12.500005,59,-1,1.000000,-1,-1
13.500005,52,-1,1.000000,-1,-1
13.500005,59,-1,1.000000,-1,-1
14.500006,52,-1,1.000000,-1,-1
14.500006,59,-1,1.000000,-1,-1
15.000006,54,-1,0.500000,-1,-1
15.500006,52,-1,0.500000,-1,-1
15.500006,52,-1,0.500000,-1,-1
15.500006,59,-1,0.500000,-1,-1
16.000006,51,-1,0.500000,-1,-1
16.000006,49,-1,1.500001,-1,-1
16.000006,56,-1,1.500001,-1,-1
16.500007,51,-1,0.500000,-1,-1
17.000007,51,-1,0.500000,-1,-1
17.500007,51,-1,0.500000,-1,-1
17.500007,49,-1,1.500001,-1,-1
17.500007,56,-1,1.500001,-1,-1
18.000007,51,-1,0.500000,-1,-1
18.500007,49,-1,0.500000,-1,-1
19.000008,54,-1,0.500000,-1,-1
19.000008,56,-1,0.500000,-1,-1
19.500008,51,-1,2.333883,-1,-1
19.500008,49,-1,0.500000,-1,-1
19.500008,56,-1,0.500000,-1,-1
20.000008,49,-1,0.500000,-1,-1
20.000008,56,-1,1.500001,-1,-1
20.500008,49,-1,1.000000,-1,-1
20.500008,59,-1,1.000000,-1,-1
21.500009,49,-1,2.332238,-1,-1
21.500009,56,-1,2.332238,-1,-1
22.500009,59,-1,0.500000,-1,-1
23.000009,59,-1,0.500000,-1,-1
23.000009,64,-1,0.500000,-1,-1
23.500009,66,-1,0.500000,-1,-1
24.000010,59,-1,0.500000,-1,-1
24.000010,68,-1,0.500000,-1,-1
24.000010,40,-1,1.500001,-1,-1
24.000010,47,-1,1.500001,-1,-1
24.000010,52,-1,1.500001,-1,-1
24.500010,59,-1,0.500000,-1,-1
24.500010,63,-1,0.500000,-1,-1
24.500010,68,-1,0.500000,-1,-1
25.000010,59,-1,0.500000,-1,-1
25.000010,68,-1,0.500000,-1,-1
25.500010,59,-1,0.500000,-1,-1
25.500010,68,-1,0.500000,-1,-1
25.500010,52,-1,2.000001,-1,-1
25.500010,59,-1,2.000001,-1,-1
26.000010,59,-1,0.500000,-1,-1
26.000010,68,-1,0.500000,-1,-1
26.500011,59,-1,0.500000,-1,-1
26.500011,66,-1,0.500000,-1,-1
27.000011,59,-1,0.500000,-1,-1
27.000011,69,-1,0.500000,-1,-1
27.500011,59,-1,3.333883,-1,-1
27.500011,68,-1,3.333883,-1,-1
27.500011,52,-1,0.500000,-1,-1
27.500011,59,-1,0.500000,-1,-1
28.000011,40,-1,0.500000,-1,-1
28.000011,47,-1,0.500000,-1,-1
28.000011,52,-1,0.500000,-1,-1
28.500011,52,-1,1.000000,-1,-1
28.500011,59,-1,1.000000,-1,-1
29.500012,52,-1,1.000000,-1,-1
29.500012,59,-1,1.000000,-1,-1
30.500012,52,-1,1.000000,-1,-1
30.500012,59,-1,1.000000,-1,-1
31.000012,59,-1,0.500000,-1,-1
31.000012,66,-1,0.500000,-1,-1
31.500013,56,-1,0.500000,-1,-1
31.500013,64,-1,0.500000,-1,-1
31.500013,40,-1,0.500000,-1,-1
31.500013,47,-1,0.500000,-1,-1
31.500013,52,-1,0.500000,-1,-1
32.000013,56,-1,0.500000,-1,-1
32.000013,63,-1,0.500000,-1,-1
32.000013,37,-1,1.500001,-1,-1
32.000013,44,-1,1.500001,-1,-1
32.000013,49,-1,1.500001,-1,-1
32.500013,56,-1,0.500000,-1,-1
32.500013,63,-1,0.500000,-1,-1
33.000013,56,-1,0.500000,-1,-1
33.000013,63,-1,0.500000,-1,-1
33.500013,56,-1,0.500000,-1,-1
33.500013,63,-1,0.500000,-1,-1
33.500013,49,-1,2.333883,-1,-1
33.500013,56,-1,2.333883,-1,-1
34.000014,56,-1,0.500000,-1,-1
34.000014,63,-1,0.500000,-1,-1
34.500014,56,-1,0.500000,-1,-1
34.500014,61,-1,0.500000,-1,-1
35.000014,56,-1,0.500000,-1,-1
35.000014,66,-1,0.500000,-1,-1
35.500014,56,-1,4.250002,-1,-1
35.500014,63,-1,4.250002,-1,-1
36.000014,37,-1,0.500000,-1,-1
36.500015,44,-1,0.500000,-1,-1
37.000015,37,-1,0.500000,-1,-1
37.500015,32,-1,0.500000,-1,-1
38.000015,37,-1,2.000001,-1,-1
40.000016,56,-1,0.500000,-1,-1
40.000016,64,-1,0.500000,-1,-1
40.000016,40,-1,0.500000,-1,-1
40.500016,59,-1,0.500000,-1,-1
40.500016,47,-1,1.000000,-1,-1
41.000016,56,-1,0.500000,-1,-1
41.000016,64,-1,0.500000,-1,-1
41.500017,57,-1,0.500000,-1,-1
41.500017,66,-1,0.500000,-1,-1
41.500017,47,-1,0.500000,-1,-1
42.000017,59,-1,0.500000,-1,-1
42.000017,68,-1,0.500000,-1,-1
42.000017,40,-1,0.500000,-1,-1
42.500017,61,-1,1.000000,-1,-1
42.500017,69,-1,1.000000,-1,-1
42.500017,47,-1,1.000000,-1,-1
43.500017,59,-1,2.332238,-1,-1
43.500017,63,-1,2.332238,-1,-1
43.500017,68,-1,2.332238,-1,-1
43.500017,47,-1,0.500000,-1,-1
44.000018,40,-1,0.500000,-1,-1
44.500018,47,-1,1.000000,-1,-1
45.500018,47,-1,0.500000,-1,-1
46.000018,59,-1,0.500000,-1,-1
46.000018,68,-1,0.500000,-1,-1
46.000018,40,-1,1.000000,-1,-1
46.500019,57,-1,0.500000,-1,-1
46.500019,66,-1,0.500000,-1,-1
47.000019,56,-1,0.500000,-1,-1
47.000019,64,-1,0.500000,-1,-1
47.000019,47,-1,1.000000,-1,-1
47.500019,57,-1,0.500000,-1,-1
47.500019,66,-1,0.500000,-1,-1
48.000019,59,-1,0.500000,-1,-1
48.000019,63,-1,0.500000,-1,-1
48.000019,68,-1,0.500000,-1,-1
48.000019,37,-1,0.500000,-1,-1
48.500019,61,-1,0.500000,-1,-1
48.500019,69,-1,0.500000,-1,-1
48.500019,44,-1,1.000000,-1,-1
49.000020,59,-1,0.500000,-1,-1
49.000020,68,-1,0.500000,-1,-1
49.500020,61,-1,0.500000,-1,-1
49.500020,69,-1,0.500000,-1,-1
49.500020,44,-1,0.500000,-1,-1
50.000020,59,-1,0.500000,-1,-1
50.000020,68,-1,0.500000,-1,-1
50.000020,37,-1,0.500000,-1,-1
50.500020,59,-1,0.500000,-1,-1
50.500020,63,-1,0.500000,-1,-1
50.500020,44,-1,1.000000,-1,-1
51.000020,56,-1,0.500000,-1,-1
51.000020,61,-1,0.500000,-1,-1
51.500021,56,-1,2.332238,-1,-1
51.500021,59,-1,2.332238,-1,-1
51.500021,44,-1,0.500000,-1,-1
52.000021,37,-1,0.500000,-1,-1
52.500021,44,-1,1.000000,-1,-1
53.500021,44,-1,2.332238,-1,-1
54.000022,63,-1,0.500000,-1,-1
54.000022,64,-1,0.500000,-1,-1
54.000022,71,-1,0.500000,-1,-1
54.500022,59,-1,1.500001,-1,-1
54.500022,63,-1,1.500001,-1,-1
56.000022,56,-1,0.500000,-1,-1
56.000022,64,-1,0.500000,-1,-1
56.000022,40,-1,0.500000,-1,-1
56.500023,59,-1,0.500000,-1,-1
56.500023,47,-1,1.000000,-1,-1
57.000023,56,-1,0.500000,-1,-1
57.000023,64,-1,0.500000,-1,-1
57.500023,57,-1,0.500000,-1,-1
57.500023,66,-1,0.500000,-1,-1
57.500023,47,-1,0.500000,-1,-1
58.000023,59,-1,0.500000,-1,-1
58.000023,68,-1,0.500000,-1,-1
58.000023,40,-1,0.500000,-1,-1
58.500023,61,-1,1.000000,-1,-1
58.500023,69,-1,1.000000,-1,-1
58.500023,47,-1,1.000000,-1,-1
59.500024,59,-1,2.332238,-1,-1
59.500024,63,-1,2.332238,-1,-1
59.500024,68,-1,2.332238,-1,-1
59.500024,47,-1,0.500000,-1,-1
60.000024,40,-1,0.500000,-1,-1
60.500024,47,-1,1.000000,-1,-1
61.500025,47,-1,0.500000,-1,-1
62.000025,59,-1,0.500000,-1,-1
62.000025,68,-1,0.500000,-1,-1
62.000025,40,-1,0.500000,-1,-1
62.500025,57,-1,0.500000,-1,-1
62.500025,66,-1,0.500000,-1,-1
62.500025,47,-1,0.500000,-1,-1
63.000025,56,-1,0.500000,-1,-1
63.000025,64,-1,0.500000,-1,-1
63.000025,47,-1,1.000000,-1,-1
63.500025,57,-1,0.500000,-1,-1
63.500025,66,-1,0.500000,-1,-1
64.000026,59,-1,0.500000,-1,-1
64.000026,63,-1,0.500000,-1,-1
64.000026,68,-1,0.500000,-1,-1
64.000026,37,-1,0.500000,-1,-1
64.500026,61,-1,0.500000,-1,-1
64.500026,69,-1,0.500000,-1,-1
64.500026,44,-1,1.000000,-1,-1
65.000026,59,-1,0.500000,-1,-1
65.000026,68,-1,0.500000,-1,-1
65.500026,61,-1,0.500000,-1,-1
65.500026,69,-1,0.500000,-1,-1
65.500026,44,-1,0.500000,-1,-1
66.000026,59,-1,0.500000,-1,-1
66.000026,68,-1,0.500000,-1,-1
66.000026,37,-1,0.500000,-1,-1
66.500027,59,-1,0.500000,-1,-1
66.500027,63,-1,0.500000,-1,-1
66.500027,44,-1,1.000000,-1,-1
67.000027,56,-1,0.500000,-1,-1
67.000027,61,-1,0.500000,-1,-1
67.500027,56,-1,2.332238,-1,-1
67.500027,59,-1,2.332238,-1,-1
67.500027,44,-1,0.500000,-1,-1
68.000027,37,-1,0.500000,-1,-1
68.500027,44,-1,0.500000,-1,-1
69.000028,52,-1,0.500000,-1,-1
69.500028,44,-1,0.500000,-1,-1
70.000028,56,-1,0.500000,-1,-1
70.000028,61,-1,0.500000,-1,-1
70.000028,37,-1,0.500000,-1,-1
70.500028,56,-1,0.500000,-1,-1
70.500028,61,-1,0.500000,-1,-1
70.500028,66,-1,0.500000,-1,-1
70.500028,44,-1,1.500001,-1,-1
71.000028,56,-1,0.500000,-1,-1
71.000028,63,-1,0.500000,-1,-1
71.500029,59,-1,1.500001,-1,-1
71.500029,63,-1,1.500001,-1,-1
72.000029,35,-1,1.000000,-1,-1
72.000029,47,-1,1.000000,-1,-1
73.000029,54,-1,0.500000,-1,-1
73.000029,63,-1,0.500000,-1,-1
73.000029,54,-1,1.000000,-1,-1
73.000029,59,-1,1.000000,-1,-1
73.000029,63,-1,1.000000,-1,-1
73.500029,54,-1,0.500000,-1,-1
73.500029,63,-1,0.500000,-1,-1
74.000030,54,-1,0.500000,-1,-1
74.000030,61,-1,0.500000,-1,-1
74.000030,54,-1,1.000000,-1,-1
74.000030,59,-1,1.000000,-1,-1
74.000030,63,-1,1.000000,-1,-1
74.500030,63,-1,0.500000,-1,-1
75.000030,56,-1,0.500000,-1,-1
75.000030,64,-1,0.500000,-1,-1
75.000030,54,-1,1.000000,-1,-1
75.000030,59,-1,1.000000,-1,-1
75.000030,63,-1,1.000000,-1,-1
75.500030,57,-1,2.000001,-1,-1
75.500030,64,-1,2.000001,-1,-1
76.000030,33,-1,1.000000,-1,-1
76.000030,45,-1,1.000000,-1,-1
77.000031,52,-1,1.000000,-1,-1
77.000031,57,-1,1.000000,-1,-1
77.000031,61,-1,1.000000,-1,-1
77.000031,64,-1,1.000000,-1,-1
77.500031,59,-1,0.500000,-1,-1
78.000031,59,-1,0.500000,-1,-1
78.000031,64,-1,0.500000,-1,-1
78.000031,52,-1,1.000000,-1,-1
78.000031,57,-1,1.000000,-1,-1
78.000031,61,-1,1.000000,-1,-1
78.000031,64,-1,1.000000,-1,-1
78.500031,59,-1,1.000000,-1,-1
78.500031,66,-1,1.000000,-1,-1
79.000032,52,-1,1.000000,-1,-1
79.000032,57,-1,1.000000,-1,-1
79.000032,61,-1,1.000000,-1,-1
79.000032,64,-1,1.000000,-1,-1
79.500032,59,-1,1.500001,-1,-1
79.500032,68,-1,1.500001,-1,-1
80.000032,40,-1,1.000000,-1,-1
80.000032,52,-1,1.000000,-1,-1
81.000032,59,-1,0.500000,-1,-1
81.000032,69,-1,0.500000,-1,-1
81.000032,52,-1,1.000000,-1,-1
81.000032,56,-1,1.000000,-1,-1
81.000032,59,-1,1.000000,-1,-1
81.000032,64,-1,1.000000,-1,-1
81.500033,64,-1,0.500000,-1,-1
81.500033,68,-1,0.500000,-1,-1
82.000033,59,-1,0.500000,-1,-1
82.000033,64,-1,0.500000,-1,-1
82.000033,52,-1,1.000000,-1,-1
82.000033,56,-1,1.000000,-1,-1
82.000033,59,-1,1.000000,-1,-1
82.000033,64,-1,1.000000,-1,-1
82.500033,59,-1,0.500000,-1,-1
83.000033,66,-1,0.500000,-1,-1
83.000033,52,-1,1.000000,-1,-1
83.000033,56,-1,1.000000,-1,-1
83.000033,59,-1,1.000000,-1,-1
83.000033,64,-1,1.000000,-1,-1
83.500033,59,-1,1.000000,-1,-1
83.500033,66,-1,1.000000,-1,-1
84.000034,35,-1,1.500001,-1,-1
84.000034,47,-1,1.500001,-1,-1
85.000034,47,-1,0.500000,-1,-1
85.000034,49,-1,0.500000,-1,-1
85.500034,47,-1,1.000000,-1,-1
86.000034,47,-1,0.500000,-1,-1
86.000034,51,-1,0.500000,-1,-1
86.500035,47,-1,1.000000,-1,-1
87.000035,47,-1,0.500000,-1,-1
87.000035,49,-1,0.500000,-1,-1
87.500035,35,-1,0.500000,-1,-1
88.500035,51,-1,0.500000,-1,-1
88.500035,59,-1,0.500000,-1,-1
89.000036,61,-1,0.500000,-1,-1
89.000036,69,-1,0.500000,-1,-1
89.500036,68,-1,0.500000,-1,-1
90.000036,61,-1,0.500000,-1,-1
90.000036,69,-1,0.500000,-1,-1
90.500036,59,-1,1.000000,-1,-1
90.500036,68,-1,1.000000,-1,-1
91.500037,59,-1,0.250000,-1,-1
91.500037,66,-1,0.250000,-1,-1
91.750037,64,-1,0.250000,-1,-1
92.000037,56,-1,3.750001,-1,-1
92.000037,59,-1,3.750001,-1,-1
92.000037,40,-1,0.500000,-1,-1
92.500037,47,-1,0.500000,-1,-1
93.000037,56,-1,0.500000,-1,-1
93.500037,47,-1,0.500000,-1,-1
94.000038,56,-1,0.500000,-1,-1
94.500038,47,-1,0.500000,-1,-1
95.000038,56,-1,0.500000,-1,-1
95.500038,47,-1,0.500000,-1,-1
96.000038,40,-1,0.500000,-1,-1
96.500039,56,-1,0.500000,-1,-1
96.500039,59,-1,0.500000,-1,-1
96.500039,47,-1,0.500000,-1,-1
97.000039,61,-1,0.500000,-1,-1
97.000039,69,-1,0.500000,-1,-1
97.000039,56,-1,0.500000,-1,-1
97.500039,59,-1,0.500000,-1,-1
97.500039,68,-1,0.500000,-1,-1
97.500039,47,-1,0.500000,-1,-1
98.000039,61,-1,0.500000,-1,-1
98.000039,69,-1,0.500000,-1,-1
98.000039,56,-1,0.500000,-1,-1
98.500039,59,-1,0.500000,-1,-1
98.500039,68,-1,0.500000,-1,-1
98.500039,47,-1,0.500000,-1,-1
99.000040,57,-1,0.500000,-1,-1
99.000040,66,-1,0.500000,-1,-1
99.000040,56,-1,0.500000,-1,-1
99.500040,56,-1,0.500000,-1,-1
99.500040,64,-1,0.500000,-1,-1
99.500040,47,-1,0.500000,-1,-1
100.000040,52,-1,0.500000,-1,-1
100.000040,61,-1,0.500000,-1,-1
100.000040,37,-1,0.500000,-1,-1
100.500040,56,-1,2.332238,-1,-1
100.500040,64,-1,2.332238,-1,-1
100.500040,44,-1,0.500000,-1,-1
101.000040,52,-1,0.500000,-1,-1
101.500041,44,-1,0.500000,-1,-1
102.000041,52,-1,0.500000,-1,-1
102.500041,44,-1,0.500000,-1,-1
103.000041,57,-1,0.500000,-1,-1
103.000041,66,-1,0.500000,-1,-1
103.000041,52,-1,0.500000,-1,-1
103.500041,56,-1,0.500000,-1,-1
103.500041,64,-1,0.500000,-1,-1
103.500041,44,-1,0.500000,-1,-1
104.000042,37,-1,0.500000,-1,-1
104.500042,64,-1,0.500000,-1,-1
104.500042,71,-1,0.500000,-1,-1
104.500042,44,-1,0.500000,-1,-1
105.000042,64,-1,0.500000,-1,-1
105.000042,71,-1,0.500000,-1,-1
105.000042,52,-1,0.500000,-1,-1
105.500042,64,-1,0.500000,-1,-1
105.500042,71,-1,0.500000,-1,-1
105.500042,44,-1,0.500000,-1,-1
106.000042,64,-1,0.500000,-1,-1
106.000042,69,-1,0.500000,-1,-1
106.000042,52,-1,0.500000,-1,-1
106.500043,64,-1,0.500000,-1,-1
106.500043,68,-1,0.500000,-1,-1
106.500043,44,-1,0.500000,-1,-1
107.000043,59,-1,0.500000,-1,-1
107.000043,66,-1,0.500000,-1,-1
107.000043,52,-1,0.500000,-1,-1
107.500043,59,-1,0.500000,-1,-1
107.500043,64,-1,0.500000,-1,-1
107.500043,44,-1,0.500000,-1,-1
108.000043,64,-1,0.500000,-1,-1
108.000043,73,-1,0.500000,-1,-1
108.000043,45,-1,0.500000,-1,-1
108.500043,64,-1,0.500000,-1,-1
108.500043,71,-1,0.500000,-1,-1
108.500043,52,-1,0.500000,-1,-1
109.000044,64,-1,1.000000,-1,-1
109.000044,71,-1,1.000000,-1,-1
109.000044,61,-1,0.500000,-1,-1
109.500044,52,-1,0.500000,-1,-1
110.000044,64,-1,0.500000,-1,-1
110.000044,68,-1,0.500000,-1,-1
110.000044,61,-1,0.500000,-1,-1
110.500044,66,-1,0.500000,-1,-1
110.500044,52,-1,0.500000,-1,-1
111.000044,64,-1,0.500000,-1,-1
111.000044,61,-1,0.500000,-1,-1
111.500045,64,-1,1.000000,-1,-1
111.500045,68,-1,1.000000,-1,-1
111.500045,73,-1,1.000000,-1,-1
111.500045,52,-1,0.500000,-1,-1
112.000045,44,-1,0.500000,-1,-1
112.500045,64,-1,0.500000,-1,-1
112.500045,71,-1,0.500000,-1,-1
112.500045,52,-1,0.500000,-1,-1
113.000045,64,-1,1.000000,-1,-1
113.000045,71,-1,1.000000,-1,-1
113.000045,59,-1,0.500000,-1,-1
113.500045,52,-1,0.500000,-1,-1
114.000046,64,-1,0.500000,-1,-1
114.000046,68,-1,0.500000,-1,-1
114.000046,59,-1,0.500000,-1,-1
114.500046,66,-1,0.500000,-1,-1
114.500046,52,-1,0.500000,-1,-1
115.000046,56,-1,1.000000,-1,-1
115.000046,64,-1,1.000000,-1,-1
115.000046,59,-1,0.500000,-1,-1
115.500046,52,-1,0.500000,-1,-1
116.000046,42,-1,0.500000,-1,-1
116.500047,61,-1,0.500000,-1,-1
116.500047,49,-1,0.500000,-1,-1
117.000047,61,-1,0.500000,-1,-1
117.000047,68,-1,0.500000,-1,-1
117.000047,57,-1,0.500000,-1,-1
117.500047,69,-1,0.500000,-1,-1
117.500047,49,-1,0.500000,-1,-1
118.000047,66,-1,0.667763,-1,-1
118.000047,71,-1,0.667763,-1,-1
118.000047,57,-1,0.500000,-1,-1
118.500047,49,-1,0.500000,-1,-1
118.667811,64,-1,0.666119,-1,-1
118.667811,68,-1,0.666119,-1,-1
119.000048,57,-1,0.500000,-1,-1
119.333929,59,-1,0.666119,-1,-1
119.333929,69,-1,0.666119,-1,-1
119.500048,49,-1,0.500000,-1,-1
120.000048,35,-1,1.500001,-1,-1
120.000048,47,-1,1.500001,-1,-1
120.500048,47,-1,0.500000,-1,-1
120.500048,56,-1,0.500000,-1,-1
120.500048,59,-1,0.500000,-1,-1
121.000048,57,-1,0.500000,-1,-1
121.000048,61,-1,0.500000,-1,-1
121.000048,69,-1,0.500000,-1,-1
121.500049,56,-1,0.500000,-1,-1
121.500049,59,-1,0.500000,-1,-1
121.500049,68,-1,0.500000,-1,-1
121.500049,54,-1,1.000000,-1,-1
121.500049,59,-1,1.000000,-1,-1
121.500049,63,-1,1.000000,-1,-1
122.000049,57,-1,0.500000,-1,-1
122.000049,61,-1,0.500000,-1,-1
122.000049,69,-1,0.500000,-1,-1
122.500049,56,-1,1.000000,-1,-1
122.500049,59,-1,1.000000,-1,-1
122.500049,68,-1,1.000000,-1,-1
122.500049,54,-1,0.500000,-1,-1
122.500049,59,-1,0.500000,-1,-1
122.500049,63,-1,0.500000,-1,-1
123.000049,59,-1,0.500000,-1,-1
123.500049,59,-1,0.250000,-1,-1
123.500049,66,-1,0.250000,-1,-1
123.500049,47,-1,0.500000,-1,-1
123.750050,64,-1,0.250000,-1,-1
124.000050,47,-1,3.750002,-1,-1
124.000050,52,-1,3.750002,-1,-1
124.000050,59,-1,3.750002,-1,-1
124.000050,40,-1,0.500000,-1,-1
124.500050,47,-1,0.500000,-1,-1
125.000050,56,-1,0.500000,-1,-1
125.500050,47,-1,0.500000,-1,-1
126.000050,56,-1,0.500000,-1,-1
126.500051,47,-1,0.500000,-1,-1
127.000051,56,-1,0.500000,-1,-1
127.500051,47,-1,0.500000,-1,-1
128.000051,40,-1,0.500000,-1,-1
128.500051,47,-1,0.500000,-1,-1
128.500051,56,-1,0.500000,-1,-1
128.500051,59,-1,0.500000,-1,-1
128.500051,47,-1,0.500000,-1,-1
129.000052,57,-1,0.500000,-1,-1
129.000052,61,-1,0.500000,-1,-1
129.000052,69,-1,0.500000,-1,-1
129.000052,56,-1,0.500000,-1,-1
129.500052,56,-1,0.500000,-1,-1
129.500052,59,-1,0.500000,-1,-1
129.500052,68,-1,0.500000,-1,-1
129.500052,47,-1,0.500000,-1,-1
130.000052,59,-1,0.500000,-1,-1
130.000052,64,-1,0.500000,-1,-1
130.000052,71,-1,0.500000,-1,-1
130.000052,56,-1,0.500000,-1,-1
130.500052,59,-1,0.500000,-1,-1
130.500052,64,-1,0.500000,-1,-1
130.500052,68,-1,0.500000,-1,-1
130.500052,47,-1,0.500000,-1,-1
131.000052,59,-1,0.500000,-1,-1
131.000052,66,-1,0.500000,-1,-1
131.000052,56,-1,0.500000,-1,-1
131.500053,59,-1,0.500000,-1,-1
131.500053,64,-1,0.500000,-1,-1
131.500053,47,-1,0.500000,-1,-1
132.000053,56,-1,0.500000,-1,-1
132.000053,61,-1,0.500000,-1,-1
132.000053,37,-1,0.500000,-1,-1
132.500053,52,-1,1.000000,-1,-1
132.500053,61,-1,1.000000,-1,-1
132.500053,64,-1,1.000000,-1,-1
132.500053,44,-1,0.500000,-1,-1
133.000053,52,-1,0.500000,-1,-1
133.500053,52,-1,1.500001,-1,-1
133.500053,61,-1,1.500001,-1,-1
133.500053,64,-1,1.500001,-1,-1
133.500053,44,-1,0.500000,-1,-1
134.000054,52,-1,0.500000,-1,-1
134.500054,44,-1,0.500000,-1,-1
135.000054,56,-1,0.500000,-1,-1
135.000054,61,-1,0.500000,-1,-1
135.000054,66,-1,0.500000,-1,-1
135.000054,52,-1,0.500000,-1,-1
135.500054,56,-1,0.500000,-1,-1
135.500054,61,-1,0.500000,-1,-1
135.500054,64,-1,0.500000,-1,-1
135.500054,44,-1,0.500000,-1,-1
136.000054,37,-1,0.500000,-1,-1
136.500055,59,-1,0.500000,-1,-1
136.500055,64,-1,0.500000,-1,-1
136.500055,71,-1,0.500000,-1,-1
136.500055,44,-1,0.500000,-1,-1
137.000055,59,-1,0.500000,-1,-1
137.000055,64,-1,0.500000,-1,-1
137.000055,71,-1,0.500000,-1,-1
137.000055,52,-1,0.500000,-1,-1
137.500055,59,-1,0.500000,-1,-1
137.500055,64,-1,0.500000,-1,-1
137.500055,71,-1,0.500000,-1,-1
137.500055,44,-1,0.500000,-1,-1
138.000055,57,-1,0.500000,-1,-1
138.000055,64,-1,0.500000,-1,-1
138.000055,69,-1,0.500000,-1,-1
138.000055,52,-1,0.500000,-1,-1
138.500055,56,-1,0.500000,-1,-1
138.500055,64,-1,0.500000,-1,-1
138.500055,68,-1,0.500000,-1,-1
138.500055,44,-1,0.500000,-1,-1
139.000056,54,-1,0.500000,-1,-1
139.000056,59,-1,0.500000,-1,-1
139.000056,66,-1,0.500000,-1,-1
139.000056,52,-1,0.500000,-1,-1
139.500056,52,-1,0.500000,-1,-1
139.500056,59,-1,0.500000,-1,-1
139.500056,64,-1,0.500000,-1,-1
139.500056,44,-1,0.500000,-1,-1
140.000056,61,-1,0.500000,-1,-1
140.000056,64,-1,0.500000,-1,-1
140.000056,73,-1,0.500000,-1,-1
140.000056,45,-1,0.500000,-1,-1
140.500056,59,-1,0.500000,-1,-1
140.500056,64,-1,0.500000,-1,-1
140.500056,71,-1,0.500000,-1,-1
140.500056,52,-1,0.500000,-1,-1
141.000056,59,-1,1.000000,-1,-1
141.000056,64,-1,1.000000,-1,-1
141.000056,71,-1,1.000000,-1,-1
141.000056,61,-1,0.500000,-1,-1
141.500057,52,-1,0.500000,-1,-1
142.000057,56,-1,0.500000,-1,-1
142.000057,68,-1,0.500000,-1,-1
142.000057,61,-1,0.500000,-1,-1
142.500057,54,-1,0.500000,-1,-1
142.500057,66,-1,0.500000,-1,-1
142.500057,52,-1,0.500000,-1,-1
143.000057,52,-1,0.500000,-1,-1
143.000057,64,-1,0.500000,-1,-1
143.000057,61,-1,0.500000,-1,-1
143.500057,61,-1,1.000000,-1,-1
143.500057,64,-1,1.000000,-1,-1
143.500057,73,-1,1.000000,-1,-1
143.500057,52,-1,0.500000,-1,-1
144.000058,44,-1,0.500000,-1,-1
144.500058,59,-1,0.500000,-1,-1
144.500058,64,-1,0.500000,-1,-1
144.500058,71,-1,0.500000,-1,-1
144.500058,52,-1,0.500000,-1,-1
145.000058,59,-1,1.000000,-1,-1
145.000058,64,-1,1.000000,-1,-1
145.000058,71,-1,1.000000,-1,-1
145.000058,59,-1,0.500000,-1,-1
145.500058,52,-1,0.500000,-1,-1
146.000058,56,-1,0.500000,-1,-1
146.000058,59,-1,0.500000,-1,-1
146.000058,68,-1,0.500000,-1,-1
146.000058,59,-1,0.500000,-1,-1
146.500059,54,-1,0.500000,-1,-1
146.500059,59,-1,0.500000,-1,-1
146.500059,66,-1,0.500000,-1,-1
146.500059,52,-1,0.500000,-1,-1
147.000059,52,-1,1.000000,-1,-1
147.000059,56,-1,1.000000,-1,-1
147.000059,64,-1,1.000000,-1,-1
147.000059,59,-1,0.500000,-1,-1
147.500059,52,-1,0.500000,-1,-1
148.000059,42,-1,0.500000,-1,-1
148.500059,54,-1,0.500000,-1,-1
148.500059,61,-1,0.500000,-1,-1
148.500059,49,-1,0.500000,-1,-1
149.000060,61,-1,0.500000,-1,-1
149.000060,68,-1,0.500000,-1,-1
149.000060,57,-1,0.500000,-1,-1
149.500060,69,-1,0.500000,-1,-1
149.500060,49,-1,0.500000,-1,-1
150.000060,61,-1,0.666119,-1,-1
150.000060,71,-1,0.666119,-1,-1
150.000060,57,-1,0.500000,-1,-1
150.500060,49,-1,0.500000,-1,-1
150.666179,59,-1,0.666119,-1,-1
150.666179,64,-1,0.666119,-1,-1
151.000060,57,-1,0.500000,-1,-1
151.332297,61,-1,0.667763,-1,-1
151.332297,66,-1,0.667763,-1,-1
151.500061,49,-1,0.500000,-1,-1
152.000061,59,-1,0.500000,-1,-1
152.000061,66,-1,0.500000,-1,-1
152.000061,35,-1,0.500000,-1,-1
152.500061,59,-1,0.500000,-1,-1
152.500061,42,-1,0.500000,-1,-1
153.000061,63,-1,0.500000,-1,-1
153.000061,51,-1,0.500000,-1,-1
153.500061,59,-1,0.500000,-1,-1
153.500061,42,-1,0.500000,-1,-1
154.000062,64,-1,0.500000,-1,-1
154.000062,51,-1,0.500000,-1,-1
154.500062,59,-1,0.500000,-1,-1
154.500062,42,-1,0.500000,-1,-1
155.000062,66,-1,0.500000,-1,-1
155.000062,51,-1,0.500000,-1,-1
155.500062,59,-1,0.500000,-1,-1
155.500062,42,-1,0.500000,-1,-1
156.000062,71,-1,0.500000,-1,-1
156.000062,35,-1,3.750002,-1,-1
156.000062,47,-1,3.750002,-1,-1
156.500063,59,-1,0.500000,-1,-1
157.000063,68,-1,0.500000,-1,-1
157.500063,69,-1,0.500000,-1,-1
158.000063,68,-1,0.500000,-1,-1
158.500063,64,-1,1.000000,-1,-1
159.500064,64,-1,0.500000,-1,-1
159.500064,63,-1,2.166119,-1,-1
160.000064,64,-1,0.333882,-1,-1
160.000064,68,-1,0.333882,-1,-1
160.000064,52,-1,2.000001,-1,-1
160.000064,64,-1,2.000001,-1,-1
160.333946,64,-1,0.332237,-1,-1
160.666183,59,-1,0.333882,-1,-1
161.000064,66,-1,0.333882,-1,-1
161.333946,63,-1,0.332237,-1,-1
161.666183,59,-1,0.333882,-1,-1
162.000065,69,-1,0.333882,-1,-1
162.000065,52,-1,2.000001,-1,-1
162.000065,64,-1,2.000001,-1,-1
162.333947,64,-1,0.332237,-1,-1
162.666183,61,-1,0.333882,-1,-1
163.000065,71,-1,0.333882,-1,-1
163.333947,66,-1,0.332237,-1,-1
163.666184,63,-1,0.333882,-1,-1
164.000066,63,-1,0.250000,-1,-1
164.000066,52,-1,0.250000,-1,-1
164.250066,64,-1,0.250000,-1,-1
164.250066,40,-1,0.250000,-1,-1
164.500066,66,-1,0.250000,-1,-1
164.500066,52,-1,0.250000,-1,-1
164.750066,64,-1,0.250000,-1,-1
164.750066,40,-1,0.250000,-1,-1
165.000066,56,-1,0.250000,-1,-1
165.000066,68,-1,0.250000,-1,-1
165.000066,52,-1,0.250000,-1,-1
165.250066,64,-1,0.250000,-1,-1
165.250066,40,-1,0.250000,-1,-1
165.500066,57,-1,0.250000,-1,-1
165.500066,69,-1,0.250000,-1,-1
165.500066,52,-1,0.250000,-1,-1
165.750066,64,-1,0.250000,-1,-1
165.750066,40,-1,0.250000,-1,-1
166.000066,59,-1,0.250000,-1,-1
166.000066,71,-1,0.250000,-1,-1
166.000066,52,-1,0.250000,-1,-1
166.250067,64,-1,0.250000,-1,-1
166.250067,40,-1,0.250000,-1,-1
166.500067,61,-1,0.250000,-1,-1
166.500067,73,-1,0.250000,-1,-1
166.500067,52,-1,0.250000,-1,-1
166.750067,64,-1,0.250000,-1,-1
166.750067,40,-1,0.250000,-1,-1
167.000067,63,-1,0.250000,-1,-1
167.000067,75,-1,0.250000,-1,-1
167.000067,52,-1,0.250000,-1,-1
167.250067,64,-1,0.250000,-1,-1
167.250067,40,-1,0.250000,-1,-1
167.500067,68,-1,0.250000,-1,-1
167.500067,76,-1,0.250000,-1,-1
167.500067,52,-1,0.250000,-1,-1
167.750067,64,-1,0.250000,-1,-1
167.750067,40,-1,0.250000,-1,-1
168.000067,52,-1,0.500000,-1,-1
168.000067,61,-1,1.000000,-1,-1
168.000067,37,-1,0.500000,-1,-1
168.000067,49,-1,0.500000,-1,-1
168.500067,56,-1,0.500000,-1,-1
168.500067,61,-1,0.500000,-1,-1
168.500067,64,-1,0.500000,-1,-1
169.000068,56,-1,1.000000,-1,-1
169.000068,64,-1,1.000000,-1,-1
169.000068,56,-1,0.500000,-1,-1
169.000068,61,-1,0.500000,-1,-1
169.000068,64,-1,0.500000,-1,-1
169.500068,56,-1,0.500000,-1,-1
169.500068,61,-1,0.500000,-1,-1
169.500068,64,-1,0.500000,-1,-1
170.000068,56,-1,0.750000,-1,-1
170.000068,68,-1,0.750000,-1,-1
170.000068,56,-1,0.500000,-1,-1
170.000068,61,-1,0.500000,-1,-1
170.000068,64,-1,0.500000,-1,-1
170.500068,56,-1,0.500000,-1,-1
170.500068,61,-1,0.500000,-1,-1
170.500068,64,-1,0.500000,-1,-1
170.750068,57,-1,0.750000,-1,-1
170.750068,69,-1,0.750000,-1,-1
171.000068,56,-1,0.500000,-1,-1
171.000068,61,-1,0.500000,-1,-1
171.000068,64,-1,0.500000,-1,-1
171.500069,59,-1,0.500000,-1,-1
171.500069,71,-1,0.500000,-1,-1
171.500069,56,-1,0.500000,-1,-1
171.500069,61,-1,0.500000,-1,-1
171.500069,64,-1,0.500000,-1,-1
172.000069,37,-1,0.500000,-1,-1
172.000069,49,-1,0.500000,-1,-1
172.500069,59,-1,0.500000,-1,-1
172.500069,71,-1,0.500000,-1,-1
172.500069,56,-1,1.000000,-1,-1
172.500069,61,-1,1.000000,-1,-1
172.500069,64,-1,1.000000,-1,-1
173.000069,57,-1,0.500000,-1,-1
173.000069,69,-1,0.500000,-1,-1
173.500069,56,-1,0.500000,-1,-1
173.500069,68,-1,0.500000,-1,-1
173.500069,56,-1,1.000000,-1,-1
173.500069,61,-1,1.000000,-1,-1
173.500069,64,-1,1.000000,-1,-1
174.000070,54,-1,0.750000,-1,-1
174.000070,66,-1,0.750000,-1,-1
174.500070,64,-1,0.250000,-1,-1
174.500070,56,-1,0.500000,-1,-1
174.500070,61,-1,0.500000,-1,-1
174.750070,52,-1,0.750000,-1,-1
174.750070,64,-1,0.750000,-1,-1
175.000070,49,-1,0.500000,-1,-1
175.000070,56,-1,0.500000,-1,-1
175.500070,61,-1,1.000000,-1,-1
175.500070,73,-1,1.000000,-1,-1
175.500070,37,-1,0.500000,-1,-1
175.500070,49,-1,0.500000,-1,-1
176.000070,33,-1,0.500000,-1,-1
176.000070,45,-1,0.500000,-1,-1
176.500071,59,-1,0.500000,-1,-1
176.500071,71,-1,0.500000,-1,-1
176.500071,52,-1,0.500000,-1,-1
177.000071,59,-1,2.000001,-1,-1
177.000071,71,-1,2.000001,-1,-1
177.000071,61,-1,0.500000,-1,-1
177.500071,52,-1,0.500000,-1,-1
178.000071,61,-1,0.500000,-1,-1
178.500071,52,-1,0.500000,-1,-1
179.000072,57,-1,0.500000,-1,-1
179.000072,69,-1,0.500000,-1,-1
179.000072,61,-1,0.500000,-1,-1
179.500072,56,-1,2.332238,-1,-1
179.500072,68,-1,2.332238,-1,-1
179.500072,52,-1,0.500000,-1,-1
180.000072,33,-1,0.500000,-1,-1
180.000072,45,-1,0.500000,-1,-1
180.500072,52,-1,0.500000,-1,-1
181.000072,61,-1,0.500000,-1,-1
181.500073,52,-1,0.500000,-1,-1
182.000073,56,-1,0.500000,-1,-1
182.000073,68,-1,0.500000,-1,-1
182.000073,61,-1,0.500000,-1,-1
182.500073,52,-1,0.500000,-1,-1
182.500073,64,-1,0.500000,-1,-1
182.500073,52,-1,0.500000,-1,-1
183.000073,56,-1,0.500000,-1,-1
183.000073,68,-1,0.500000,-1,-1
183.000073,61,-1,0.500000,-1,-1
183.500073,54,-1,3.333883,-1,-1
183.500073,59,-1,3.333883,-1,-1
183.500073,66,-1,3.333883,-1,-1
183.500073,52,-1,0.500000,-1,-1
184.000074,35,-1,0.500000,-1,-1
184.000074,47,-1,0.500000,-1,-1
184.500074,47,-1,0.500000,-1,-1
185.000074,59,-1,0.500000,-1,-1
185.500074,47,-1,0.500000,-1,-1
186.000074,35,-1,0.500000,-1,-1
186.000074,47,-1,0.500000,-1,-1
186.500075,47,-1,0.500000,-1,-1
187.000075,59,-1,0.500000,-1,-1
187.000075,59,-1,0.500000,-1,-1
187.500075,68,-1,0.500000,-1,-1
187.500075,47,-1,0.500000,-1,-1
188.000075,59,-1,2.000001,-1,-1
188.000075,66,-1,2.000001,-1,-1
188.000075,35,-1,3.750001,-1,-1
188.000075,47,-1,3.750001,-1,-1
190.000076,56,-1,1.000000,-1,-1
190.000076,64,-1,1.000000,-1,-1
191.000076,57,-1,1.000000,-1,-1
191.000076,66,-1,1.000000,-1,-1
192.000077,56,-1,0.500000,-1,-1
192.000077,64,-1,0.500000,-1,-1
192.000077,40,-1,0.500000,-1,-1
192.500077,59,-1,0.500000,-1,-1
192.500077,47,-1,0.500000,-1,-1
193.000077,56,-1,0.500000,-1,-1
193.000077,64,-1,0.500000,-1,-1
193.000077,56,-1,0.500000,-1,-1
193.500077,57,-1,0.500000,-1,-1
193.500077,66,-1,0.500000,-1,-1
193.500077,47,-1,0.500000,-1,-1
194.000078,59,-1,0.500000,-1,-1
194.000078,68,-1,0.500000,-1,-1
194.000078,56,-1,0.500000,-1,-1
194.500078,61,-1,1.000000,-1,-1
194.500078,69,-1,1.000000,-1,-1
194.500078,47,-1,0.500000,-1,-1
195.000078,56,-1,0.500000,-1,-1
195.500078,59,-1,2.332238,-1,-1
195.500078,63,-1,2.332238,-1,-1
195.500078,68,-1,2.332238,-1,-1
195.500078,47,-1,0.500000,-1,-1
196.000078,40,-1,0.500000,-1,-1
196.500079,47,-1,0.500000,-1,-1
197.000079,56,-1,0.500000,-1,-1
197.500079,47,-1,0.500000,-1,-1
198.000079,59,-1,0.500000,-1,-1
198.000079,68,-1,0.500000,-1,-1
198.000079,56,-1,0.500000,-1,-1
198.500079,57,-1,0.500000,-1,-1
198.500079,66,-1,0.500000,-1,-1
198.500079,47,-1,0.500000,-1,-1
199.000080,56,-1,0.500000,-1,-1
199.000080,64,-1,0.500000,-1,-1
199.000080,56,-1,0.500000,-1,-1
199.500080,57,-1,0.500000,-1,-1
199.500080,66,-1,0.500000,-1,-1
199.500080,47,-1,0.500000,-1,-1
200.000080,59,-1,0.500000,-1,-1
200.000080,63,-1,0.500000,-1,-1
200.000080,68,-1,0.500000,-1,-1
200.000080,37,-1,0.500000,-1,-1
200.500080,61,-1,0.500000,-1,-1
200.500080,69,-1,0.500000,-1,-1
200.500080,44,-1,0.500000,-1,-1
201.000080,59,-1,0.500000,-1,-1
201.000080,68,-1,0.500000,-1,-1
201.000080,52,-1,0.500000,-1,-1
201.500081,61,-1,0.500000,-1,-1
201.500081,69,-1,0.500000,-1,-1
201.500081,44,-1,0.500000,-1,-1
202.000081,59,-1,0.500000,-1,-1
202.000081,68,-1,0.500000,-1,-1
202.000081,52,-1,0.500000,-1,-1
202.500081,59,-1,0.500000,-1,-1
202.500081,63,-1,0.500000,-1,-1
202.500081,44,-1,0.500000,-1,-1
203.000081,56,-1,0.500000,-1,-1
203.000081,61,-1,0.500000,-1,-1
203.000081,52,-1,0.500000,-1,-1
203.500081,56,-1,2.332238,-1,-1
203.500081,59,-1,2.332238,-1,-1
203.500081,44,-1,0.500000,-1,-1
204.000082,37,-1,0.500000,-1,-1
204.500082,44,-1,0.500000,-1,-1
205.000082,52,-1,0.500000,-1,-1
205.500082,44,-1,0.500000,-1,-1
206.000082,63,-1,0.500000,-1,-1
206.000082,64,-1,0.500000,-1,-1
206.000082,71,-1,0.500000,-1,-1
206.000082,52,-1,0.500000,-1,-1
206.500083,63,-1,1.500001,-1,-1
206.500083,44,-1,0.500000,-1,-1
207.000083,52,-1,0.500000,-1,-1
207.500083,44,-1,0.500000,-1,-1
208.000083,56,-1,0.500000,-1,-1
208.000083,64,-1,0.500000,-1,-1
208.000083,40,-1,0.500000,-1,-1
208.500083,59,-1,0.500000,-1,-1
208.500083,47,-1,0.500000,-1,-1
209.000084,56,-1,0.500000,-1,-1
209.000084,64,-1,0.500000,-1,-1
209.000084,56,-1,0.500000,-1,-1
209.500084,57,-1,0.500000,-1,-1
209.500084,66,-1,0.500000,-1,-1
209.500084,47,-1,0.500000,-1,-1
210.000084,59,-1,0.500000,-1,-1
210.000084,68,-1,0.500000,-1,-1
210.000084,56,-1,0.500000,-1,-1
210.500084,61,-1,1.000000,-1,-1
210.500084,69,-1,1.000000,-1,-1
210.500084,47,-1,0.500000,-1,-1
211.000084,56,-1,0.500000,-1,-1
211.500085,59,-1,2.332238,-1,-1
211.500085,63,-1,2.332238,-1,-1
211.500085,68,-1,2.332238,-1,-1
211.500085,47,-1,0.500000,-1,-1
212.000085,40,-1,0.500000,-1,-1
212.500085,47,-1,0.500000,-1,-1
213.000085,56,-1,0.500000,-1,-1
213.500085,47,-1,0.500000,-1,-1
214.000086,59,-1,0.500000,-1,-1
214.000086,68,-1,0.500000,-1,-1
214.000086,56,-1,0.500000,-1,-1
214.500086,57,-1,0.500000,-1,-1
214.500086,66,-1,0.500000,-1,-1
214.500086,47,-1,0.500000,-1,-1
215.000086,56,-1,0.500000,-1,-1
215.000086,64,-1,0.500000,-1,-1
215.000086,56,-1,0.500000,-1,-1
215.500086,57,-1,0.500000,-1,-1
215.500086,66,-1,0.500000,-1,-1
215.500086,47,-1,0.500000,-1,-1
216.000086,59,-1,0.500000,-1,-1
216.000086,63,-1,0.500000,-1,-1
216.000086,68,-1,0.500000,-1,-1
216.000086,37,-1,0.500000,-1,-1
216.500087,61,-1,0.500000,-1,-1
216.500087,69,-1,0.500000,-1,-1
216.500087,44,-1,0.500000,-1,-1
217.000087,59,-1,0.500000,-1,-1
217.000087,68,-1,0.500000,-1,-1
217.000087,52,-1,0.500000,-1,-1
217.500087,61,-1,0.500000,-1,-1
217.500087,69,-1,0.500000,-1,-1
217.500087,44,-1,0.500000,-1,-1
218.000087,59,-1,0.500000,-1,-1
218.000087,68,-1,0.500000,-1,-1
218.000087,52,-1,0.500000,-1,-1
218.500087,59,-1,0.500000,-1,-1
218.500087,63,-1,0.500000,-1,-1
218.500087,44,-1,0.500000,-1,-1
219.000088,56,-1,0.500000,-1,-1
219.000088,61,-1,0.500000,-1,-1
219.000088,52,-1,0.500000,-1,-1
219.500088,56,-1,2.000001,-1,-1
219.500088,59,-1,2.000001,-1,-1
219.500088,44,-1,0.500000,-1,-1
220.000088,37,-1,0.500000,-1,-1
220.500088,44,-1,0.500000,-1,-1
221.000088,52,-1,0.500000,-1,-1
221.500089,61,-1,0.500000,-1,-1
221.500089,44,-1,0.500000,-1,-1
222.000089,56,-1,0.500000,-1,-1
222.000089,61,-1,0.500000,-1,-1
222.000089,52,-1,0.500000,-1,-1
222.500089,56,-1,0.500000,-1,-1
222.500089,61,-1,0.500000,-1,-1
222.500089,66,-1,0.500000,-1,-1
222.500089,44,-1,0.500000,-1,-1
223.000089,56,-1,0.500000,-1,-1
223.000089,63,-1,0.500000,-1,-1
223.000089,52,-1,0.500000,-1,-1
223.500089,54,-1,1.500001,-1,-1
223.500089,59,-1,1.500001,-1,-1
223.500089,63,-1,1.500001,-1,-1
223.500089,35,-1,1.000000,-1,-1
223.500089,47,-1,1.000000,-1,-1
224.500090,42,-1,0.500000,-1,-1
225.000090,54,-1,0.500000,-1,-1
225.000090,63,-1,0.500000,-1,-1
225.000090,51,-1,0.500000,-1,-1
225.500090,54,-1,0.500000,-1,-1
225.500090,63,-1,0.500000,-1,-1
225.500090,35,-1,1.000000,-1,-1
225.500090,47,-1,1.000000,-1,-1
226.000090,54,-1,0.500000,-1,-1
226.000090,61,-1,0.500000,-1,-1
226.500091,63,-1,0.500000,-1,-1
226.500091,42,-1,0.500000,-1,-1
227.000091,56,-1,0.500000,-1,-1
227.000091,64,-1,0.500000,-1,-1
227.000091,51,-1,0.500000,-1,-1
227.500091,57,-1,2.000001,-1,-1
227.500091,64,-1,2.000001,-1,-1
227.500091,33,-1,1.000000,-1,-1
227.500091,45,-1,1.000000,-1,-1
228.500091,52,-1,0.500000,-1,-1
229.000092,61,-1,0.500000,-1,-1
229.500092,59,-1,0.500000,-1,-1
229.500092,52,-1,0.500000,-1,-1
230.000092,59,-1,0.500000,-1,-1
230.000092,64,-1,0.500000,-1,-1
230.000092,61,-1,0.500000,-1,-1
230.500092,59,-1,1.000000,-1,-1
230.500092,66,-1,1.000000,-1,-1
230.500092,52,-1,0.500000,-1,-1
231.000092,61,-1,0.500000,-1,-1
231.500093,59,-1,1.500001,-1,-1
231.500093,68,-1,1.500001,-1,-1
231.500093,52,-1,0.500000,-1,-1
232.000093,40,-1,0.500000,-1,-1
232.500093,47,-1,0.500000,-1,-1
233.000093,59,-1,0.500000,-1,-1
233.000093,69,-1,0.500000,-1,-1
233.000093,56,-1,0.500000,-1,-1
233.500093,64,-1,0.500000,-1,-1
233.500093,68,-1,0.500000,-1,-1
233.500093,47,-1,0.500000,-1,-1
234.000094,59,-1,0.500000,-1,-1
234.000094,64,-1,0.500000,-1,-1
234.000094,44,-1,0.500000,-1,-1
234.000094,56,-1,0.500000,-1,-1
234.500094,59,-1,0.500000,-1,-1
234.500094,42,-1,0.500000,-1,-1
234.500094,54,-1,0.500000,-1,-1
235.000094,66,-1,0.500000,-1,-1
235.000094,40,-1,0.500000,-1,-1
235.000094,52,-1,0.500000,-1,-1
235.500094,59,-1,2.000001,-1,-1
235.500094,66,-1,2.000001,-1,-1
235.500094,35,-1,1.000000,-1,-1
235.500094,47,-1,1.000000,-1,-1
236.500095,35,-1,0.500000,-1,-1
237.000095,47,-1,0.500000,-1,-1
237.500095,56,-1,0.250000,-1,-1
237.500095,68,-1,0.250000,-1,-1
237.500095,35,-1,1.000000,-1,-1
237.750095,57,-1,2.250001,-1,-1
237.750095,69,-1,2.250001,-1,-1
238.500095,35,-1,0.500000,-1,-1
239.000096,47,-1,0.500000,-1,-1
239.500096,35,-1,0.500000,-1,-1
240.000096,35,-1,3.750001,-1,-1
240.000096,47,-1,3.750001,-1,-1
240.500096,47,-1,0.500000,-1,-1
240.500096,59,-1,0.500000,-1,-1
241.000096,57,-1,0.500000,-1,-1
241.000096,61,-1,0.500000,-1,-1
241.000096,69,-1,0.500000,-1,-1
241.500097,56,-1,0.500000,-1,-1
241.500097,59,-1,0.500000,-1,-1
241.500097,68,-1,0.500000,-1,-1
242.000097,57,-1,0.500000,-1,-1
242.000097,61,-1,0.500000,-1,-1
242.000097,69,-1,0.500000,-1,-1
242.500097,56,-1,1.000000,-1,-1
242.500097,59,-1,1.000000,-1,-1
242.500097,68,-1,1.000000,-1,-1
243.500097,54,-1,0.250000,-1,-1
243.500097,66,-1,0.250000,-1,-1
243.750098,52,-1,0.250000,-1,-1
243.750098,64,-1,0.250000,-1,-1
244.000098,47,-1,3.750001,-1,-1
244.000098,52,-1,3.750001,-1,-1
244.000098,59,-1,3.750001,-1,-1
244.000098,40,-1,0.500000,-1,-1
244.500098,47,-1,0.500000,-1,-1
245.000098,56,-1,0.500000,-1,-1
245.500098,47,-1,0.500000,-1,-1
246.000098,56,-1,0.500000,-1,-1
246.500099,47,-1,0.500000,-1,-1
247.000099,56,-1,0.500000,-1,-1
247.500099,47,-1,0.500000,-1,-1
248.000099,40,-1,0.500000,-1,-1
248.500099,47,-1,0.500000,-1,-1
248.500099,56,-1,0.500000,-1,-1
248.500099,59,-1,0.500000,-1,-1
248.500099,47,-1,0.500000,-1,-1
249.000100,57,-1,0.500000,-1,-1
249.000100,61,-1,0.500000,-1,-1
249.000100,69,-1,0.500000,-1,-1
249.000100,56,-1,0.500000,-1,-1
249.500100,56,-1,0.500000,-1,-1
249.500100,59,-1,0.500000,-1,-1
249.500100,68,-1,0.500000,-1,-1
249.500100,47,-1,0.500000,-1,-1
250.000100,57,-1,0.500000,-1,-1
250.000100,61,-1,0.500000,-1,-1
250.000100,69,-1,0.500000,-1,-1
250.000100,56,-1,0.500000,-1,-1
250.500100,56,-1,0.500000,-1,-1
250.500100,59,-1,0.500000,-1,-1
250.500100,68,-1,0.500000,-1,-1
250.500100,47,-1,0.500000,-1,-1
251.000100,54,-1,0.500000,-1,-1
251.000100,57,-1,0.500000,-1,-1
251.000100,66,-1,0.500000,-1,-1
251.000100,56,-1,0.500000,-1,-1
251.500101,52,-1,0.500000,-1,-1
251.500101,56,-1,0.500000,-1,-1
251.500101,64,-1,0.500000,-1,-1
251.500101,47,-1,0.500000,-1,-1
252.000101,49,-1,0.500000,-1,-1
252.000101,52,-1,0.500000,-1,-1
252.000101,61,-1,0.500000,-1,-1
252.000101,37,-1,0.500000,-1,-1
252.500101,52,-1,2.332238,-1,-1
252.500101,56,-1,2.332238,-1,-1
252.500101,64,-1,2.332238,-1,-1
252.500101,44,-1,0.500000,-1,-1
253.000101,52,-1,0.500000,-1,-1
253.500101,44,-1,0.500000,-1,-1
254.000102,52,-1,0.500000,-1,-1
254.500102,44,-1,0.500000,-1,-1
255.000102,54,-1,0.500000,-1,-1
255.000102,61,-1,0.500000,-1,-1
255.000102,66,-1,0.500000,-1,-1
255.000102,52,-1,0.500000,-1,-1
255.500102,52,-1,0.500000,-1,-1
255.500102,56,-1,0.500000,-1,-1
255.500102,64,-1,0.500000,-1,-1
255.500102,44,-1,0.500000,-1,-1
256.000102,37,-1,0.500000,-1,-1
256.500103,59,-1,0.500000,-1,-1
256.500103,64,-1,0.500000,-1,-1
256.500103,71,-1,0.500000,-1,-1
256.500103,44,-1,0.500000,-1,-1
257.000103,59,-1,0.500000,-1,-1
257.000103,64,-1,0.500000,-1,-1
257.000103,71,-1,0.500000,-1,-1
257.000103,52,-1,0.500000,-1,-1
257.500103,59,-1,0.500000,-1,-1
257.500103,64,-1,0.500000,-1,-1
257.500103,71,-1,0.500000,-1,-1
257.500103,44,-1,0.500000,-1,-1
258.000103,57,-1,0.500000,-1,-1
258.000103,64,-1,0.500000,-1,-1
258.000103,69,-1,0.500000,-1,-1
258.000103,52,-1,0.500000,-1,-1
258.500103,56,-1,0.500000,-1,-1
258.500103,64,-1,0.500000,-1,-1
258.500103,68,-1,0.500000,-1,-1
258.500103,44,-1,0.500000,-1,-1
259.000104,54,-1,0.500000,-1,-1
259.000104,59,-1,0.500000,-1,-1
259.000104,66,-1,0.500000,-1,-1
259.000104,52,-1,0.500000,-1,-1
259.500104,52,-1,0.500000,-1,-1
259.500104,59,-1,0.500000,-1,-1
259.500104,64,-1,0.500000,-1,-1
259.500104,44,-1,0.500000,-1,-1
260.000104,61,-1,0.500000,-1,-1
260.000104,64,-1,0.500000,-1,-1
260.000104,73,-1,0.500000,-1,-1
260.000104,45,-1,0.500000,-1,-1
260.500104,59,-1,0.500000,-1,-1
260.500104,64,-1,0.500000,-1,-1
260.500104,71,-1,0.500000,-1,-1
260.500104,52,-1,0.500000,-1,-1
261.000104,59,-1,1.000000,-1,-1
261.000104,64,-1,1.000000,-1,-1
261.000104,71,-1,1.000000,-1,-1
261.000104,61,-1,0.500000,-1,-1
261.500105,52,-1,0.500000,-1,-1
262.000105,56,-1,0.500000,-1,-1
262.000105,68,-1,0.500000,-1,-1
262.000105,61,-1,0.500000,-1,-1
262.500105,54,-1,0.500000,-1,-1
262.500105,66,-1,0.500000,-1,-1
262.500105,52,-1,0.500000,-1,-1
263.000105,52,-1,0.500000,-1,-1
263.000105,64,-1,0.500000,-1,-1
263.000105,61,-1,0.500000,-1,-1
263.500105,61,-1,1.000000,-1,-1
263.500105,64,-1,1.000000,-1,-1
263.500105,73,-1,1.000000,-1,-1
263.500105,52,-1,0.500000,-1,-1
264.000106,44,-1,0.500000,-1,-1
264.500106,59,-1,0.500000,-1,-1
264.500106,64,-1,0.500000,-1,-1
264.500106,71,-1,0.500000,-1,-1
264.500106,52,-1,0.500000,-1,-1
265.000106,59,-1,1.000000,-1,-1
265.000106,64,-1,1.000000,-1,-1
265.000106,71,-1,1.000000,-1,-1
265.000106,59,-1,0.500000,-1,-1
265.500106,52,-1,0.500000,-1,-1
266.000106,56,-1,0.500000,-1,-1
266.000106,59,-1,0.500000,-1,-1
266.000106,68,-1,0.500000,-1,-1
266.000106,59,-1,0.500000,-1,-1
266.500107,54,-1,0.500000,-1,-1
266.500107,59,-1,0.500000,-1,-1
266.500107,66,-1,0.500000,-1,-1
266.500107,52,-1,0.500000,-1,-1
267.000107,52,-1,1.000000,-1,-1
267.000107,56,-1,1.000000,-1,-1
267.000107,64,-1,1.000000,-1,-1
267.000107,59,-1,0.500000,-1,-1
267.500107,52,-1,0.500000,-1,-1
268.000107,42,-1,0.500000,-1,-1
268.500107,54,-1,0.500000,-1,-1
268.500107,61,-1,0.500000,-1,-1
268.500107,49,-1,0.500000,-1,-1
269.000108,61,-1,0.500000,-1,-1
269.000108,68,-1,0.500000,-1,-1
269.000108,57,-1,0.500000,-1,-1
269.500108,69,-1,0.500000,-1,-1
269.500108,49,-1,0.500000,-1,-1
270.000108,61,-1,0.666119,-1,-1
270.000108,71,-1,0.666119,-1,-1
270.000108,57,-1,0.500000,-1,-1
270.500108,49,-1,0.500000,-1,-1
270.666227,61,-1,0.666119,-1,-1
270.666227,68,-1,0.666119,-1,-1
271.000108,57,-1,0.500000,-1,-1
271.332345,59,-1,0.667763,-1,-1
271.332345,66,-1,0.667763,-1,-1
271.500109,49,-1,0.500000,-1,-1
272.000109,47,-1,0.500000,-1,-1
272.500109,47,-1,0.500000,-1,-1
272.500109,56,-1,0.500000,-1,-1
272.500109,59,-1,0.500000,-1,-1
272.500109,54,-1,0.500000,-1,-1
273.000109,57,-1,0.500000,-1,-1
273.000109,61,-1,0.500000,-1,-1
273.000109,69,-1,0.500000,-1,-1
273.000109,63,-1,0.500000,-1,-1
273.500109,56,-1,0.500000,-1,-1
273.500109,59,-1,0.500000,-1,-1
273.500109,68,-1,0.500000,-1,-1
273.500109,54,-1,0.500000,-1,-1
274.000110,57,-1,0.500000,-1,-1
274.000110,61,-1,0.500000,-1,-1
274.000110,69,-1,0.500000,-1,-1
274.000110,63,-1,0.500000,-1,-1
274.500110,56,-1,1.000000,-1,-1
274.500110,59,-1,1.000000,-1,-1
274.500110,68,-1,1.000000,-1,-1
274.500110,54,-1,0.500000,-1,-1
275.000110,63,-1,0.500000,-1,-1
275.500110,59,-1,0.250000,-1,-1
275.500110,66,-1,0.250000,-1,-1
275.500110,54,-1,0.500000,-1,-1
275.750110,64,-1,0.250000,-1,-1
276.000110,47,-1,3.750001,-1,-1
276.000110,52,-1,3.750001,-1,-1
276.000110,59,-1,3.750001,-1,-1
276.000110,40,-1,0.500000,-1,-1
276.500111,47,-1,0.500000,-1,-1
277.000111,56,-1,0.500000,-1,-1
277.500111,47,-1,0.500000,-1,-1
278.000111,56,-1,0.500000,-1,-1
278.500111,47,-1,0.500000,-1,-1
279.000112,56,-1,0.500000,-1,-1
279.500112,47,-1,0.500000,-1,-1
280.000112,40,-1,0.500000,-1,-1
280.500112,47,-1,0.500000,-1,-1
280.500112,56,-1,0.500000,-1,-1
280.500112,59,-1,0.500000,-1,-1
280.500112,47,-1,0.500000,-1,-1
281.000112,57,-1,0.500000,-1,-1
281.000112,61,-1,0.500000,-1,-1
281.000112,69,-1,0.500000,-1,-1
281.000112,56,-1,0.500000,-1,-1
281.500113,56,-1,0.500000,-1,-1
281.500113,59,-1,0.500000,-1,-1
281.500113,68,-1,0.500000,-1,-1
281.500113,47,-1,0.500000,-1,-1
282.000113,59,-1,0.500000,-1,-1
282.000113,64,-1,0.500000,-1,-1
282.000113,71,-1,0.500000,-1,-1
282.000113,56,-1,0.500000,-1,-1
282.500113,59,-1,0.500000,-1,-1
282.500113,64,-1,0.500000,-1,-1
282.500113,68,-1,0.500000,-1,-1
282.500113,47,-1,0.500000,-1,-1
283.000113,59,-1,0.500000,-1,-1
283.000113,66,-1,0.500000,-1,-1
283.000113,56,-1,0.500000,-1,-1
283.500113,59,-1,0.500000,-1,-1
283.500113,64,-1,0.500000,-1,-1
283.500113,47,-1,0.500000,-1,-1
284.000114,56,-1,0.500000,-1,-1
284.000114,61,-1,0.500000,-1,-1
284.000114,37,-1,0.500000,-1,-1
284.500114,52,-1,1.000000,-1,-1
284.500114,61,-1,1.000000,-1,-1
284.500114,64,-1,1.000000,-1,-1
284.500114,44,-1,0.500000,-1,-1
285.000114,52,-1,0.500000,-1,-1
285.500114,52,-1,1.500001,-1,-1
285.500114,61,-1,1.500001,-1,-1
285.500114,64,-1,1.500001,-1,-1
285.500114,44,-1,0.500000,-1,-1
286.000114,52,-1,0.500000,-1,-1
286.500115,44,-1,0.500000,-1,-1
287.000115,56,-1,0.500000,-1,-1
287.000115,66,-1,0.500000,-1,-1
287.000115,52,-1,0.500000,-1,-1
287.500115,56,-1,0.500000,-1,-1
287.500115,64,-1,0.500000,-1,-1
287.500115,44,-1,0.500000,-1,-1
288.000115,37,-1,0.500000,-1,-1
288.500115,59,-1,0.500000,-1,-1
288.500115,64,-1,0.500000,-1,-1
288.500115,71,-1,0.500000,-1,-1
288.500115,44,-1,0.500000,-1,-1
289.000116,59,-1,0.500000,-1,-1
289.000116,64,-1,0.500000,-1,-1
289.000116,71,-1,0.500000,-1,-1
289.000116,52,-1,0.500000,-1,-1
289.500116,59,-1,0.500000,-1,-1
289.500116,64,-1,0.500000,-1,-1
289.500116,71,-1,0.500000,-1,-1
289.500116,44,-1,0.500000,-1,-1
290.000116,57,-1,0.500000,-1,-1
290.000116,64,-1,0.500000,-1,-1
290.000116,69,-1,0.500000,-1,-1
290.000116,52,-1,0.500000,-1,-1
290.500116,56,-1,0.500000,-1,-1
290.500116,64,-1,0.500000,-1,-1
290.500116,68,-1,0.500000,-1,-1
290.500116,44,-1,0.500000,-1,-1
291.000116,54,-1,0.500000,-1,-1
291.000116,59,-1,0.500000,-1,-1
291.000116,66,-1,0.500000,-1,-1
291.000116,52,-1,0.500000,-1,-1
291.500117,52,-1,0.500000,-1,-1
291.500117,59,-1,0.500000,-1,-1
291.500117,64,-1,0.500000,-1,-1
291.500117,44,-1,0.500000,-1,-1
292.000117,61,-1,0.500000,-1,-1
292.000117,64,-1,0.500000,-1,-1
292.000117,73,-1,0.500000,-1,-1
292.000117,45,-1,0.500000,-1,-1
292.500117,59,-1,0.500000,-1,-1
292.500117,64,-1,0.500000,-1,-1
292.500117,71,-1,0.500000,-1,-1
292.500117,52,-1,0.500000,-1,-1
293.000117,59,-1,1.000000,-1,-1
293.000117,64,-1,1.000000,-1,-1
293.000117,71,-1,1.000000,-1,-1
293.000117,61,-1,0.500000,-1,-1
293.500117,52,-1,0.500000,-1,-1
294.000118,56,-1,0.500000,-1,-1
294.000118,68,-1,0.500000,-1,-1
294.000118,61,-1,0.500000,-1,-1
294.500118,54,-1,0.500000,-1,-1
294.500118,66,-1,0.500000,-1,-1
294.500118,52,-1,0.500000,-1,-1
295.000118,52,-1,0.500000,-1,-1
295.000118,64,-1,0.500000,-1,-1
295.000118,61,-1,0.500000,-1,-1
295.500118,61,-1,1.000000,-1,-1
295.500118,64,-1,1.000000,-1,-1
295.500118,73,-1,1.000000,-1,-1
295.500118,52,-1,0.500000,-1,-1
296.000118,44,-1,0.500000,-1,-1
296.500119,59,-1,0.500000,-1,-1
296.500119,64,-1,0.500000,-1,-1
296.500119,71,-1,0.500000,-1,-1
296.500119,52,-1,0.500000,-1,-1
297.000119,59,-1,1.000000,-1,-1
297.000119,64,-1,1.000000,-1,-1
297.000119,71,-1,1.000000,-1,-1
297.000119,59,-1,0.500000,-1,-1
297.500119,52,-1,0.500000,-1,-1
298.000119,64,-1,0.500000,-1,-1
298.000119,73,-1,0.500000,-1,-1
298.000119,59,-1,0.500000,-1,-1
298.500119,64,-1,0.500000,-1,-1
298.500119,71,-1,0.500000,-1,-1
298.500119,52,-1,0.500000,-1,-1
299.000120,59,-1,0.250000,-1,-1
299.000120,64,-1,0.250000,-1,-1
299.000120,68,-1,0.250000,-1,-1
299.000120,59,-1,0.500000,-1,-1
299.250120,66,-1,0.250000,-1,-1
299.500120,56,-1,0.500000,-1,-1
299.500120,64,-1,0.500000,-1,-1
299.500120,52,-1,0.500000,-1,-1
300.000120,42,-1,0.500000,-1,-1
300.500120,54,-1,0.500000,-1,-1
300.500120,61,-1,0.500000,-1,-1
300.500120,49,-1,0.500000,-1,-1
301.000120,61,-1,0.500000,-1,-1
301.000120,68,-1,0.500000,-1,-1
301.000120,57,-1,0.500000,-1,-1
301.500121,69,-1,0.500000,-1,-1
301.500121,49,-1,0.500000,-1,-1
302.000121,61,-1,0.666119,-1,-1
302.000121,71,-1,0.666119,-1,-1
302.000121,57,-1,0.500000,-1,-1
302.500121,49,-1,0.500000,-1,-1
302.666239,59,-1,0.666119,-1,-1
302.666239,64,-1,0.666119,-1,-1
303.000121,57,-1,0.500000,-1,-1
303.332358,61,-1,0.667763,-1,-1
303.332358,66,-1,0.667763,-1,-1
303.500121,49,-1,0.500000,-1,-1
304.000122,54,-1,3.750001,-1,-1
304.000122,59,-1,3.750001,-1,-1
304.000122,66,-1,3.750001,-1,-1
304.000122,35,-1,0.500000,-1,-1
304.000122,47,-1,0.500000,-1,-1
304.500122,35,-1,0.500000,-1,-1
305.000122,47,-1,0.500000,-1,-1
305.500122,35,-1,1.000000,-1,-1
306.500123,35,-1,0.500000,-1,-1
307.000123,47,-1,0.500000,-1,-1
307.500123,35,-1,0.500000,-1,-1
308.000123,35,-1,3.750001,-1,-1
308.000123,47,-1,3.750001,-1,-1
308.500123,54,-1,0.500000,-1,-1
308.500123,59,-1,0.500000,-1,-1
309.000124,59,-1,0.500000,-1,-1
309.000124,68,-1,0.500000,-1,-1
309.500124,61,-1,0.500000,-1,-1
309.500124,69,-1,0.500000,-1,-1
310.000124,59,-1,0.500000,-1,-1
310.000124,68,-1,0.500000,-1,-1
310.500124,56,-1,1.000000,-1,-1
310.500124,64,-1,1.000000,-1,-1
311.500125,64,-1,0.500000,-1,-1
312.000125,52,-1,0.500000,-1,-1
312.000125,56,-1,0.500000,-1,-1
312.000125,64,-1,0.500000,-1,-1
312.000125,52,-1,0.500000,-1,-1
312.000125,59,-1,0.500000,-1,-1
312.500125,52,-1,0.500000,-1,-1
312.500125,56,-1,0.500000,-1,-1
312.500125,52,-1,1.000000,-1,-1
312.500125,59,-1,1.000000,-1,-1
313.000125,52,-1,0.500000,-1,-1
313.000125,56,-1,0.500000,-1,-1
313.500125,52,-1,0.500000,-1,-1
313.500125,56,-1,0.500000,-1,-1
313.500125,52,-1,1.000000,-1,-1
313.500125,59,-1,1.000000,-1,-1
314.000126,52,-1,0.500000,-1,-1
314.000126,56,-1,0.500000,-1,-1
314.500126,54,-1,0.500000,-1,-1
314.500126,52,-1,1.000000,-1,-1
314.500126,59,-1,1.000000,-1,-1
315.000126,57,-1,0.500000,-1,-1
315.500126,52,-1,3.750001,-1,-1
315.500126,56,-1,3.750001,-1,-1
315.500126,52,-1,0.500000,-1,-1
315.500126,59,-1,0.500000,-1,-1
316.000126,52,-1,0.500000,-1,-1
316.000126,59,-1,0.500000,-1,-1
316.500127,52,-1,1.000000,-1,-1
316.500127,59,-1,1.000000,-1,-1
317.500127,52,-1,1.000000,-1,-1
317.500127,59,-1,1.000000,-1,-1
318.500127,52,-1,1.000000,-1,-1
318.500127,59,-1,1.000000,-1,-1
319.500128,66,-1,0.250000,-1,-1
319.500128,52,-1,0.500000,-1,-1
319.500128,59,-1,0.500000,-1,-1
319.750128,64,-1,0.250000,-1,-1
320.000128,63,-1,0.500000,-1,-1
320.000128,49,-1,0.500000,-1,-1
320.000128,56,-1,0.500000,-1,-1
320.500128,63,-1,0.500000,-1,-1
320.500128,59,-1,1.000000,-1,-1
321.000128,63,-1,0.500000,-1,-1
321.500129,63,-1,0.500000,-1,-1
321.500129,49,-1,10.000004,-1,-1
321.500129,56,-1,10.000004,-1,-1
322.000129,63,-1,0.500000,-1,-1
322.500129,61,-1,0.500000,-1,-1
323.000129,66,-1,0.500000,-1,-1
323.500129,63,-1,0.789474,-1,-1
325.500130,71,-1,2.332238,-1,-1
