0,68,-1,0.225,-1,-1
0,47,-1,0.225,-1,-1
0,52,-1,0.225,-1,-1
0,56,-1,0.225,-1,-1
0.25,64,-1,0.225,-1,-1
0.25,47,-1,0.225,-1,-1
0.25,52,-1,0.225,-1,-1
0.25,56,-1,0.225,-1,-1
0.5,68,-1,0.225,-1,-1
0.5,47,-1,0.225,-1,-1
0.5,52,-1,0.225,-1,-1
0.5,56,-1,0.225,-1,-1
0.75,64,-1,0.225,-1,-1
0.75,47,-1,0.225,-1,-1
0.75,52,-1,0.225,-1,-1
0.75,56,-1,0.225,-1,-1
1,68,-1,0.225,-1,-1
1,47,-1,0.225,-1,-1
1,52,-1,0.225,-1,-1
1,56,-1,0.225,-1,-1
1.25,64,-1,0.225,-1,-1
1.25,47,-1,0.225,-1,-1
1.25,52,-1,0.225,-1,-1
1.25,56,-1,0.225,-1,-1
1.5,68,-1,0.225,-1,-1
1.5,47,-1,0.225,-1,-1
1.5,52,-1,0.225,-1,-1
1.5,56,-1,0.225,-1,-1
1.75,64,-1,0.225,-1,-1
1.75,47,-1,0.225,-1,-1
1.75,52,-1,0.225,-1,-1
1.75,56,-1,0.225,-1,-1
2,68,-1,0.225,-1,-1
2,47,-1,0.225,-1,-1
2,52,-1,0.225,-1,-1
2,56,-1,0.225,-1,-1
2.25,64,-1,0.225,-1,-1
2.25,47,-1,0.225,-1,-1
2.25,52,-1,0.225,-1,-1
2.25,56,-1,0.225,-1,-1
2.5,68,-1,0.225,-1,-1
2.5,47,-1,0.225,-1,-1
2.5,52,-1,0.225,-1,-1
2.5,56,-1,0.225,-1,-1
2.75,64,-1,0.225,-1,-1
2.75,47,-1,0.225,-1,-1
2.75,52,-1,0.225,-1,-1
2.75,56,-1,0.225,-1,-1
3,68,-1,0.225,-1,-1
3,47,-1,0.225,-1,-1
3,52,-1,0.225,-1,-1
3,56,-1,0.225,-1,-1
3.25,64,-1,0.225,-1,-1
3.25,47,-1,0.225,-1,-1
3.25,52,-1,0.225,-1,-1
3.25,56,-1,0.225,-1,-1
3.5,68,-1,0.225,-1,-1
3.5,47,-1,0.225,-1,-1
3.5,52,-1,0.225,-1,-1
3.5,56,-1,0.225,-1,-1
3.75,64,-1,0.225,-1,-1
3.75,47,-1,0.225,-1,-1
3.75,52,-1,0.225,-1,-1
3.75,56,-1,0.225,-1,-1
4,69,-1,0.225,-1,-1
4,47,-1,0.225,-1,-1
4,52,-1,0.225,-1,-1
4,54,-1,0.225,-1,-1
4.25,64,-1,0.225,-1,-1
4.25,47,-1,0.225,-1,-1
4.25,52,-1,0.225,-1,-1
4.25,54,-1,0.225,-1,-1
4.5,69,-1,0.225,-1,-1
4.5,47,-1,0.225,-1,-1
4.5,52,-1,0.225,-1,-1
4.5,54,-1,0.225,-1,-1
4.75,64,-1,0.225,-1,-1
4.75,47,-1,0.225,-1,-1
4.75,52,-1,0.225,-1,-1
4.75,54,-1,0.225,-1,-1
5,69,-1,0.225,-1,-1
5,47,-1,0.225,-1,-1
5,52,-1,0.225,-1,-1
5,54,-1,0.225,-1,-1
5.25,64,-1,0.225,-1,-1
5.25,47,-1,0.225,-1,-1
5.25,52,-1,0.225,-1,-1
5.25,54,-1,0.225,-1,-1
5.5,69,-1,0.225,-1,-1
5.5,47,-1,0.225,-1,-1
5.5,52,-1,0.225,-1,-1
5.5,54,-1,0.225,-1,-1
5.75,64,-1,0.225,-1,-1
5.75,47,-1,0.225,-1,-1
5.75,52,-1,0.225,-1,-1
5.75,54,-1,0.225,-1,-1
6,69,-1,0.225,-1,-1
6,47,-1,0.225,-1,-1
6,51,-1,0.225,-1,-1
6,54,-1,0.225,-1,-1
6.25,63,-1,0.225,-1,-1
6.25,47,-1,0.225,-1,-1
6.25,51,-1,0.225,-1,-1
6.25,54,-1,0.225,-1,-1
6.5,69,-1,0.225,-1,-1
6.5,47,-1,0.225,-1,-1
6.5,51,-1,0.225,-1,-1
6.5,54,-1,0.225,-1,-1
6.75,63,-1,0.225,-1,-1
6.75,47,-1,0.225,-1,-1
6.75,51,-1,0.225,-1,-1
6.75,54,-1,0.225,-1,-1
7,69,-1,0.225,-1,-1
7,47,-1,0.225,-1,-1
7,51,-1,0.225,-1,-1
7,54,-1,0.225,-1,-1
7.25,63,-1,0.225,-1,-1
7.25,47,-1,0.225,-1,-1
7.25,51,-1,0.225,-1,-1
7.25,54,-1,0.225,-1,-1
7.5,69,-1,0.225,-1,-1
7.5,47,-1,0.225,-1,-1
7.5,51,-1,0.225,-1,-1
7.5,54,-1,0.225,-1,-1
7.75,63,-1,0.225,-1,-1
7.75,47,-1,0.225,-1,-1
7.75,51,-1,0.225,-1,-1
7.75,54,-1,0.225,-1,-1
8,68,-1,0.225,-1,-1
8,49,-1,0.225,-1,-1
8,52,-1,0.225,-1,-1
8,56,-1,0.225,-1,-1
8.25,64,-1,0.225,-1,-1
8.25,49,-1,0.225,-1,-1
8.25,52,-1,0.225,-1,-1
8.25,56,-1,0.225,-1,-1
8.5,68,-1,0.225,-1,-1
8.5,49,-1,0.225,-1,-1
8.5,52,-1,0.225,-1,-1
8.5,56,-1,0.225,-1,-1
8.75,64,-1,0.225,-1,-1
8.75,49,-1,0.225,-1,-1
8.75,52,-1,0.225,-1,-1
8.75,56,-1,0.225,-1,-1
9,68,-1,0.225,-1,-1
9,49,-1,0.225,-1,-1
9,52,-1,0.225,-1,-1
9,56,-1,0.225,-1,-1
9.25,64,-1,0.225,-1,-1
9.25,49,-1,0.225,-1,-1
9.25,52,-1,0.225,-1,-1
9.25,56,-1,0.225,-1,-1
9.5,68,-1,0.225,-1,-1
9.5,49,-1,0.225,-1,-1
9.5,52,-1,0.225,-1,-1
9.5,56,-1,0.225,-1,-1
9.75,64,-1,0.225,-1,-1
9.75,49,-1,0.225,-1,-1
9.75,52,-1,0.225,-1,-1
9.75,56,-1,0.225,-1,-1
10,68,-1,0.225,-1,-1
10,45,-1,0.225,-1,-1
10,49,-1,0.225,-1,-1
10,52,-1,0.225,-1,-1
10,56,-1,0.225,-1,-1
10.25,64,-1,0.225,-1,-1
10.25,45,-1,0.225,-1,-1
10.25,49,-1,0.225,-1,-1
10.25,52,-1,0.225,-1,-1
10.25,56,-1,0.225,-1,-1
10.5,68,-1,0.225,-1,-1
10.5,45,-1,0.225,-1,-1
10.5,49,-1,0.225,-1,-1
10.5,52,-1,0.225,-1,-1
10.5,56,-1,0.225,-1,-1
10.75,64,-1,0.225,-1,-1
10.75,45,-1,0.225,-1,-1
10.75,49,-1,0.225,-1,-1
10.75,52,-1,0.225,-1,-1
10.75,56,-1,0.225,-1,-1
11,68,-1,0.225,-1,-1
11,45,-1,0.225,-1,-1
11,49,-1,0.225,-1,-1
11,52,-1,0.225,-1,-1
11,56,-1,0.225,-1,-1
11.25,64,-1,0.225,-1,-1
11.25,45,-1,0.225,-1,-1
11.25,49,-1,0.225,-1,-1
11.25,52,-1,0.225,-1,-1
11.25,56,-1,0.225,-1,-1
11.5,68,-1,0.225,-1,-1
11.5,45,-1,0.225,-1,-1
11.5,49,-1,0.225,-1,-1
11.5,52,-1,0.225,-1,-1
11.5,56,-1,0.225,-1,-1
11.75,64,-1,0.225,-1,-1
11.75,45,-1,0.225,-1,-1
11.75,49,-1,0.225,-1,-1
11.75,52,-1,0.225,-1,-1
11.75,56,-1,0.225,-1,-1
12,66,-1,0.225,-1,-1
12,47,-1,0.225,-1,-1
12,52,-1,0.225,-1,-1
12,54,-1,0.225,-1,-1
12.25,64,-1,0.225,-1,-1
12.25,47,-1,0.225,-1,-1
12.25,52,-1,0.225,-1,-1
12.25,54,-1,0.225,-1,-1
12.5,66,-1,0.225,-1,-1
12.5,47,-1,0.225,-1,-1
12.5,52,-1,0.225,-1,-1
12.5,54,-1,0.225,-1,-1
12.75,64,-1,0.225,-1,-1
12.75,47,-1,0.225,-1,-1
12.75,52,-1,0.225,-1,-1
12.75,54,-1,0.225,-1,-1
13,66,-1,0.225,-1,-1
13,47,-1,0.225,-1,-1
13,52,-1,0.225,-1,-1
13,54,-1,0.225,-1,-1
13.25,64,-1,0.225,-1,-1
13.25,47,-1,0.225,-1,-1
13.25,52,-1,0.225,-1,-1
13.25,54,-1,0.225,-1,-1
13.5,66,-1,0.225,-1,-1
13.5,47,-1,0.225,-1,-1
13.5,52,-1,0.225,-1,-1
13.5,54,-1,0.225,-1,-1
13.75,64,-1,0.225,-1,-1
13.75,47,-1,0.225,-1,-1
13.75,52,-1,0.225,-1,-1
13.75,54,-1,0.225,-1,-1
14,63,-1,0.45,-1,-1
14,47,-1,0.9,-1,-1
14,51,-1,0.9,-1,-1
14,54,-1,0.9,-1,-1
15.25,63,-1,0.7,-1,-1
15.25,54,-1,0.7,-1,-1
15.5,71,-1,0.225,-1,-1
15.75,71,-1,0.225,-1,-1
16,71,-1,0.225,-1,-1
16,64,-1,0.9,-1,-1
16,68,-1,0.9,-1,-1
16,40,-1,0.45,-1,-1
16.25,71,-1,0.225,-1,-1
16.5,71,-1,0.45,-1,-1
16.5,52,-1,0.225,-1,-1
16.75,47,-1,0.225,-1,-1
17,71,-1,0.225,-1,-1
17,64,-1,0.9,-1,-1
17,71,-1,0.9,-1,-1
17,40,-1,0.45,-1,-1
17.25,69,-1,0.225,-1,-1
17.5,69,-1,0.45,-1,-1
17.5,52,-1,0.225,-1,-1
17.75,47,-1,0.225,-1,-1
18,69,-1,0.225,-1,-1
18,64,-1,0.9,-1,-1
18,69,-1,0.9,-1,-1
18,40,-1,0.45,-1,-1
18.25,68,-1,0.225,-1,-1
18.5,68,-1,0.225,-1,-1
18.5,52,-1,0.225,-1,-1
18.75,68,-1,0.225,-1,-1
18.75,47,-1,0.225,-1,-1
19,64,-1,0.9,-1,-1
19,68,-1,0.9,-1,-1
19,40,-1,0.45,-1,-1
19.25,71,-1,0.225,-1,-1
19.5,71,-1,0.225,-1,-1
19.5,52,-1,0.225,-1,-1
19.75,71,-1,0.225,-1,-1
19.75,47,-1,0.225,-1,-1
20,71,-1,0.225,-1,-1
20,63,-1,0.9,-1,-1
20,66,-1,0.9,-1,-1
20,47,-1,0.45,-1,-1
20.25,71,-1,0.225,-1,-1
20.5,71,-1,0.45,-1,-1
20.5,59,-1,0.225,-1,-1
20.75,54,-1,0.225,-1,-1
21,71,-1,0.225,-1,-1
21,64,-1,0.9,-1,-1
21,69,-1,0.9,-1,-1
21,47,-1,0.45,-1,-1
21.25,69,-1,0.225,-1,-1
21.5,69,-1,0.45,-1,-1
21.5,59,-1,0.225,-1,-1
21.75,54,-1,0.225,-1,-1
22,69,-1,0.225,-1,-1
22,64,-1,0.9,-1,-1
22,68,-1,0.9,-1,-1
22,47,-1,0.45,-1,-1
22.25,68,-1,0.225,-1,-1
22.5,68,-1,0.225,-1,-1
22.5,59,-1,0.225,-1,-1
22.75,68,-1,0.225,-1,-1
22.75,54,-1,0.225,-1,-1
23,63,-1,0.9,-1,-1
23,66,-1,0.9,-1,-1
23,47,-1,0.45,-1,-1
23.25,66,-1,0.225,-1,-1
23.5,66,-1,0.225,-1,-1
23.5,59,-1,0.225,-1,-1
23.75,68,-1,0.225,-1,-1
23.75,54,-1,0.225,-1,-1
24,68,-1,0.45,-1,-1
24,64,-1,0.9,-1,-1
24,68,-1,0.9,-1,-1
24,49,-1,0.45,-1,-1
24.5,71,-1,0.225,-1,-1
24.5,61,-1,0.225,-1,-1
24.75,71,-1,0.475,-1,-1
24.75,56,-1,0.225,-1,-1
25,64,-1,0.9,-1,-1
25,71,-1,0.9,-1,-1
25,49,-1,0.45,-1,-1
25.25,64,-1,0.7,-1,-1
25.5,61,-1,0.225,-1,-1
25.75,56,-1,0.225,-1,-1
26,68,-1,0.45,-1,-1
26,64,-1,0.9,-1,-1
26,69,-1,0.9,-1,-1
26,45,-1,0.45,-1,-1
26.5,71,-1,0.225,-1,-1
26.5,56,-1,0.225,-1,-1
26.75,71,-1,0.475,-1,-1
26.75,52,-1,0.225,-1,-1
27,64,-1,0.9,-1,-1
27,68,-1,0.9,-1,-1
27,45,-1,0.45,-1,-1
27.25,64,-1,0.7,-1,-1
27.5,56,-1,0.225,-1,-1
27.75,52,-1,0.225,-1,-1
28,68,-1,0.225,-1,-1
28,63,-1,0.9,-1,-1
28,66,-1,0.9,-1,-1
28,47,-1,0.45,-1,-1
28.25,66,-1,0.225,-1,-1
28.5,68,-1,0.225,-1,-1
28.5,59,-1,0.225,-1,-1
28.75,66,-1,0.225,-1,-1
28.75,54,-1,0.225,-1,-1
29,68,-1,0.225,-1,-1
29,64,-1,0.9,-1,-1
29,69,-1,0.9,-1,-1
29,47,-1,0.45,-1,-1
29.25,66,-1,0.225,-1,-1
29.5,68,-1,0.225,-1,-1
29.5,59,-1,0.225,-1,-1
29.75,66,-1,0.225,-1,-1
29.75,54,-1,0.225,-1,-1
30,68,-1,0.225,-1,-1
30,64,-1,0.9,-1,-1
30,68,-1,0.9,-1,-1
30,47,-1,0.45,-1,-1
30.25,66,-1,0.225,-1,-1
30.5,68,-1,0.225,-1,-1
30.5,59,-1,0.225,-1,-1
30.75,66,-1,0.225,-1,-1
30.75,54,-1,0.225,-1,-1
31,68,-1,0.225,-1,-1
31,63,-1,0.9,-1,-1
31,66,-1,0.9,-1,-1
31,47,-1,0.45,-1,-1
31.25,66,-1,0.225,-1,-1
31.5,64,-1,0.45,-1,-1
31.5,59,-1,0.225,-1,-1
31.75,54,-1,0.225,-1,-1
32,71,-1,0.225,-1,-1
32,64,-1,0.9,-1,-1
32,68,-1,0.9,-1,-1
32,40,-1,0.45,-1,-1
32.25,71,-1,0.225,-1,-1
32.5,71,-1,0.45,-1,-1
32.5,52,-1,0.225,-1,-1
32.75,47,-1,0.225,-1,-1
33,71,-1,0.225,-1,-1
33,64,-1,0.9,-1,-1
33,71,-1,0.9,-1,-1
33,40,-1,0.45,-1,-1
33.25,69,-1,0.225,-1,-1
33.5,69,-1,0.45,-1,-1
33.5,52,-1,0.225,-1,-1
33.75,47,-1,0.225,-1,-1
34,69,-1,0.225,-1,-1
34,64,-1,0.9,-1,-1
34,69,-1,0.9,-1,-1
34,40,-1,0.45,-1,-1
34.25,68,-1,0.225,-1,-1
34.5,68,-1,0.225,-1,-1
34.5,52,-1,0.225,-1,-1
34.75,68,-1,0.225,-1,-1
34.75,47,-1,0.225,-1,-1
35,64,-1,0.9,-1,-1
35,68,-1,0.9,-1,-1
35,40,-1,0.45,-1,-1
35.25,71,-1,0.225,-1,-1
35.5,71,-1,0.225,-1,-1
35.5,52,-1,0.225,-1,-1
35.75,71,-1,0.225,-1,-1
35.75,47,-1,0.225,-1,-1
36,71,-1,0.225,-1,-1
36,63,-1,0.9,-1,-1
36,66,-1,0.9,-1,-1
36,47,-1,0.45,-1,-1
36.25,71,-1,0.225,-1,-1
36.5,71,-1,0.45,-1,-1
36.5,59,-1,0.225,-1,-1
36.75,54,-1,0.225,-1,-1
37,71,-1,0.225,-1,-1
37,64,-1,0.9,-1,-1
37,69,-1,0.9,-1,-1
37,47,-1,0.45,-1,-1
37.25,69,-1,0.225,-1,-1
37.5,69,-1,0.45,-1,-1
37.5,59,-1,0.225,-1,-1
37.75,54,-1,0.225,-1,-1
38,69,-1,0.225,-1,-1
38,64,-1,0.9,-1,-1
38,68,-1,0.9,-1,-1
38,47,-1,0.45,-1,-1
38.25,68,-1,0.225,-1,-1
38.5,68,-1,0.225,-1,-1
38.5,59,-1,0.225,-1,-1
38.75,68,-1,0.225,-1,-1
38.75,54,-1,0.225,-1,-1
39,63,-1,0.9,-1,-1
39,66,-1,0.9,-1,-1
39,47,-1,0.45,-1,-1
39.25,66,-1,0.225,-1,-1
39.5,66,-1,0.225,-1,-1
39.5,59,-1,0.225,-1,-1
39.75,68,-1,0.225,-1,-1
39.75,54,-1,0.225,-1,-1
40,68,-1,0.45,-1,-1
40,64,-1,0.9,-1,-1
40,68,-1,0.9,-1,-1
40,49,-1,0.45,-1,-1
40.5,71,-1,0.225,-1,-1
40.5,61,-1,0.225,-1,-1
40.75,71,-1,0.475,-1,-1
40.75,56,-1,0.225,-1,-1
41,64,-1,0.9,-1,-1
41,71,-1,0.9,-1,-1
41,49,-1,0.45,-1,-1
41.25,64,-1,0.7,-1,-1
41.5,61,-1,0.225,-1,-1
41.75,56,-1,0.225,-1,-1
42,68,-1,0.45,-1,-1
42,64,-1,0.9,-1,-1
42,69,-1,0.9,-1,-1
42,45,-1,0.45,-1,-1
42.5,71,-1,0.225,-1,-1
42.5,56,-1,0.225,-1,-1
42.75,71,-1,0.475,-1,-1
42.75,52,-1,0.225,-1,-1
43,64,-1,0.9,-1,-1
43,68,-1,0.9,-1,-1
43,45,-1,0.45,-1,-1
43.25,64,-1,0.7,-1,-1
43.5,56,-1,0.225,-1,-1
43.75,52,-1,0.225,-1,-1
44,68,-1,0.225,-1,-1
44,63,-1,0.9,-1,-1
44,66,-1,0.9,-1,-1
44,47,-1,0.45,-1,-1
44.25,66,-1,0.225,-1,-1
44.5,68,-1,0.225,-1,-1
44.5,59,-1,0.225,-1,-1
44.75,66,-1,0.225,-1,-1
44.75,54,-1,0.225,-1,-1
45,68,-1,0.225,-1,-1
45,64,-1,0.9,-1,-1
45,69,-1,0.9,-1,-1
45,47,-1,0.45,-1,-1
45.25,66,-1,0.225,-1,-1
45.5,68,-1,0.225,-1,-1
45.5,59,-1,0.225,-1,-1
45.75,66,-1,0.225,-1,-1
45.75,54,-1,0.225,-1,-1
46,68,-1,0.225,-1,-1
46,64,-1,0.9,-1,-1
46,68,-1,0.9,-1,-1
46,47,-1,0.45,-1,-1
46.25,66,-1,0.225,-1,-1
46.5,68,-1,0.225,-1,-1
46.5,59,-1,0.225,-1,-1
46.75,66,-1,0.225,-1,-1
46.75,54,-1,0.225,-1,-1
47,68,-1,0.225,-1,-1
47,63,-1,0.9,-1,-1
47,66,-1,0.9,-1,-1
47,47,-1,0.45,-1,-1
47.25,66,-1,0.225,-1,-1
47.5,64,-1,0.45,-1,-1
47.5,59,-1,0.225,-1,-1
47.75,54,-1,0.225,-1,-1
48,73,-1,0.675,-1,-1
48,64,-1,0.675,-1,-1
48,68,-1,0.675,-1,-1
48,73,-1,0.675,-1,-1
48,49,-1,0.675,-1,-1
48,61,-1,0.675,-1,-1
48.75,75,-1,0.475,-1,-1
48.75,64,-1,0.475,-1,-1
48.75,68,-1,0.475,-1,-1
48.75,73,-1,0.475,-1,-1
48.75,49,-1,0.475,-1,-1
48.75,61,-1,0.475,-1,-1
49.25,76,-1,0.7,-1,-1
49.25,64,-1,0.45,-1,-1
49.25,68,-1,0.45,-1,-1
49.25,73,-1,0.45,-1,-1
49.25,49,-1,0.45,-1,-1
49.25,61,-1,0.45,-1,-1
49.75,64,-1,0.225,-1,-1
49.75,68,-1,0.225,-1,-1
49.75,73,-1,0.225,-1,-1
49.75,49,-1,0.225,-1,-1
49.75,61,-1,0.225,-1,-1
50,75,-1,0.675,-1,-1
50,63,-1,0.675,-1,-1
50,68,-1,0.675,-1,-1
50,71,-1,0.675,-1,-1
50,47,-1,0.675,-1,-1
50,59,-1,0.675,-1,-1
50.75,71,-1,0.7,-1,-1
50.75,63,-1,0.475,-1,-1
50.75,68,-1,0.475,-1,-1
50.75,71,-1,0.475,-1,-1
50.75,47,-1,0.475,-1,-1
50.75,59,-1,0.475,-1,-1
51.25,63,-1,0.45,-1,-1
51.25,68,-1,0.45,-1,-1
51.25,71,-1,0.45,-1,-1
51.25,47,-1,0.45,-1,-1
51.25,59,-1,0.45,-1,-1
51.5,68,-1,0.45,-1,-1
51.75,63,-1,0.225,-1,-1
51.75,68,-1,0.225,-1,-1
51.75,71,-1,0.225,-1,-1
51.75,47,-1,0.225,-1,-1
51.75,59,-1,0.225,-1,-1
52,66,-1,0.45,-1,-1
52,64,-1,0.675,-1,-1
52,68,-1,0.675,-1,-1
52,69,-1,0.675,-1,-1
52,73,-1,0.675,-1,-1
52,45,-1,0.675,-1,-1
52,57,-1,0.675,-1,-1
52.5,68,-1,0.225,-1,-1
52.75,64,-1,1.15,-1,-1
52.75,64,-1,0.475,-1,-1
52.75,68,-1,0.475,-1,-1
52.75,69,-1,0.475,-1,-1
52.75,73,-1,0.475,-1,-1
52.75,45,-1,0.475,-1,-1
52.75,57,-1,0.475,-1,-1
53.25,64,-1,0.45,-1,-1
53.25,68,-1,0.45,-1,-1
53.25,69,-1,0.45,-1,-1
53.25,73,-1,0.45,-1,-1
53.25,45,-1,0.45,-1,-1
53.25,57,-1,0.45,-1,-1
53.75,64,-1,0.225,-1,-1
53.75,68,-1,0.225,-1,-1
53.75,69,-1,0.225,-1,-1
53.75,73,-1,0.225,-1,-1
53.75,45,-1,0.225,-1,-1
53.75,57,-1,0.225,-1,-1
54,64,-1,0.675,-1,-1
54,68,-1,0.675,-1,-1
54,71,-1,0.675,-1,-1
54,44,-1,0.675,-1,-1
54,56,-1,0.675,-1,-1
54.75,59,-1,0.225,-1,-1
54.75,64,-1,0.475,-1,-1
54.75,68,-1,0.475,-1,-1
54.75,71,-1,0.475,-1,-1
54.75,44,-1,0.475,-1,-1
54.75,56,-1,0.475,-1,-1
55,71,-1,0.333333,-1,-1
55.25,64,-1,0.45,-1,-1
55.25,68,-1,0.45,-1,-1
55.25,71,-1,0.45,-1,-1
55.25,44,-1,0.45,-1,-1
55.25,56,-1,0.45,-1,-1
55.333333,69,-1,0.333333,-1,-1
55.666667,68,-1,0.333333,-1,-1
55.75,64,-1,0.225,-1,-1
55.75,68,-1,0.225,-1,-1
55.75,71,-1,0.225,-1,-1
55.75,44,-1,0.225,-1,-1
55.75,56,-1,0.225,-1,-1
56,66,-1,0.45,-1,-1
56,42,-1,0.675,-1,-1
56,54,-1,0.675,-1,-1
56.5,68,-1,0.225,-1,-1
56.5,64,-1,0.45,-1,-1
56.5,66,-1,0.45,-1,-1
56.5,73,-1,0.45,-1,-1
56.75,64,-1,1.15,-1,-1
56.75,49,-1,0.225,-1,-1
57,42,-1,0.675,-1,-1
57,54,-1,0.675,-1,-1
57.5,64,-1,0.45,-1,-1
57.5,66,-1,0.45,-1,-1
57.5,73,-1,0.45,-1,-1
57.75,49,-1,0.225,-1,-1
58,42,-1,0.675,-1,-1
58,54,-1,0.675,-1,-1
58.5,64,-1,0.45,-1,-1
58.5,66,-1,0.45,-1,-1
58.5,73,-1,0.45,-1,-1
58.75,71,-1,0.225,-1,-1
58.75,49,-1,0.225,-1,-1
59,71,-1,0.225,-1,-1
59,42,-1,0.675,-1,-1
59,54,-1,0.675,-1,-1
59.25,69,-1,0.225,-1,-1
59.5,68,-1,0.225,-1,-1
59.5,64,-1,0.45,-1,-1
59.5,66,-1,0.45,-1,-1
59.5,73,-1,0.45,-1,-1
59.75,68,-1,0.475,-1,-1
59.75,49,-1,0.225,-1,-1
60,47,-1,0.675,-1,-1
60,59,-1,0.675,-1,-1
60.25,66,-1,0.7,-1,-1
60.5,64,-1,0.45,-1,-1
60.5,66,-1,0.45,-1,-1
60.5,71,-1,0.45,-1,-1
60.75,54,-1,0.225,-1,-1
61,47,-1,0.675,-1,-1
61,59,-1,0.675,-1,-1
61.25,73,-1,0.45,-1,-1
61.5,64,-1,0.45,-1,-1
61.5,66,-1,0.45,-1,-1
61.5,71,-1,0.45,-1,-1
61.75,71,-1,0.225,-1,-1
61.75,54,-1,0.225,-1,-1
62,63,-1,0.225,-1,-1
62,66,-1,0.225,-1,-1
62,71,-1,0.225,-1,-1
62,47,-1,0.225,-1,-1
62,57,-1,0.225,-1,-1
63,71,-1,0.225,-1,-1
63.25,73,-1,0.225,-1,-1
63.5,75,-1,0.45,-1,-1
64,76,-1,0.45,-1,-1
64,49,-1,0.675,-1,-1
64,61,-1,0.675,-1,-1
64.5,76,-1,0.45,-1,-1
64.5,68,-1,0.45,-1,-1
64.5,73,-1,0.45,-1,-1
64.5,76,-1,0.45,-1,-1
64.75,56,-1,0.225,-1,-1
65,75,-1,0.225,-1,-1
65,49,-1,0.675,-1,-1
65,61,-1,0.675,-1,-1
65.25,76,-1,0.45,-1,-1
65.5,68,-1,0.45,-1,-1
65.5,73,-1,0.45,-1,-1
65.5,76,-1,0.45,-1,-1
65.75,76,-1,0.7,-1,-1
65.75,56,-1,0.225,-1,-1
66,45,-1,0.675,-1,-1
66,57,-1,0.675,-1,-1
66.5,76,-1,0.45,-1,-1
66.5,64,-1,0.45,-1,-1
66.5,69,-1,0.45,-1,-1
66.5,73,-1,0.45,-1,-1
66.75,52,-1,0.225,-1,-1
67,75,-1,0.225,-1,-1
67,45,-1,0.675,-1,-1
67,57,-1,0.675,-1,-1
67.25,76,-1,0.7,-1,-1
67.5,64,-1,0.45,-1,-1
67.5,69,-1,0.45,-1,-1
67.5,73,-1,0.45,-1,-1
67.75,52,-1,0.225,-1,-1
68,78,-1,0.45,-1,-1
68,47,-1,0.675,-1,-1
68,59,-1,0.675,-1,-1
68.5,78,-1,0.225,-1,-1
68.5,66,-1,0.45,-1,-1
68.5,71,-1,0.45,-1,-1
68.5,75,-1,0.45,-1,-1
68.75,78,-1,0.475,-1,-1
68.75,54,-1,0.225,-1,-1
69,47,-1,0.675,-1,-1
69,59,-1,0.675,-1,-1
69.25,80,-1,0.45,-1,-1
69.5,66,-1,0.45,-1,-1
69.5,71,-1,0.45,-1,-1
69.5,75,-1,0.45,-1,-1
69.75,80,-1,1.15,-1,-1
69.75,54,-1,0.225,-1,-1
70,40,-1,0.675,-1,-1
70,52,-1,0.675,-1,-1
70.5,64,-1,0.45,-1,-1
70.5,68,-1,0.45,-1,-1
70.5,71,-1,0.45,-1,-1
70.75,47,-1,0.225,-1,-1
71,71,-1,0.225,-1,-1
71,39,-1,0.675,-1,-1
71,51,-1,0.675,-1,-1
71.25,73,-1,0.225,-1,-1
71.5,75,-1,0.45,-1,-1
71.5,66,-1,0.45,-1,-1
71.5,71,-1,0.45,-1,-1
71.5,75,-1,0.45,-1,-1
71.75,47,-1,0.225,-1,-1
72,76,-1,0.45,-1,-1
72,49,-1,0.675,-1,-1
72,61,-1,0.675,-1,-1
72.5,76,-1,0.45,-1,-1
72.5,68,-1,0.45,-1,-1
72.5,73,-1,0.45,-1,-1
72.5,76,-1,0.45,-1,-1
72.75,56,-1,0.225,-1,-1
73,75,-1,0.225,-1,-1
73,49,-1,0.675,-1,-1
73,61,-1,0.675,-1,-1
73.25,76,-1,0.45,-1,-1
73.5,68,-1,0.45,-1,-1
73.5,73,-1,0.45,-1,-1
73.5,76,-1,0.45,-1,-1
73.75,76,-1,0.7,-1,-1
73.75,56,-1,0.225,-1,-1
74,45,-1,0.675,-1,-1
74,57,-1,0.675,-1,-1
74.5,76,-1,0.45,-1,-1
74.5,64,-1,0.45,-1,-1
74.5,69,-1,0.45,-1,-1
74.5,73,-1,0.45,-1,-1
74.75,52,-1,0.225,-1,-1
75,75,-1,0.225,-1,-1
75,45,-1,0.675,-1,-1
75,57,-1,0.675,-1,-1
75.25,76,-1,0.7,-1,-1
75.5,64,-1,0.45,-1,-1
75.5,69,-1,0.45,-1,-1
75.5,73,-1,0.45,-1,-1
75.75,52,-1,0.225,-1,-1
76,75,-1,0.45,-1,-1
76,47,-1,0.675,-1,-1
76,59,-1,0.675,-1,-1
76.5,75,-1,0.225,-1,-1
76.5,66,-1,0.45,-1,-1
76.5,71,-1,0.45,-1,-1
76.5,75,-1,0.45,-1,-1
76.75,75,-1,0.475,-1,-1
76.75,54,-1,0.225,-1,-1
77,47,-1,0.675,-1,-1
77,59,-1,0.675,-1,-1
77.25,71,-1,0.45,-1,-1
77.5,66,-1,0.45,-1,-1
77.5,71,-1,0.45,-1,-1
77.5,75,-1,0.45,-1,-1
77.75,76,-1,1.15,-1,-1
77.75,54,-1,0.225,-1,-1
78,40,-1,0.675,-1,-1
78,52,-1,0.675,-1,-1
78.5,64,-1,0.45,-1,-1
78.5,68,-1,0.45,-1,-1
78.5,71,-1,0.45,-1,-1
78.75,47,-1,0.225,-1,-1
79,71,-1,0.225,-1,-1
79,39,-1,0.675,-1,-1
79,51,-1,0.675,-1,-1
79.25,73,-1,0.225,-1,-1
79.5,75,-1,0.45,-1,-1
79.5,66,-1,0.45,-1,-1
79.5,71,-1,0.45,-1,-1
79.5,75,-1,0.45,-1,-1
79.75,47,-1,0.225,-1,-1
80,76,-1,0.45,-1,-1
80,49,-1,0.675,-1,-1
80,61,-1,0.675,-1,-1
80.5,76,-1,0.45,-1,-1
80.5,68,-1,0.45,-1,-1
80.5,73,-1,0.45,-1,-1
80.5,76,-1,0.45,-1,-1
80.75,56,-1,0.225,-1,-1
81,75,-1,0.225,-1,-1
81,49,-1,0.675,-1,-1
81,61,-1,0.675,-1,-1
81.25,76,-1,0.45,-1,-1
81.5,68,-1,0.45,-1,-1
81.5,73,-1,0.45,-1,-1
81.5,76,-1,0.45,-1,-1
81.75,76,-1,0.7,-1,-1
81.75,56,-1,0.225,-1,-1
82,45,-1,0.675,-1,-1
82,57,-1,0.675,-1,-1
82.5,76,-1,0.45,-1,-1
82.5,64,-1,0.45,-1,-1
82.5,69,-1,0.45,-1,-1
82.5,73,-1,0.45,-1,-1
82.75,52,-1,0.225,-1,-1
83,75,-1,0.225,-1,-1
83,45,-1,0.675,-1,-1
83,57,-1,0.675,-1,-1
83.25,76,-1,0.7,-1,-1
83.5,64,-1,0.45,-1,-1
83.5,69,-1,0.45,-1,-1
83.5,73,-1,0.45,-1,-1
83.75,52,-1,0.225,-1,-1
84,78,-1,0.45,-1,-1
84,47,-1,0.675,-1,-1
84,59,-1,0.675,-1,-1
84.5,78,-1,0.225,-1,-1
84.5,66,-1,0.45,-1,-1
84.5,71,-1,0.45,-1,-1
84.5,75,-1,0.45,-1,-1
84.75,80,-1,0.475,-1,-1
84.75,54,-1,0.225,-1,-1
85,47,-1,0.675,-1,-1
85,59,-1,0.675,-1,-1
85.25,81,-1,0.45,-1,-1
85.5,66,-1,0.45,-1,-1
85.5,71,-1,0.45,-1,-1
85.5,75,-1,0.45,-1,-1
85.75,80,-1,0.925,-1,-1
85.75,54,-1,0.225,-1,-1
86,40,-1,0.675,-1,-1
86,52,-1,0.675,-1,-1
86.5,64,-1,0.45,-1,-1
86.5,68,-1,0.45,-1,-1
86.5,71,-1,0.45,-1,-1
86.75,80,-1,0.475,-1,-1
86.75,47,-1,0.225,-1,-1
87,39,-1,0.675,-1,-1
87,51,-1,0.675,-1,-1
87.25,78,-1,0.225,-1,-1
87.5,78,-1,0.225,-1,-1
87.5,66,-1,0.45,-1,-1
87.5,71,-1,0.45,-1,-1
87.5,75,-1,0.45,-1,-1
87.75,80,-1,0.225,-1,-1
87.75,47,-1,0.225,-1,-1
88,76,-1,0.675,-1,-1
88,49,-1,0.675,-1,-1
88,61,-1,0.675,-1,-1
88.5,68,-1,0.45,-1,-1
88.5,73,-1,0.45,-1,-1
88.5,76,-1,0.45,-1,-1
88.75,80,-1,0.475,-1,-1
88.75,56,-1,0.225,-1,-1
89,49,-1,0.675,-1,-1
89,61,-1,0.675,-1,-1
89.25,78,-1,0.225,-1,-1
89.5,78,-1,0.225,-1,-1
89.5,68,-1,0.45,-1,-1
89.5,73,-1,0.45,-1,-1
89.5,76,-1,0.45,-1,-1
89.75,80,-1,0.225,-1,-1
89.75,56,-1,0.225,-1,-1
90,76,-1,0.675,-1,-1
90,45,-1,0.675,-1,-1
90,57,-1,0.675,-1,-1
90.5,64,-1,0.45,-1,-1
90.5,69,-1,0.45,-1,-1
90.5,73,-1,0.45,-1,-1
90.75,80,-1,0.475,-1,-1
90.75,52,-1,0.225,-1,-1
91,45,-1,0.675,-1,-1
91,57,-1,0.675,-1,-1
91.25,78,-1,0.225,-1,-1
91.5,78,-1,0.225,-1,-1
91.5,64,-1,0.45,-1,-1
91.5,69,-1,0.45,-1,-1
91.5,73,-1,0.45,-1,-1
91.75,76,-1,0.225,-1,-1
91.75,52,-1,0.225,-1,-1
92,78,-1,0.45,-1,-1
92,47,-1,0.675,-1,-1
92,59,-1,0.675,-1,-1
92.5,76,-1,0.225,-1,-1
92.5,66,-1,0.45,-1,-1
92.5,71,-1,0.45,-1,-1
92.5,75,-1,0.45,-1,-1
92.75,78,-1,0.475,-1,-1
92.75,54,-1,0.225,-1,-1
93,47,-1,0.675,-1,-1
93,59,-1,0.675,-1,-1
93.25,80,-1,0.45,-1,-1
93.5,66,-1,0.45,-1,-1
93.5,71,-1,0.45,-1,-1
93.5,75,-1,0.45,-1,-1
93.75,76,-1,1.6,-1,-1
93.75,54,-1,0.225,-1,-1
94,40,-1,0.675,-1,-1
94,52,-1,0.675,-1,-1
94.5,64,-1,0.45,-1,-1
94.5,68,-1,0.45,-1,-1
94.5,71,-1,0.45,-1,-1
94.75,47,-1,0.225,-1,-1
95,39,-1,0.675,-1,-1
95,51,-1,0.675,-1,-1
95.5,66,-1,0.45,-1,-1
95.5,71,-1,0.45,-1,-1
95.5,75,-1,0.45,-1,-1
95.75,47,-1,0.225,-1,-1
96,68,-1,0.225,-1,-1
96,49,-1,0.225,-1,-1
96.25,69,-1,0.225,-1,-1
96.25,49,-1,0.225,-1,-1
96.5,71,-1,0.225,-1,-1
96.5,49,-1,0.225,-1,-1
96.75,76,-1,0.475,-1,-1
96.75,49,-1,0.225,-1,-1
97,49,-1,0.225,-1,-1
97.25,76,-1,0.7,-1,-1
97.25,49,-1,0.225,-1,-1
97.5,49,-1,0.225,-1,-1
97.75,49,-1,0.225,-1,-1
98,68,-1,0.225,-1,-1
98,45,-1,0.225,-1,-1
98.25,69,-1,0.225,-1,-1
98.25,45,-1,0.225,-1,-1
98.5,71,-1,0.225,-1,-1
98.5,45,-1,0.225,-1,-1
98.75,76,-1,0.475,-1,-1
98.75,45,-1,0.225,-1,-1
99,45,-1,0.225,-1,-1
99.25,76,-1,0.7,-1,-1
99.25,45,-1,0.225,-1,-1
99.5,45,-1,0.225,-1,-1
99.75,45,-1,0.225,-1,-1
100,71,-1,0.225,-1,-1
100,47,-1,0.225,-1,-1
100.25,71,-1,0.225,-1,-1
100.25,47,-1,0.225,-1,-1
100.5,73,-1,0.225,-1,-1
100.5,47,-1,0.225,-1,-1
100.75,75,-1,0.475,-1,-1
100.75,47,-1,0.225,-1,-1
101,47,-1,0.225,-1,-1
101.25,71,-1,0.45,-1,-1
101.25,47,-1,0.225,-1,-1
101.5,47,-1,0.225,-1,-1
101.75,76,-1,0.475,-1,-1
101.75,47,-1,0.225,-1,-1
102,40,-1,0.225,-1,-1
102.25,71,-1,0.45,-1,-1
102.25,40,-1,0.225,-1,-1
102.5,40,-1,0.225,-1,-1
102.75,69,-1,0.475,-1,-1
102.75,40,-1,0.225,-1,-1
103,47,-1,0.225,-1,-1
103.25,71,-1,0.7,-1,-1
103.25,47,-1,0.225,-1,-1
103.5,47,-1,0.225,-1,-1
103.75,47,-1,0.225,-1,-1
104,68,-1,0.225,-1,-1
104,49,-1,0.225,-1,-1
104.25,69,-1,0.225,-1,-1
104.25,49,-1,0.225,-1,-1
104.5,71,-1,0.225,-1,-1
104.5,49,-1,0.225,-1,-1
104.75,76,-1,0.475,-1,-1
104.75,49,-1,0.225,-1,-1
105,49,-1,0.225,-1,-1
105.25,76,-1,0.7,-1,-1
105.25,49,-1,0.225,-1,-1
105.5,49,-1,0.225,-1,-1
105.75,49,-1,0.225,-1,-1
106,68,-1,0.225,-1,-1
106,45,-1,0.225,-1,-1
106.25,69,-1,0.225,-1,-1
106.25,45,-1,0.225,-1,-1
106.5,71,-1,0.225,-1,-1
106.5,45,-1,0.225,-1,-1
106.75,76,-1,0.475,-1,-1
106.75,45,-1,0.225,-1,-1
107,45,-1,0.225,-1,-1
107.25,76,-1,0.7,-1,-1
107.25,45,-1,0.225,-1,-1
107.5,45,-1,0.225,-1,-1
107.75,45,-1,0.225,-1,-1
108,68,-1,0.225,-1,-1
108,47,-1,0.225,-1,-1
108.25,69,-1,0.225,-1,-1
108.25,47,-1,0.225,-1,-1
108.5,71,-1,0.225,-1,-1
108.5,47,-1,0.225,-1,-1
108.75,69,-1,0.225,-1,-1
108.75,47,-1,0.225,-1,-1
109,71,-1,0.225,-1,-1
109,47,-1,0.225,-1,-1
109.25,69,-1,0.225,-1,-1
109.25,47,-1,0.225,-1,-1
109.5,68,-1,0.45,-1,-1
109.5,47,-1,0.225,-1,-1
109.75,47,-1,0.225,-1,-1
110,54,-1,0.225,-1,-1
110.25,56,-1,0.225,-1,-1
110.5,57,-1,0.225,-1,-1
110.75,56,-1,0.225,-1,-1
111,57,-1,0.225,-1,-1
111.25,71,-1,0.225,-1,-1
111.25,56,-1,0.225,-1,-1
111.5,71,-1,0.225,-1,-1
111.5,54,-1,0.45,-1,-1
111.75,71,-1,0.225,-1,-1
112,71,-1,0.225,-1,-1
112,64,-1,0.9,-1,-1
112,68,-1,0.9,-1,-1
112,40,-1,0.45,-1,-1
112.25,71,-1,0.225,-1,-1
112.5,71,-1,0.45,-1,-1
112.5,52,-1,0.225,-1,-1
112.75,47,-1,0.225,-1,-1
113,71,-1,0.225,-1,-1
113,64,-1,0.9,-1,-1
113,71,-1,0.9,-1,-1
113,40,-1,0.45,-1,-1
113.25,69,-1,0.225,-1,-1
113.5,69,-1,0.45,-1,-1
113.5,52,-1,0.225,-1,-1
113.75,47,-1,0.225,-1,-1
114,69,-1,0.225,-1,-1
114,64,-1,0.9,-1,-1
114,69,-1,0.9,-1,-1
114,40,-1,0.45,-1,-1
114.25,68,-1,0.225,-1,-1
114.5,68,-1,0.225,-1,-1
114.5,52,-1,0.225,-1,-1
114.75,68,-1,0.225,-1,-1
114.75,47,-1,0.225,-1,-1
115,64,-1,0.9,-1,-1
115,68,-1,0.9,-1,-1
115,40,-1,0.45,-1,-1
115.25,71,-1,0.225,-1,-1
115.5,71,-1,0.225,-1,-1
115.5,52,-1,0.225,-1,-1
115.75,71,-1,0.225,-1,-1
115.75,47,-1,0.225,-1,-1
116,71,-1,0.225,-1,-1
116,63,-1,0.9,-1,-1
116,66,-1,0.9,-1,-1
116,47,-1,0.45,-1,-1
116.25,71,-1,0.225,-1,-1
116.5,71,-1,0.45,-1,-1
116.5,59,-1,0.225,-1,-1
116.75,54,-1,0.225,-1,-1
117,71,-1,0.225,-1,-1
117,64,-1,0.9,-1,-1
117,69,-1,0.9,-1,-1
117,47,-1,0.45,-1,-1
117.25,69,-1,0.225,-1,-1
117.5,69,-1,0.45,-1,-1
117.5,59,-1,0.225,-1,-1
117.75,54,-1,0.225,-1,-1
118,69,-1,0.225,-1,-1
118,64,-1,0.9,-1,-1
118,68,-1,0.9,-1,-1
118,47,-1,0.45,-1,-1
118.25,68,-1,0.225,-1,-1
118.5,68,-1,0.225,-1,-1
118.5,59,-1,0.225,-1,-1
118.75,68,-1,0.225,-1,-1
118.75,54,-1,0.225,-1,-1
119,63,-1,0.9,-1,-1
119,66,-1,0.9,-1,-1
119,47,-1,0.45,-1,-1
119.25,66,-1,0.225,-1,-1
119.5,66,-1,0.225,-1,-1
119.5,59,-1,0.225,-1,-1
119.75,68,-1,0.225,-1,-1
119.75,54,-1,0.225,-1,-1
120,68,-1,0.45,-1,-1
120,64,-1,0.9,-1,-1
120,68,-1,0.9,-1,-1
120,49,-1,0.45,-1,-1
120.5,71,-1,0.225,-1,-1
120.5,61,-1,0.225,-1,-1
120.75,71,-1,0.475,-1,-1
120.75,56,-1,0.225,-1,-1
121,64,-1,0.9,-1,-1
121,71,-1,0.9,-1,-1
121,49,-1,0.45,-1,-1
121.25,64,-1,0.7,-1,-1
121.5,61,-1,0.225,-1,-1
121.75,56,-1,0.225,-1,-1
122,68,-1,0.45,-1,-1
122,64,-1,0.9,-1,-1
122,69,-1,0.9,-1,-1
122,45,-1,0.45,-1,-1
122.5,71,-1,0.225,-1,-1
122.5,57,-1,0.225,-1,-1
122.75,71,-1,0.475,-1,-1
122.75,52,-1,0.225,-1,-1
123,64,-1,0.9,-1,-1
123,68,-1,0.9,-1,-1
123,45,-1,0.45,-1,-1
123.25,64,-1,0.7,-1,-1
123.5,57,-1,0.225,-1,-1
123.75,52,-1,0.225,-1,-1
124,68,-1,0.225,-1,-1
124,63,-1,0.9,-1,-1
124,66,-1,0.9,-1,-1
124,47,-1,0.45,-1,-1
124.25,66,-1,0.225,-1,-1
124.5,68,-1,0.225,-1,-1
124.5,59,-1,0.225,-1,-1
124.75,66,-1,0.225,-1,-1
124.75,54,-1,0.225,-1,-1
125,68,-1,0.225,-1,-1
125,64,-1,0.9,-1,-1
125,69,-1,0.9,-1,-1
125,47,-1,0.45,-1,-1
125.25,66,-1,0.225,-1,-1
125.5,68,-1,0.225,-1,-1
125.5,59,-1,0.225,-1,-1
125.75,66,-1,0.225,-1,-1
125.75,54,-1,0.225,-1,-1
126,68,-1,0.225,-1,-1
126,64,-1,0.9,-1,-1
126,68,-1,0.9,-1,-1
126,47,-1,0.45,-1,-1
126.25,66,-1,0.225,-1,-1
126.5,68,-1,0.225,-1,-1
126.5,59,-1,0.225,-1,-1
126.75,66,-1,0.225,-1,-1
126.75,54,-1,0.225,-1,-1
127,68,-1,0.225,-1,-1
127,63,-1,0.9,-1,-1
127,66,-1,0.9,-1,-1
127,47,-1,0.45,-1,-1
127.25,66,-1,0.225,-1,-1
127.5,64,-1,0.45,-1,-1
127.5,59,-1,0.225,-1,-1
127.75,54,-1,0.225,-1,-1
128,71,-1,0.225,-1,-1
128,64,-1,0.9,-1,-1
128,68,-1,0.9,-1,-1
128,40,-1,0.45,-1,-1
128.25,71,-1,0.225,-1,-1
128.5,71,-1,0.45,-1,-1
128.5,52,-1,0.225,-1,-1
128.75,47,-1,0.225,-1,-1
129,71,-1,0.225,-1,-1
129,64,-1,0.9,-1,-1
129,71,-1,0.9,-1,-1
129,40,-1,0.45,-1,-1
129.25,69,-1,0.225,-1,-1
129.5,69,-1,0.45,-1,-1
129.5,52,-1,0.225,-1,-1
129.75,47,-1,0.225,-1,-1
130,69,-1,0.225,-1,-1
130,64,-1,0.9,-1,-1
130,69,-1,0.9,-1,-1
130,40,-1,0.45,-1,-1
130.25,68,-1,0.225,-1,-1
130.5,68,-1,0.225,-1,-1
130.5,52,-1,0.225,-1,-1
130.75,68,-1,0.225,-1,-1
130.75,47,-1,0.225,-1,-1
131,64,-1,0.9,-1,-1
131,68,-1,0.9,-1,-1
131,40,-1,0.45,-1,-1
131.25,71,-1,0.225,-1,-1
131.5,71,-1,0.225,-1,-1
131.5,52,-1,0.225,-1,-1
131.75,71,-1,0.225,-1,-1
131.75,47,-1,0.225,-1,-1
132,71,-1,0.225,-1,-1
132,63,-1,0.9,-1,-1
132,66,-1,0.9,-1,-1
132,47,-1,0.45,-1,-1
132.25,71,-1,0.225,-1,-1
132.5,71,-1,0.225,-1,-1
132.5,59,-1,0.225,-1,-1
132.75,71,-1,0.225,-1,-1
132.75,54,-1,0.225,-1,-1
133,69,-1,0.225,-1,-1
133,64,-1,0.9,-1,-1
133,69,-1,0.9,-1,-1
133,47,-1,0.45,-1,-1
133.25,69,-1,0.225,-1,-1
133.5,69,-1,0.225,-1,-1
133.5,59,-1,0.225,-1,-1
133.75,68,-1,0.225,-1,-1
133.75,54,-1,0.225,-1,-1
134,68,-1,0.225,-1,-1
134,64,-1,0.9,-1,-1
134,68,-1,0.9,-1,-1
134,47,-1,0.45,-1,-1
134.25,68,-1,0.225,-1,-1
134.5,66,-1,0.225,-1,-1
134.5,59,-1,0.225,-1,-1
134.75,68,-1,0.225,-1,-1
134.75,54,-1,0.225,-1,-1
135,64,-1,0.247917,-1,-1
135,63,-1,0.9,-1,-1
135,66,-1,0.9,-1,-1
135,47,-1,0.45,-1,-1
135.25,61,-1,0.225,-1,-1
135.5,59,-1,0.45,-1,-1
135.5,59,-1,0.225,-1,-1
135.75,54,-1,0.225,-1,-1
136,68,-1,0.45,-1,-1
136,64,-1,0.9,-1,-1
136,68,-1,0.9,-1,-1
136,49,-1,0.45,-1,-1
136.5,71,-1,0.225,-1,-1
136.5,61,-1,0.225,-1,-1
136.75,71,-1,0.475,-1,-1
136.75,56,-1,0.225,-1,-1
137,64,-1,0.9,-1,-1
137,71,-1,0.9,-1,-1
137,49,-1,0.45,-1,-1
137.25,64,-1,0.7,-1,-1
137.5,61,-1,0.225,-1,-1
137.75,56,-1,0.225,-1,-1
138,68,-1,0.45,-1,-1
138,64,-1,0.9,-1,-1
138,69,-1,0.9,-1,-1
138,45,-1,0.45,-1,-1
138.5,71,-1,0.225,-1,-1
138.5,57,-1,0.225,-1,-1
138.75,71,-1,0.475,-1,-1
138.75,52,-1,0.225,-1,-1
139,64,-1,0.9,-1,-1
139,68,-1,0.9,-1,-1
139,45,-1,0.45,-1,-1
139.25,64,-1,0.7,-1,-1
139.5,57,-1,0.225,-1,-1
139.75,52,-1,0.225,-1,-1
140,68,-1,0.225,-1,-1
140,63,-1,0.9,-1,-1
140,66,-1,0.9,-1,-1
140,47,-1,0.45,-1,-1
140.25,66,-1,0.225,-1,-1
140.5,68,-1,0.225,-1,-1
140.5,59,-1,0.225,-1,-1
140.75,66,-1,0.225,-1,-1
140.75,54,-1,0.225,-1,-1
141,68,-1,0.225,-1,-1
141,64,-1,0.9,-1,-1
141,69,-1,0.9,-1,-1
141,47,-1,0.45,-1,-1
141.25,66,-1,0.225,-1,-1
141.5,68,-1,0.225,-1,-1
141.5,59,-1,0.225,-1,-1
141.75,66,-1,0.225,-1,-1
141.75,54,-1,0.225,-1,-1
142,68,-1,0.225,-1,-1
142,64,-1,0.9,-1,-1
142,68,-1,0.9,-1,-1
142,47,-1,0.45,-1,-1
142.25,66,-1,0.225,-1,-1
142.5,68,-1,0.225,-1,-1
142.5,59,-1,0.225,-1,-1
142.75,66,-1,0.225,-1,-1
142.75,54,-1,0.225,-1,-1
143,68,-1,0.225,-1,-1
143,63,-1,0.9,-1,-1
143,66,-1,0.9,-1,-1
143,47,-1,0.45,-1,-1
143.25,66,-1,0.225,-1,-1
143.5,64,-1,0.45,-1,-1
143.5,59,-1,0.225,-1,-1
143.75,54,-1,0.225,-1,-1
144,73,-1,0.675,-1,-1
144,64,-1,0.675,-1,-1
144,68,-1,0.675,-1,-1
144,73,-1,0.675,-1,-1
144,49,-1,0.675,-1,-1
144,61,-1,0.675,-1,-1
144.75,75,-1,0.475,-1,-1
144.75,64,-1,0.475,-1,-1
144.75,68,-1,0.475,-1,-1
144.75,73,-1,0.475,-1,-1
144.75,49,-1,0.475,-1,-1
144.75,61,-1,0.475,-1,-1
145.25,76,-1,0.7,-1,-1
145.25,64,-1,0.45,-1,-1
145.25,68,-1,0.45,-1,-1
145.25,73,-1,0.45,-1,-1
145.25,49,-1,0.45,-1,-1
145.25,61,-1,0.45,-1,-1
145.75,64,-1,0.225,-1,-1
145.75,68,-1,0.225,-1,-1
145.75,73,-1,0.225,-1,-1
145.75,49,-1,0.225,-1,-1
145.75,61,-1,0.225,-1,-1
146,75,-1,0.675,-1,-1
146,63,-1,0.675,-1,-1
146,68,-1,0.675,-1,-1
146,71,-1,0.675,-1,-1
146,47,-1,0.675,-1,-1
146,59,-1,0.675,-1,-1
146.75,71,-1,0.7,-1,-1
146.75,63,-1,0.475,-1,-1
146.75,68,-1,0.475,-1,-1
146.75,71,-1,0.475,-1,-1
146.75,47,-1,0.475,-1,-1
146.75,59,-1,0.475,-1,-1
147.25,63,-1,0.45,-1,-1
147.25,68,-1,0.45,-1,-1
147.25,71,-1,0.45,-1,-1
147.25,47,-1,0.45,-1,-1
147.25,59,-1,0.45,-1,-1
147.5,68,-1,0.45,-1,-1
147.75,63,-1,0.225,-1,-1
147.75,68,-1,0.225,-1,-1
147.75,71,-1,0.225,-1,-1
147.75,47,-1,0.225,-1,-1
147.75,59,-1,0.225,-1,-1
148,66,-1,0.45,-1,-1
148,64,-1,0.675,-1,-1
148,68,-1,0.675,-1,-1
148,69,-1,0.675,-1,-1
148,73,-1,0.675,-1,-1
148,45,-1,0.675,-1,-1
148,57,-1,0.675,-1,-1
148.5,68,-1,0.225,-1,-1
148.75,64,-1,1.15,-1,-1
148.75,64,-1,0.475,-1,-1
148.75,68,-1,0.475,-1,-1
148.75,69,-1,0.475,-1,-1
148.75,73,-1,0.475,-1,-1
148.75,45,-1,0.475,-1,-1
148.75,57,-1,0.475,-1,-1
149.25,64,-1,0.45,-1,-1
149.25,68,-1,0.45,-1,-1
149.25,69,-1,0.45,-1,-1
149.25,73,-1,0.45,-1,-1
149.25,45,-1,0.45,-1,-1
149.25,57,-1,0.45,-1,-1
149.75,64,-1,0.225,-1,-1
149.75,68,-1,0.225,-1,-1
149.75,69,-1,0.225,-1,-1
149.75,73,-1,0.225,-1,-1
149.75,45,-1,0.225,-1,-1
149.75,57,-1,0.225,-1,-1
150,64,-1,0.675,-1,-1
150,68,-1,0.675,-1,-1
150,71,-1,0.675,-1,-1
150,44,-1,0.675,-1,-1
150,56,-1,0.675,-1,-1
150.75,59,-1,0.225,-1,-1
150.75,64,-1,0.475,-1,-1
150.75,68,-1,0.475,-1,-1
150.75,71,-1,0.475,-1,-1
150.75,44,-1,0.475,-1,-1
150.75,56,-1,0.475,-1,-1
151,71,-1,0.333333,-1,-1
151.25,64,-1,0.45,-1,-1
151.25,68,-1,0.45,-1,-1
151.25,71,-1,0.45,-1,-1
151.25,44,-1,0.45,-1,-1
151.25,56,-1,0.45,-1,-1
151.333333,69,-1,0.333333,-1,-1
151.666667,68,-1,0.333333,-1,-1
151.75,64,-1,0.225,-1,-1
151.75,68,-1,0.225,-1,-1
151.75,71,-1,0.225,-1,-1
151.75,44,-1,0.225,-1,-1
151.75,56,-1,0.225,-1,-1
152,66,-1,0.45,-1,-1
152,42,-1,0.675,-1,-1
152,54,-1,0.675,-1,-1
152.5,68,-1,0.225,-1,-1
152.5,64,-1,0.45,-1,-1
152.5,66,-1,0.45,-1,-1
152.5,73,-1,0.45,-1,-1
152.75,64,-1,1.15,-1,-1
152.75,49,-1,0.225,-1,-1
153,42,-1,0.675,-1,-1
153,54,-1,0.675,-1,-1
153.5,64,-1,0.45,-1,-1
153.5,66,-1,0.45,-1,-1
153.5,73,-1,0.45,-1,-1
153.75,49,-1,0.225,-1,-1
154,42,-1,0.675,-1,-1
154,54,-1,0.675,-1,-1
154.5,64,-1,0.45,-1,-1
154.5,66,-1,0.45,-1,-1
154.5,73,-1,0.45,-1,-1
154.75,71,-1,0.225,-1,-1
154.75,49,-1,0.225,-1,-1
155,71,-1,0.225,-1,-1
155,42,-1,0.675,-1,-1
155,54,-1,0.675,-1,-1
155.25,69,-1,0.225,-1,-1
155.5,68,-1,0.225,-1,-1
155.5,64,-1,0.45,-1,-1
155.5,66,-1,0.45,-1,-1
155.5,73,-1,0.45,-1,-1
155.75,68,-1,0.475,-1,-1
155.75,49,-1,0.225,-1,-1
156,47,-1,0.675,-1,-1
156,59,-1,0.675,-1,-1
156.25,66,-1,0.7,-1,-1
156.5,64,-1,0.45,-1,-1
156.5,66,-1,0.45,-1,-1
156.5,71,-1,0.45,-1,-1
156.75,54,-1,0.225,-1,-1
157,47,-1,0.675,-1,-1
157,59,-1,0.675,-1,-1
157.25,73,-1,0.45,-1,-1
157.5,64,-1,0.45,-1,-1
157.5,66,-1,0.45,-1,-1
157.5,71,-1,0.45,-1,-1
157.75,71,-1,0.225,-1,-1
157.75,54,-1,0.225,-1,-1
158,63,-1,0.225,-1,-1
158,66,-1,0.225,-1,-1
158,71,-1,0.225,-1,-1
158,47,-1,0.225,-1,-1
158,57,-1,0.225,-1,-1
159,71,-1,0.225,-1,-1
159.25,73,-1,0.225,-1,-1
159.5,75,-1,0.45,-1,-1
160,76,-1,0.45,-1,-1
160,49,-1,0.675,-1,-1
160,61,-1,0.675,-1,-1
160.5,76,-1,0.45,-1,-1
160.5,68,-1,0.45,-1,-1
160.5,73,-1,0.45,-1,-1
160.5,76,-1,0.45,-1,-1
160.75,56,-1,0.225,-1,-1
161,75,-1,0.225,-1,-1
161,49,-1,0.675,-1,-1
161,61,-1,0.675,-1,-1
161.25,76,-1,0.45,-1,-1
161.5,68,-1,0.45,-1,-1
161.5,73,-1,0.45,-1,-1
161.5,76,-1,0.45,-1,-1
161.75,76,-1,0.7,-1,-1
161.75,56,-1,0.225,-1,-1
162,45,-1,0.675,-1,-1
162,57,-1,0.675,-1,-1
162.5,76,-1,0.45,-1,-1
162.5,64,-1,0.45,-1,-1
162.5,69,-1,0.45,-1,-1
162.5,73,-1,0.45,-1,-1
162.75,52,-1,0.225,-1,-1
163,75,-1,0.225,-1,-1
163,45,-1,0.675,-1,-1
163,57,-1,0.675,-1,-1
163.25,76,-1,0.7,-1,-1
163.5,64,-1,0.45,-1,-1
163.5,69,-1,0.45,-1,-1
163.5,73,-1,0.45,-1,-1
163.75,52,-1,0.225,-1,-1
164,78,-1,0.45,-1,-1
164,47,-1,0.675,-1,-1
164,59,-1,0.675,-1,-1
164.5,78,-1,0.225,-1,-1
164.5,66,-1,0.45,-1,-1
164.5,71,-1,0.45,-1,-1
164.5,75,-1,0.45,-1,-1
164.75,78,-1,0.475,-1,-1
164.75,54,-1,0.225,-1,-1
165,47,-1,0.675,-1,-1
165,59,-1,0.675,-1,-1
165.25,80,-1,0.45,-1,-1
165.5,66,-1,0.45,-1,-1
165.5,71,-1,0.45,-1,-1
165.5,75,-1,0.45,-1,-1
165.75,80,-1,1.15,-1,-1
165.75,54,-1,0.225,-1,-1
166,40,-1,0.675,-1,-1
166,52,-1,0.675,-1,-1
166.5,64,-1,0.45,-1,-1
166.5,68,-1,0.45,-1,-1
166.5,71,-1,0.45,-1,-1
166.75,47,-1,0.225,-1,-1
167,71,-1,0.225,-1,-1
167,39,-1,0.675,-1,-1
167,51,-1,0.675,-1,-1
167.25,73,-1,0.225,-1,-1
167.5,75,-1,0.45,-1,-1
167.5,66,-1,0.45,-1,-1
167.5,71,-1,0.45,-1,-1
167.5,75,-1,0.45,-1,-1
167.75,47,-1,0.225,-1,-1
168,76,-1,0.45,-1,-1
168,49,-1,0.675,-1,-1
168,61,-1,0.675,-1,-1
168.5,76,-1,0.45,-1,-1
168.5,68,-1,0.45,-1,-1
168.5,73,-1,0.45,-1,-1
168.5,76,-1,0.45,-1,-1
168.75,56,-1,0.225,-1,-1
169,75,-1,0.225,-1,-1
169,49,-1,0.675,-1,-1
169,61,-1,0.675,-1,-1
169.25,76,-1,0.45,-1,-1
169.5,68,-1,0.45,-1,-1
169.5,73,-1,0.45,-1,-1
169.5,76,-1,0.45,-1,-1
169.75,76,-1,0.7,-1,-1
169.75,56,-1,0.225,-1,-1
170,45,-1,0.675,-1,-1
170,57,-1,0.675,-1,-1
170.5,76,-1,0.45,-1,-1
170.5,64,-1,0.45,-1,-1
170.5,69,-1,0.45,-1,-1
170.5,73,-1,0.45,-1,-1
170.75,52,-1,0.225,-1,-1
171,75,-1,0.225,-1,-1
171,45,-1,0.675,-1,-1
171,57,-1,0.675,-1,-1
171.25,76,-1,0.7,-1,-1
171.5,64,-1,0.45,-1,-1
171.5,69,-1,0.45,-1,-1
171.5,73,-1,0.45,-1,-1
171.75,52,-1,0.225,-1,-1
172,75,-1,0.45,-1,-1
172,47,-1,0.675,-1,-1
172,59,-1,0.675,-1,-1
172.5,75,-1,0.225,-1,-1
172.5,66,-1,0.45,-1,-1
172.5,71,-1,0.45,-1,-1
172.5,75,-1,0.45,-1,-1
172.75,75,-1,0.475,-1,-1
172.75,54,-1,0.225,-1,-1
173,47,-1,0.675,-1,-1
173,59,-1,0.675,-1,-1
173.25,71,-1,0.45,-1,-1
173.5,66,-1,0.45,-1,-1
173.5,71,-1,0.45,-1,-1
173.5,75,-1,0.45,-1,-1
173.75,76,-1,1.15,-1,-1
173.75,54,-1,0.225,-1,-1
174,40,-1,0.675,-1,-1
174,52,-1,0.675,-1,-1
174.5,64,-1,0.45,-1,-1
174.5,68,-1,0.45,-1,-1
174.5,71,-1,0.45,-1,-1
174.75,47,-1,0.225,-1,-1
175,71,-1,0.225,-1,-1
175,39,-1,0.675,-1,-1
175,51,-1,0.675,-1,-1
175.25,73,-1,0.225,-1,-1
175.5,75,-1,0.45,-1,-1
175.5,66,-1,0.45,-1,-1
175.5,71,-1,0.45,-1,-1
175.5,75,-1,0.45,-1,-1
175.75,47,-1,0.225,-1,-1
176,76,-1,0.45,-1,-1
176,49,-1,0.675,-1,-1
176,61,-1,0.675,-1,-1
176.5,76,-1,0.45,-1,-1
176.5,68,-1,0.45,-1,-1
176.5,73,-1,0.45,-1,-1
176.5,76,-1,0.45,-1,-1
176.75,56,-1,0.225,-1,-1
177,75,-1,0.225,-1,-1
177,49,-1,0.675,-1,-1
177,61,-1,0.675,-1,-1
177.25,76,-1,0.45,-1,-1
177.5,68,-1,0.45,-1,-1
177.5,73,-1,0.45,-1,-1
177.5,76,-1,0.45,-1,-1
177.75,76,-1,0.7,-1,-1
177.75,56,-1,0.225,-1,-1
178,45,-1,0.675,-1,-1
178,57,-1,0.675,-1,-1
178.5,76,-1,0.45,-1,-1
178.5,64,-1,0.45,-1,-1
178.5,69,-1,0.45,-1,-1
178.5,73,-1,0.45,-1,-1
178.75,52,-1,0.225,-1,-1
179,75,-1,0.225,-1,-1
179,45,-1,0.675,-1,-1
179,57,-1,0.675,-1,-1
179.25,76,-1,0.7,-1,-1
179.5,64,-1,0.45,-1,-1
179.5,69,-1,0.45,-1,-1
179.5,73,-1,0.45,-1,-1
179.75,52,-1,0.225,-1,-1
180,78,-1,0.45,-1,-1
180,47,-1,0.675,-1,-1
180,59,-1,0.675,-1,-1
180.5,78,-1,0.225,-1,-1
180.5,66,-1,0.45,-1,-1
180.5,71,-1,0.45,-1,-1
180.5,75,-1,0.45,-1,-1
180.75,80,-1,0.475,-1,-1
180.75,54,-1,0.225,-1,-1
181,47,-1,0.675,-1,-1
181,59,-1,0.675,-1,-1
181.25,81,-1,0.45,-1,-1
181.5,66,-1,0.45,-1,-1
181.5,71,-1,0.45,-1,-1
181.5,75,-1,0.45,-1,-1
181.75,80,-1,0.925,-1,-1
181.75,54,-1,0.225,-1,-1
182,40,-1,0.675,-1,-1
182,52,-1,0.675,-1,-1
182.5,64,-1,0.45,-1,-1
182.5,68,-1,0.45,-1,-1
182.5,71,-1,0.45,-1,-1
182.75,80,-1,0.475,-1,-1
182.75,47,-1,0.225,-1,-1
183,39,-1,0.675,-1,-1
183,51,-1,0.675,-1,-1
183.25,78,-1,0.225,-1,-1
183.5,78,-1,0.225,-1,-1
183.5,66,-1,0.45,-1,-1
183.5,71,-1,0.45,-1,-1
183.5,75,-1,0.45,-1,-1
183.75,80,-1,0.225,-1,-1
183.75,47,-1,0.225,-1,-1
184,76,-1,0.675,-1,-1
184,49,-1,0.675,-1,-1
184,61,-1,0.675,-1,-1
184.5,68,-1,0.45,-1,-1
184.5,73,-1,0.45,-1,-1
184.5,76,-1,0.45,-1,-1
184.75,80,-1,0.475,-1,-1
184.75,56,-1,0.225,-1,-1
185,49,-1,0.675,-1,-1
185,61,-1,0.675,-1,-1
185.25,78,-1,0.225,-1,-1
185.5,78,-1,0.225,-1,-1
185.5,68,-1,0.45,-1,-1
185.5,73,-1,0.45,-1,-1
185.5,76,-1,0.45,-1,-1
185.75,80,-1,0.225,-1,-1
185.75,56,-1,0.225,-1,-1
186,76,-1,0.675,-1,-1
186,45,-1,0.675,-1,-1
186,57,-1,0.675,-1,-1
186.5,64,-1,0.45,-1,-1
186.5,69,-1,0.45,-1,-1
186.5,73,-1,0.45,-1,-1
186.75,80,-1,0.475,-1,-1
186.75,52,-1,0.225,-1,-1
187,45,-1,0.675,-1,-1
187,57,-1,0.675,-1,-1
187.25,78,-1,0.225,-1,-1
187.5,78,-1,0.225,-1,-1
187.5,64,-1,0.45,-1,-1
187.5,69,-1,0.45,-1,-1
187.5,73,-1,0.45,-1,-1
187.75,76,-1,0.225,-1,-1
187.75,52,-1,0.225,-1,-1
188,78,-1,0.45,-1,-1
188,47,-1,0.675,-1,-1
188,59,-1,0.675,-1,-1
188.5,76,-1,0.225,-1,-1
188.5,66,-1,0.45,-1,-1
188.5,71,-1,0.45,-1,-1
188.5,75,-1,0.45,-1,-1
188.75,78,-1,0.475,-1,-1
188.75,54,-1,0.225,-1,-1
189,47,-1,0.675,-1,-1
189,59,-1,0.675,-1,-1
189.25,80,-1,0.45,-1,-1
189.5,66,-1,0.45,-1,-1
189.5,71,-1,0.45,-1,-1
189.5,75,-1,0.45,-1,-1
189.75,76,-1,1.6,-1,-1
189.75,54,-1,0.225,-1,-1
190,40,-1,0.675,-1,-1
190,52,-1,0.675,-1,-1
190.5,64,-1,0.45,-1,-1
190.5,68,-1,0.45,-1,-1
190.5,71,-1,0.45,-1,-1
190.75,47,-1,0.225,-1,-1
191,39,-1,0.675,-1,-1
191,51,-1,0.675,-1,-1
191.5,66,-1,0.45,-1,-1
191.5,71,-1,0.45,-1,-1
191.5,75,-1,0.45,-1,-1
191.75,47,-1,0.225,-1,-1
192,68,-1,0.225,-1,-1
192,49,-1,0.225,-1,-1
192.25,69,-1,0.225,-1,-1
192.25,49,-1,0.225,-1,-1
192.5,71,-1,0.225,-1,-1
192.5,49,-1,0.225,-1,-1
192.75,76,-1,0.475,-1,-1
192.75,49,-1,0.225,-1,-1
193,49,-1,0.225,-1,-1
193.25,76,-1,0.7,-1,-1
193.25,49,-1,0.225,-1,-1
193.5,49,-1,0.225,-1,-1
193.75,49,-1,0.225,-1,-1
194,68,-1,0.225,-1,-1
194,45,-1,0.225,-1,-1
194.25,69,-1,0.225,-1,-1
194.25,45,-1,0.225,-1,-1
194.5,71,-1,0.225,-1,-1
194.5,45,-1,0.225,-1,-1
194.75,76,-1,0.475,-1,-1
194.75,45,-1,0.225,-1,-1
195,45,-1,0.225,-1,-1
195.25,76,-1,0.7,-1,-1
195.25,45,-1,0.225,-1,-1
195.5,45,-1,0.225,-1,-1
195.75,45,-1,0.225,-1,-1
196,71,-1,0.225,-1,-1
196,47,-1,0.225,-1,-1
196.25,71,-1,0.225,-1,-1
196.25,47,-1,0.225,-1,-1
196.5,73,-1,0.225,-1,-1
196.5,47,-1,0.225,-1,-1
196.75,75,-1,0.475,-1,-1
196.75,47,-1,0.225,-1,-1
197,47,-1,0.225,-1,-1
197.25,71,-1,0.45,-1,-1
197.25,47,-1,0.225,-1,-1
197.5,47,-1,0.225,-1,-1
197.75,76,-1,0.475,-1,-1
197.75,47,-1,0.225,-1,-1
198,40,-1,0.225,-1,-1
198.25,71,-1,0.45,-1,-1
198.25,40,-1,0.225,-1,-1
198.5,40,-1,0.225,-1,-1
198.75,69,-1,0.475,-1,-1
198.75,40,-1,0.225,-1,-1
199,47,-1,0.225,-1,-1
199.25,71,-1,0.7,-1,-1
199.25,47,-1,0.225,-1,-1
199.5,47,-1,0.225,-1,-1
199.75,47,-1,0.225,-1,-1
200,68,-1,0.225,-1,-1
200,49,-1,0.225,-1,-1
200.25,69,-1,0.225,-1,-1
200.25,49,-1,0.225,-1,-1
200.5,71,-1,0.225,-1,-1
200.5,49,-1,0.225,-1,-1
200.75,76,-1,0.475,-1,-1
200.75,49,-1,0.225,-1,-1
201,49,-1,0.225,-1,-1
201.25,76,-1,0.7,-1,-1
201.25,49,-1,0.225,-1,-1
201.5,49,-1,0.225,-1,-1
201.75,49,-1,0.225,-1,-1
202,68,-1,0.225,-1,-1
202,45,-1,0.225,-1,-1
202.25,69,-1,0.225,-1,-1
202.25,45,-1,0.225,-1,-1
202.5,71,-1,0.225,-1,-1
202.5,45,-1,0.225,-1,-1
202.75,76,-1,0.475,-1,-1
202.75,45,-1,0.225,-1,-1
203,45,-1,0.225,-1,-1
203.25,76,-1,0.7,-1,-1
203.25,45,-1,0.225,-1,-1
203.5,45,-1,0.225,-1,-1
203.75,45,-1,0.225,-1,-1
204,68,-1,0.225,-1,-1
204,47,-1,0.225,-1,-1
204.25,69,-1,0.225,-1,-1
204.25,47,-1,0.225,-1,-1
204.5,71,-1,0.225,-1,-1
204.5,47,-1,0.225,-1,-1
204.75,69,-1,0.225,-1,-1
204.75,47,-1,0.225,-1,-1
205,71,-1,0.225,-1,-1
205,47,-1,0.225,-1,-1
205.25,69,-1,0.225,-1,-1
205.25,47,-1,0.225,-1,-1
205.5,68,-1,0.45,-1,-1
205.5,47,-1,0.225,-1,-1
205.75,47,-1,0.225,-1,-1
206,54,-1,0.225,-1,-1
206.25,56,-1,0.225,-1,-1
206.5,57,-1,0.225,-1,-1
206.75,56,-1,0.225,-1,-1
207,57,-1,0.225,-1,-1
207.25,71,-1,0.225,-1,-1
207.25,56,-1,0.225,-1,-1
207.5,71,-1,0.225,-1,-1
207.5,54,-1,0.45,-1,-1
207.75,71,-1,0.225,-1,-1
208,71,-1,0.225,-1,-1
208,64,-1,0.9,-1,-1
208,68,-1,0.9,-1,-1
208,40,-1,0.45,-1,-1
208.25,71,-1,0.225,-1,-1
208.5,71,-1,0.45,-1,-1
208.5,52,-1,0.225,-1,-1
208.75,47,-1,0.225,-1,-1
209,71,-1,0.225,-1,-1
209,64,-1,0.9,-1,-1
209,71,-1,0.9,-1,-1
209,40,-1,0.45,-1,-1
209.25,69,-1,0.225,-1,-1
209.5,69,-1,0.45,-1,-1
209.5,52,-1,0.225,-1,-1
209.75,47,-1,0.225,-1,-1
210,69,-1,0.225,-1,-1
210,64,-1,0.9,-1,-1
210,69,-1,0.9,-1,-1
210,40,-1,0.45,-1,-1
210.25,68,-1,0.225,-1,-1
210.5,68,-1,0.225,-1,-1
210.5,52,-1,0.225,-1,-1
210.75,68,-1,0.225,-1,-1
210.75,47,-1,0.225,-1,-1
211,64,-1,0.9,-1,-1
211,68,-1,0.9,-1,-1
211,40,-1,0.45,-1,-1
211.25,71,-1,0.225,-1,-1
211.5,71,-1,0.225,-1,-1
211.5,52,-1,0.225,-1,-1
211.75,71,-1,0.225,-1,-1
211.75,47,-1,0.225,-1,-1
212,71,-1,0.225,-1,-1
212,63,-1,0.9,-1,-1
212,66,-1,0.9,-1,-1
212,47,-1,0.45,-1,-1
212.25,71,-1,0.225,-1,-1
212.5,71,-1,0.45,-1,-1
212.5,59,-1,0.225,-1,-1
212.75,54,-1,0.225,-1,-1
213,71,-1,0.225,-1,-1
213,64,-1,0.9,-1,-1
213,69,-1,0.9,-1,-1
213,47,-1,0.45,-1,-1
213.25,69,-1,0.225,-1,-1
213.5,69,-1,0.45,-1,-1
213.5,59,-1,0.225,-1,-1
213.75,54,-1,0.225,-1,-1
214,69,-1,0.225,-1,-1
214,64,-1,0.9,-1,-1
214,68,-1,0.9,-1,-1
214,47,-1,0.45,-1,-1
214.25,68,-1,0.225,-1,-1
214.5,68,-1,0.225,-1,-1
214.5,59,-1,0.225,-1,-1
214.75,68,-1,0.225,-1,-1
214.75,54,-1,0.225,-1,-1
215,63,-1,0.9,-1,-1
215,66,-1,0.9,-1,-1
215,47,-1,0.45,-1,-1
215.25,66,-1,0.225,-1,-1
215.5,66,-1,0.225,-1,-1
215.5,59,-1,0.225,-1,-1
215.75,68,-1,0.225,-1,-1
215.75,54,-1,0.225,-1,-1
216,68,-1,0.45,-1,-1
216,64,-1,0.9,-1,-1
216,68,-1,0.9,-1,-1
216,49,-1,0.45,-1,-1
216.5,71,-1,0.225,-1,-1
216.5,61,-1,0.225,-1,-1
216.75,71,-1,0.475,-1,-1
216.75,56,-1,0.225,-1,-1
217,64,-1,0.9,-1,-1
217,71,-1,0.9,-1,-1
217,49,-1,0.45,-1,-1
217.25,64,-1,0.7,-1,-1
217.5,61,-1,0.225,-1,-1
217.75,56,-1,0.225,-1,-1
218,68,-1,0.45,-1,-1
218,64,-1,0.9,-1,-1
218,69,-1,0.9,-1,-1
218,45,-1,0.45,-1,-1
218.5,71,-1,0.225,-1,-1
218.5,57,-1,0.225,-1,-1
218.75,71,-1,0.475,-1,-1
218.75,52,-1,0.225,-1,-1
219,64,-1,0.9,-1,-1
219,68,-1,0.9,-1,-1
219,45,-1,0.45,-1,-1
219.25,64,-1,0.7,-1,-1
219.5,57,-1,0.225,-1,-1
219.75,52,-1,0.225,-1,-1
220,68,-1,0.225,-1,-1
220,63,-1,0.9,-1,-1
220,66,-1,0.9,-1,-1
220,47,-1,0.45,-1,-1
220.25,66,-1,0.225,-1,-1
220.5,68,-1,0.225,-1,-1
220.5,59,-1,0.225,-1,-1
220.75,66,-1,0.225,-1,-1
220.75,54,-1,0.225,-1,-1
221,68,-1,0.225,-1,-1
221,64,-1,0.9,-1,-1
221,69,-1,0.9,-1,-1
221,47,-1,0.45,-1,-1
221.25,66,-1,0.225,-1,-1
221.5,68,-1,0.225,-1,-1
221.5,59,-1,0.225,-1,-1
221.75,66,-1,0.225,-1,-1
221.75,54,-1,0.225,-1,-1
222,68,-1,0.225,-1,-1
222,64,-1,0.9,-1,-1
222,68,-1,0.9,-1,-1
222,47,-1,0.45,-1,-1
222.25,66,-1,0.225,-1,-1
222.5,68,-1,0.225,-1,-1
222.5,59,-1,0.225,-1,-1
222.75,66,-1,0.225,-1,-1
222.75,54,-1,0.225,-1,-1
223,68,-1,0.225,-1,-1
223,63,-1,0.9,-1,-1
223,66,-1,0.9,-1,-1
223,47,-1,0.45,-1,-1
223.25,66,-1,0.225,-1,-1
223.5,64,-1,0.45,-1,-1
223.5,59,-1,0.225,-1,-1
223.75,54,-1,0.225,-1,-1
224,71,-1,0.225,-1,-1
224,64,-1,0.9,-1,-1
224,68,-1,0.9,-1,-1
224,40,-1,0.45,-1,-1
224.25,71,-1,0.225,-1,-1
224.5,71,-1,0.45,-1,-1
224.5,52,-1,0.225,-1,-1
224.75,47,-1,0.225,-1,-1
225,71,-1,0.225,-1,-1
225,64,-1,0.9,-1,-1
225,71,-1,0.9,-1,-1
225,40,-1,0.45,-1,-1
225.25,69,-1,0.225,-1,-1
225.5,69,-1,0.45,-1,-1
225.5,52,-1,0.225,-1,-1
225.75,47,-1,0.225,-1,-1
226,69,-1,0.225,-1,-1
226,64,-1,0.9,-1,-1
226,69,-1,0.9,-1,-1
226,40,-1,0.45,-1,-1
226.25,68,-1,0.225,-1,-1
226.5,68,-1,0.225,-1,-1
226.5,52,-1,0.225,-1,-1
226.75,68,-1,0.225,-1,-1
226.75,47,-1,0.225,-1,-1
227,64,-1,0.9,-1,-1
227,68,-1,0.9,-1,-1
227,40,-1,0.45,-1,-1
227.25,71,-1,0.225,-1,-1
227.5,71,-1,0.225,-1,-1
227.5,52,-1,0.225,-1,-1
227.75,71,-1,0.225,-1,-1
227.75,47,-1,0.225,-1,-1
228,71,-1,0.225,-1,-1
228,63,-1,0.9,-1,-1
228,66,-1,0.9,-1,-1
228,47,-1,0.45,-1,-1
228.25,71,-1,0.225,-1,-1
228.5,71,-1,0.225,-1,-1
228.5,59,-1,0.225,-1,-1
228.75,71,-1,0.225,-1,-1
228.75,54,-1,0.225,-1,-1
229,69,-1,0.225,-1,-1
229,64,-1,0.9,-1,-1
229,69,-1,0.9,-1,-1
229,47,-1,0.45,-1,-1
229.25,69,-1,0.225,-1,-1
229.5,69,-1,0.225,-1,-1
229.5,59,-1,0.225,-1,-1
229.75,68,-1,0.225,-1,-1
229.75,54,-1,0.225,-1,-1
230,68,-1,0.225,-1,-1
230,64,-1,0.9,-1,-1
230,68,-1,0.9,-1,-1
230,47,-1,0.45,-1,-1
230.25,68,-1,0.225,-1,-1
230.5,66,-1,0.225,-1,-1
230.5,59,-1,0.225,-1,-1
230.75,68,-1,0.225,-1,-1
230.75,54,-1,0.225,-1,-1
231,64,-1,0.247917,-1,-1
231,63,-1,0.9,-1,-1
231,66,-1,0.9,-1,-1
231,47,-1,0.45,-1,-1
231.25,61,-1,0.225,-1,-1
231.5,59,-1,0.45,-1,-1
231.5,59,-1,0.225,-1,-1
231.75,54,-1,0.225,-1,-1
232,68,-1,0.45,-1,-1
232,64,-1,0.9,-1,-1
232,68,-1,0.9,-1,-1
232,49,-1,0.45,-1,-1
232.5,71,-1,0.225,-1,-1
232.5,61,-1,0.225,-1,-1
232.75,71,-1,0.475,-1,-1
232.75,56,-1,0.225,-1,-1
233,64,-1,0.9,-1,-1
233,71,-1,0.9,-1,-1
233,49,-1,0.45,-1,-1
233.25,64,-1,0.7,-1,-1
233.5,61,-1,0.225,-1,-1
233.75,56,-1,0.225,-1,-1
234,68,-1,0.45,-1,-1
234,64,-1,0.9,-1,-1
234,69,-1,0.9,-1,-1
234,45,-1,0.45,-1,-1
234.5,71,-1,0.225,-1,-1
234.5,57,-1,0.225,-1,-1
234.75,71,-1,0.475,-1,-1
234.75,52,-1,0.225,-1,-1
235,64,-1,0.9,-1,-1
235,68,-1,0.9,-1,-1
235,45,-1,0.45,-1,-1
235.25,64,-1,0.7,-1,-1
235.5,57,-1,0.225,-1,-1
235.75,52,-1,0.225,-1,-1
236,68,-1,0.225,-1,-1
236,63,-1,0.9,-1,-1
236,66,-1,0.9,-1,-1
236,47,-1,0.45,-1,-1
236.25,66,-1,0.225,-1,-1
236.5,68,-1,0.225,-1,-1
236.5,59,-1,0.225,-1,-1
236.75,66,-1,0.225,-1,-1
236.75,54,-1,0.225,-1,-1
237,68,-1,0.225,-1,-1
237,64,-1,0.9,-1,-1
237,69,-1,0.9,-1,-1
237,47,-1,0.45,-1,-1
237.25,66,-1,0.225,-1,-1
237.5,68,-1,0.225,-1,-1
237.5,59,-1,0.225,-1,-1
237.75,66,-1,0.225,-1,-1
237.75,54,-1,0.225,-1,-1
238,68,-1,0.225,-1,-1
238,64,-1,0.9,-1,-1
238,68,-1,0.9,-1,-1
238,47,-1,0.45,-1,-1
238.25,66,-1,0.225,-1,-1
238.5,68,-1,0.225,-1,-1
238.5,59,-1,0.225,-1,-1
238.75,66,-1,0.225,-1,-1
238.75,54,-1,0.225,-1,-1
239,68,-1,0.225,-1,-1
239,63,-1,0.9,-1,-1
239,66,-1,0.9,-1,-1
239,47,-1,0.45,-1,-1
239.25,66,-1,0.225,-1,-1
239.5,64,-1,0.45,-1,-1
239.5,59,-1,0.225,-1,-1
239.75,54,-1,0.225,-1,-1
241,71,-1,0.225,-1,-1
241.25,73,-1,0.225,-1,-1
241.5,75,-1,0.45,-1,-1
242,76,-1,0.45,-1,-1
242,64,-1,0.9,-1,-1
242,68,-1,0.9,-1,-1
242,37,-1,1.8,-1,-1
242,49,-1,1.8,-1,-1
242.5,76,-1,0.45,-1,-1
243,75,-1,0.225,-1,-1
243,64,-1,0.9,-1,-1
243,71,-1,0.9,-1,-1
243.25,76,-1,0.45,-1,-1
243.75,76,-1,0.7,-1,-1
244,64,-1,0.9,-1,-1
244,69,-1,0.9,-1,-1
244,45,-1,1.8,-1,-1
244,57,-1,1.8,-1,-1
244.5,76,-1,0.45,-1,-1
245,75,-1,0.225,-1,-1
245,64,-1,0.9,-1,-1
245,68,-1,0.9,-1,-1
245.25,76,-1,0.7,-1,-1
246,78,-1,0.45,-1,-1
246,63,-1,0.9,-1,-1
246,66,-1,0.9,-1,-1
246,47,-1,1.8,-1,-1
246,59,-1,1.8,-1,-1
246.5,78,-1,0.225,-1,-1
246.75,78,-1,0.475,-1,-1
247,64,-1,0.9,-1,-1
247,69,-1,0.9,-1,-1
247.25,80,-1,0.45,-1,-1
247.75,80,-1,1.15,-1,-1
248,64,-1,0.9,-1,-1
248,68,-1,0.9,-1,-1
248,40,-1,0.9,-1,-1
248,52,-1,0.9,-1,-1
249,71,-1,0.225,-1,-1
249,63,-1,0.9,-1,-1
249,66,-1,0.9,-1,-1
249,39,-1,0.9,-1,-1
249,51,-1,0.9,-1,-1
249.25,73,-1,0.225,-1,-1
249.5,75,-1,0.45,-1,-1
250,76,-1,0.45,-1,-1
250,64,-1,0.9,-1,-1
250,68,-1,0.9,-1,-1
250,37,-1,1.8,-1,-1
250,49,-1,1.8,-1,-1
250.5,76,-1,0.45,-1,-1
251,75,-1,0.225,-1,-1
251,64,-1,0.9,-1,-1
251,71,-1,0.9,-1,-1
251.25,76,-1,0.45,-1,-1
251.75,76,-1,0.7,-1,-1
252,64,-1,0.9,-1,-1
252,69,-1,0.9,-1,-1
252,45,-1,1.8,-1,-1
252,57,-1,1.8,-1,-1
252.5,76,-1,0.45,-1,-1
253,75,-1,0.225,-1,-1
253,64,-1,0.9,-1,-1
253,68,-1,0.9,-1,-1
253.25,76,-1,0.7,-1,-1
254,75,-1,0.45,-1,-1
254,63,-1,0.9,-1,-1
254,66,-1,0.9,-1,-1
254,47,-1,1.8,-1,-1
254,59,-1,1.8,-1,-1
254.5,75,-1,0.225,-1,-1
254.75,75,-1,0.475,-1,-1
255,64,-1,0.9,-1,-1
255,69,-1,0.9,-1,-1
255.25,71,-1,0.45,-1,-1
255.75,76,-1,1.15,-1,-1
256,64,-1,0.9,-1,-1
256,68,-1,0.9,-1,-1
256,40,-1,0.9,-1,-1
256,52,-1,0.9,-1,-1
257,71,-1,0.225,-1,-1
257,63,-1,0.9,-1,-1
257,66,-1,0.9,-1,-1
257,39,-1,0.9,-1,-1
257,51,-1,0.9,-1,-1
257.25,73,-1,0.225,-1,-1
257.5,75,-1,0.45,-1,-1
258,76,-1,0.45,-1,-1
258,49,-1,0.675,-1,-1
258,61,-1,0.675,-1,-1
258.5,76,-1,0.45,-1,-1
258.5,68,-1,0.45,-1,-1
258.5,73,-1,0.45,-1,-1
258.5,76,-1,0.45,-1,-1
258.75,56,-1,0.225,-1,-1
259,75,-1,0.225,-1,-1
259,49,-1,0.675,-1,-1
259,61,-1,0.675,-1,-1
259.25,76,-1,0.45,-1,-1
259.5,68,-1,0.45,-1,-1
259.5,73,-1,0.45,-1,-1
259.5,76,-1,0.45,-1,-1
259.75,76,-1,0.7,-1,-1
259.75,56,-1,0.225,-1,-1
260,45,-1,0.675,-1,-1
260,57,-1,0.675,-1,-1
260.5,76,-1,0.45,-1,-1
260.5,64,-1,0.45,-1,-1
260.5,69,-1,0.45,-1,-1
260.5,73,-1,0.45,-1,-1
260.75,52,-1,0.225,-1,-1
261,75,-1,0.225,-1,-1
261,45,-1,0.675,-1,-1
261,57,-1,0.675,-1,-1
261.25,76,-1,0.7,-1,-1
261.5,64,-1,0.45,-1,-1
261.5,69,-1,0.45,-1,-1
261.5,73,-1,0.45,-1,-1
261.75,52,-1,0.225,-1,-1
262,78,-1,0.45,-1,-1
262,47,-1,0.675,-1,-1
262,59,-1,0.675,-1,-1
262.5,78,-1,0.225,-1,-1
262.5,66,-1,0.45,-1,-1
262.5,71,-1,0.45,-1,-1
262.5,75,-1,0.45,-1,-1
262.75,80,-1,0.475,-1,-1
262.75,54,-1,0.225,-1,-1
263,47,-1,0.675,-1,-1
263,59,-1,0.675,-1,-1
263.25,81,-1,0.45,-1,-1
263.5,66,-1,0.45,-1,-1
263.5,71,-1,0.45,-1,-1
263.5,75,-1,0.45,-1,-1
263.75,80,-1,0.925,-1,-1
263.75,54,-1,0.225,-1,-1
264,40,-1,0.675,-1,-1
264,52,-1,0.675,-1,-1
264.5,64,-1,0.45,-1,-1
264.5,68,-1,0.45,-1,-1
264.5,71,-1,0.45,-1,-1
264.75,80,-1,0.475,-1,-1
264.75,47,-1,0.225,-1,-1
265,39,-1,0.675,-1,-1
265,51,-1,0.675,-1,-1
265.25,78,-1,0.225,-1,-1
265.5,78,-1,0.225,-1,-1
265.5,66,-1,0.45,-1,-1
265.5,71,-1,0.45,-1,-1
265.5,75,-1,0.45,-1,-1
265.75,80,-1,0.225,-1,-1
265.75,47,-1,0.225,-1,-1
266,76,-1,0.675,-1,-1
266,49,-1,0.675,-1,-1
266,61,-1,0.675,-1,-1
266.5,68,-1,0.45,-1,-1
266.5,73,-1,0.45,-1,-1
266.5,76,-1,0.45,-1,-1
266.75,80,-1,0.475,-1,-1
266.75,56,-1,0.225,-1,-1
267,49,-1,0.675,-1,-1
267,61,-1,0.675,-1,-1
267.25,78,-1,0.225,-1,-1
267.5,78,-1,0.225,-1,-1
267.5,68,-1,0.45,-1,-1
267.5,73,-1,0.45,-1,-1
267.5,76,-1,0.45,-1,-1
267.75,80,-1,0.225,-1,-1
267.75,56,-1,0.225,-1,-1
268,76,-1,0.675,-1,-1
268,45,-1,0.675,-1,-1
268,57,-1,0.675,-1,-1
268.5,64,-1,0.45,-1,-1
268.5,69,-1,0.45,-1,-1
268.5,73,-1,0.45,-1,-1
268.75,80,-1,0.475,-1,-1
268.75,52,-1,0.225,-1,-1
269,45,-1,0.675,-1,-1
269,57,-1,0.675,-1,-1
269.25,78,-1,0.225,-1,-1
269.5,78,-1,0.225,-1,-1
269.5,64,-1,0.45,-1,-1
269.5,69,-1,0.45,-1,-1
269.5,73,-1,0.45,-1,-1
269.75,76,-1,0.225,-1,-1
269.75,52,-1,0.225,-1,-1
270,78,-1,0.45,-1,-1
270,47,-1,0.675,-1,-1
270,59,-1,0.675,-1,-1
270.5,76,-1,0.225,-1,-1
270.5,66,-1,0.45,-1,-1
270.5,71,-1,0.45,-1,-1
270.5,75,-1,0.45,-1,-1
270.75,78,-1,0.475,-1,-1
270.75,54,-1,0.225,-1,-1
271,47,-1,0.675,-1,-1
271,59,-1,0.675,-1,-1
271.25,80,-1,0.45,-1,-1
271.5,66,-1,0.45,-1,-1
271.5,71,-1,0.45,-1,-1
271.5,75,-1,0.45,-1,-1
271.75,76,-1,1.6,-1,-1
271.75,54,-1,0.225,-1,-1
272,40,-1,0.675,-1,-1
272,52,-1,0.675,-1,-1
272.5,64,-1,0.45,-1,-1
272.5,68,-1,0.45,-1,-1
272.5,71,-1,0.45,-1,-1
272.75,47,-1,0.225,-1,-1
273,39,-1,0.675,-1,-1
273,51,-1,0.675,-1,-1
273.5,66,-1,0.45,-1,-1
273.5,71,-1,0.45,-1,-1
273.5,75,-1,0.45,-1,-1
273.75,47,-1,0.225,-1,-1
274,64,-1,0.225,-1,-1
274,49,-1,1.8,-1,-1
274.25,59,-1,0.225,-1,-1
274.5,66,-1,0.225,-1,-1
274.75,68,-1,0.225,-1,-1
275,64,-1,0.225,-1,-1
275.25,59,-1,0.225,-1,-1
275.5,66,-1,0.225,-1,-1
275.75,68,-1,0.225,-1,-1
276,64,-1,0.225,-1,-1
276,45,-1,1.8,-1,-1
276.25,59,-1,0.225,-1,-1
276.5,66,-1,0.225,-1,-1
276.75,68,-1,0.225,-1,-1
277,64,-1,0.225,-1,-1
277.25,59,-1,0.225,-1,-1
277.5,66,-1,0.225,-1,-1
277.75,68,-1,0.225,-1,-1
278,63,-1,0.225,-1,-1
278,47,-1,1.8,-1,-1
278.25,59,-1,0.225,-1,-1
278.5,66,-1,0.225,-1,-1
278.75,68,-1,0.225,-1,-1
279,63,-1,0.225,-1,-1
279.25,59,-1,0.225,-1,-1
279.5,66,-1,0.225,-1,-1
279.75,68,-1,0.225,-1,-1
280,64,-1,0.225,-1,-1
280,49,-1,0.9,-1,-1
280.25,59,-1,0.225,-1,-1
280.5,66,-1,0.225,-1,-1
280.75,68,-1,0.225,-1,-1
281,63,-1,0.225,-1,-1
281,44,-1,0.9,-1,-1
281.25,59,-1,0.225,-1,-1
281.5,66,-1,0.225,-1,-1
281.75,68,-1,0.225,-1,-1
282,64,-1,0.225,-1,-1
282,45,-1,1.8,-1,-1
282.25,59,-1,0.225,-1,-1
282.5,66,-1,0.225,-1,-1
282.75,68,-1,0.225,-1,-1
283,64,-1,0.225,-1,-1
283.25,59,-1,0.225,-1,-1
283.5,66,-1,0.225,-1,-1
283.75,68,-1,0.225,-1,-1
284,63,-1,0.225,-1,-1
284,47,-1,1.8,-1,-1
284.25,59,-1,0.225,-1,-1
284.5,66,-1,0.225,-1,-1
284.75,68,-1,0.225,-1,-1
285,63,-1,0.225,-1,-1
285.25,59,-1,0.225,-1,-1
285.5,66,-1,0.225,-1,-1
285.75,68,-1,0.225,-1,-1
286,64,-1,0.225,-1,-1
286,40,-1,1.8,-1,-1
286.25,59,-1,0.225,-1,-1
286.5,66,-1,0.225,-1,-1
286.75,68,-1,0.225,-1,-1
287,64,-1,0.225,-1,-1
287.25,59,-1,0.225,-1,-1
287.5,66,-1,0.225,-1,-1
287.75,68,-1,0.225,-1,-1
288,64,-1,3.8,-1,-1
288,40,-1,3.8,-1,-1