0.825,65,-1,0.220833,-1,-1
0.825,77,-1,0.220833,-1,-1
1.045833,67,-1,0.220833,-1,-1
1.270833,67,-1,0.220833,-1,-1
1.270833,70,-1,0.220833,-1,-1
1.491667,72,-1,0.220833,-1,-1
1.716667,75,-1,0.891667,-1,-1
1.716667,87,-1,0.891667,-1,-1
1.716667,60,-1,0.445833,-1,-1
1.716667,63,-1,0.445833,-1,-1
1.716667,67,-1,0.445833,-1,-1
2.1625,60,-1,0.220833,-1,-1
2.3875,60,-1,0.220833,-1,-1
2.3875,63,-1,0.220833,-1,-1
2.608333,75,-1,0.666667,-1,-1
2.608333,87,-1,0.666667,-1,-1
2.608333,60,-1,0.445833,-1,-1
2.608333,63,-1,0.445833,-1,-1
2.608333,67,-1,0.445833,-1,-1
3.054167,58,-1,0.220833,-1,-1
3.054167,62,-1,0.220833,-1,-1
3.279167,79,-1,0.220833,-1,-1
3.279167,56,-1,0.220833,-1,-1
3.5,77,-1,0.445833,-1,-1
3.5,56,-1,0.445833,-1,-1
3.5,60,-1,0.445833,-1,-1
3.95,75,-1,0.891667,-1,-1
3.95,56,-1,0.220833,-1,-1
4.170833,56,-1,0.220833,-1,-1
4.170833,60,-1,0.220833,-1,-1
4.395833,56,-1,0.445833,-1,-1
4.395833,60,-1,0.445833,-1,-1
4.841667,72,-1,0.220833,-1,-1
4.841667,56,-1,0.220833,-1,-1
5.0625,75,-1,0.108333,-1,-1
5.0625,58,-1,0.220833,-1,-1
5.0625,62,-1,0.220833,-1,-1
5.175,72,-1,0.108333,-1,-1
5.2875,70,-1,0.220833,-1,-1
5.2875,82,-1,0.220833,-1,-1
5.2875,58,-1,0.445833,-1,-1
5.2875,62,-1,0.445833,-1,-1
5.5125,70,-1,0.445833,-1,-1
5.5125,82,-1,0.445833,-1,-1
5.733333,58,-1,0.220833,-1,-1
5.958333,72,-1,0.220833,-1,-1
5.958333,58,-1,0.220833,-1,-1
5.958333,62,-1,0.220833,-1,-1
6.179167,75,-1,0.445833,-1,-1
6.179167,58,-1,0.445833,-1,-1
6.179167,62,-1,0.445833,-1,-1
6.625,77,-1,0.445833,-1,-1
6.625,58,-1,0.220833,-1,-1
6.85,55,-1,0.220833,-1,-1
6.85,58,-1,0.220833,-1,-1
7.075,79,-1,0.666667,-1,-1
7.075,91,-1,0.666667,-1,-1
7.075,55,-1,0.445833,-1,-1
7.075,58,-1,0.445833,-1,-1
7.520833,55,-1,0.220833,-1,-1
7.741667,55,-1,0.220833,-1,-1
7.741667,58,-1,0.220833,-1,-1
7.966667,65,-1,0.220833,-1,-1
7.966667,77,-1,0.220833,-1,-1
7.966667,55,-1,0.445833,-1,-1
7.966667,58,-1,0.445833,-1,-1
8.1875,67,-1,0.220833,-1,-1
8.4125,67,-1,0.220833,-1,-1
8.4125,70,-1,0.220833,-1,-1
8.4125,55,-1,0.220833,-1,-1
8.6375,72,-1,0.220833,-1,-1
8.6375,55,-1,0.220833,-1,-1
8.6375,58,-1,0.220833,-1,-1
8.858333,75,-1,0.891667,-1,-1
8.858333,87,-1,0.891667,-1,-1
8.858333,60,-1,0.445833,-1,-1
8.858333,63,-1,0.445833,-1,-1
8.858333,67,-1,0.445833,-1,-1
9.304167,60,-1,0.220833,-1,-1
9.529167,60,-1,0.220833,-1,-1
9.529167,63,-1,0.220833,-1,-1
9.75,75,-1,0.666667,-1,-1
9.75,87,-1,0.666667,-1,-1
9.75,60,-1,0.445833,-1,-1
9.75,63,-1,0.445833,-1,-1
9.75,67,-1,0.445833,-1,-1
10.2,58,-1,0.220833,-1,-1
10.2,62,-1,0.220833,-1,-1
10.420833,79,-1,0.220833,-1,-1
10.420833,56,-1,0.220833,-1,-1
10.645833,77,-1,0.445833,-1,-1
10.645833,56,-1,0.445833,-1,-1
10.645833,60,-1,0.445833,-1,-1
11.091667,75,-1,0.666667,-1,-1
11.091667,56,-1,0.220833,-1,-1
11.3125,56,-1,0.220833,-1,-1
11.3125,60,-1,0.220833,-1,-1
11.5375,56,-1,0.445833,-1,-1
11.5375,60,-1,0.445833,-1,-1
11.983333,72,-1,0.220833,-1,-1
11.983333,56,-1,0.220833,-1,-1
12.208333,75,-1,0.220833,-1,-1
12.208333,58,-1,0.220833,-1,-1
12.208333,62,-1,0.220833,-1,-1
12.429167,77,-1,1.783333,-1,-1
12.429167,89,-1,1.783333,-1,-1
12.429167,58,-1,0.445833,-1,-1
12.429167,62,-1,0.445833,-1,-1
12.875,58,-1,0.220833,-1,-1
13.1,58,-1,0.220833,-1,-1
13.1,62,-1,0.220833,-1,-1
13.325,58,-1,0.445833,-1,-1
13.325,62,-1,0.445833,-1,-1
13.770833,58,-1,0.220833,-1,-1
13.991667,58,-1,0.220833,-1,-1
14.216667,58,-1,0.445833,-1,-1
14.216667,62,-1,0.445833,-1,-1
14.6625,58,-1,0.220833,-1,-1
14.8875,58,-1,0.220833,-1,-1
14.8875,62,-1,0.220833,-1,-1
15.108333,58,-1,0.220833,-1,-1
15.333333,58,-1,0.220833,-1,-1
15.333333,62,-1,0.220833,-1,-1
15.554167,70,-1,0.441667,-1,-1
15.554167,58,-1,0.220833,-1,-1
15.554167,62,-1,0.220833,-1,-1
15.779167,58,-1,0.220833,-1,-1
15.779167,62,-1,0.220833,-1,-1
16,75,-1,0.891667,-1,-1
16,60,-1,0.445833,-1,-1
16,63,-1,0.445833,-1,-1
16,67,-1,0.445833,-1,-1
16.45,60,-1,0.220833,-1,-1
16.670833,60,-1,0.220833,-1,-1
16.670833,63,-1,0.220833,-1,-1
16.895833,74,-1,0.445833,-1,-1
16.895833,60,-1,0.445833,-1,-1
16.895833,63,-1,0.445833,-1,-1
16.895833,67,-1,0.445833,-1,-1
17.341667,75,-1,0.220833,-1,-1
17.341667,58,-1,0.220833,-1,-1
17.341667,62,-1,0.220833,-1,-1
17.5625,75,-1,1.3375,-1,-1
17.5625,56,-1,0.220833,-1,-1
17.7875,56,-1,0.445833,-1,-1
17.7875,60,-1,0.445833,-1,-1
18.233333,56,-1,0.220833,-1,-1
18.458333,56,-1,0.220833,-1,-1
18.458333,60,-1,0.220833,-1,-1
18.679167,56,-1,0.445833,-1,-1
18.679167,60,-1,0.445833,-1,-1
19.125,75,-1,0.441667,-1,-1
19.125,56,-1,0.220833,-1,-1
19.35,58,-1,0.220833,-1,-1
19.35,62,-1,0.220833,-1,-1
19.575,75,-1,0.445833,-1,-1
19.575,58,-1,0.445833,-1,-1
19.575,62,-1,0.445833,-1,-1
20.020833,74,-1,0.445833,-1,-1
20.020833,58,-1,0.220833,-1,-1
20.241667,58,-1,0.220833,-1,-1
20.241667,62,-1,0.220833,-1,-1
20.466667,72,-1,0.445833,-1,-1
20.466667,58,-1,0.445833,-1,-1
20.466667,62,-1,0.445833,-1,-1
20.9125,74,-1,0.220833,-1,-1
20.9125,58,-1,0.220833,-1,-1
21.1375,72,-1,0.445833,-1,-1
21.1375,55,-1,0.220833,-1,-1
21.1375,58,-1,0.220833,-1,-1
21.358333,55,-1,0.445833,-1,-1
21.358333,58,-1,0.445833,-1,-1
21.583333,70,-1,0.891667,-1,-1
21.804167,55,-1,0.220833,-1,-1
22.029167,55,-1,0.220833,-1,-1
22.029167,58,-1,0.220833,-1,-1
22.25,55,-1,0.445833,-1,-1
22.25,58,-1,0.445833,-1,-1
22.7,70,-1,0.441667,-1,-1
22.7,55,-1,0.220833,-1,-1
22.920833,55,-1,0.220833,-1,-1
22.920833,58,-1,0.220833,-1,-1
23.145833,70,-1,0.891667,-1,-1
23.145833,60,-1,0.445833,-1,-1
23.145833,63,-1,0.445833,-1,-1
23.145833,67,-1,0.445833,-1,-1
23.591667,60,-1,0.220833,-1,-1
23.8125,60,-1,0.220833,-1,-1
23.8125,63,-1,0.220833,-1,-1
24.0375,68,-1,0.445833,-1,-1
24.0375,60,-1,0.445833,-1,-1
24.0375,63,-1,0.445833,-1,-1
24.0375,67,-1,0.445833,-1,-1
24.483333,67,-1,0.220833,-1,-1
24.483333,58,-1,0.220833,-1,-1
24.483333,62,-1,0.220833,-1,-1
24.708333,70,-1,1.3375,-1,-1
24.708333,56,-1,0.220833,-1,-1
24.929167,56,-1,0.445833,-1,-1
24.929167,60,-1,0.445833,-1,-1
25.375,56,-1,0.220833,-1,-1
25.6,56,-1,0.220833,-1,-1
25.6,60,-1,0.220833,-1,-1
25.825,56,-1,0.445833,-1,-1
25.825,60,-1,0.445833,-1,-1
26.270833,70,-1,0.441667,-1,-1
26.270833,56,-1,0.220833,-1,-1
26.491667,58,-1,0.220833,-1,-1
26.491667,62,-1,0.220833,-1,-1
26.716667,70,-1,0.445833,-1,-1
26.716667,58,-1,0.445833,-1,-1
26.716667,62,-1,0.445833,-1,-1
27.1625,70,-1,0.220833,-1,-1
27.1625,58,-1,0.220833,-1,-1
27.3875,65,-1,0.220833,-1,-1
27.3875,58,-1,0.220833,-1,-1
27.3875,62,-1,0.220833,-1,-1
27.608333,65,-1,0.445833,-1,-1
27.608333,58,-1,0.445833,-1,-1
27.608333,62,-1,0.445833,-1,-1
28.054167,68,-1,0.220833,-1,-1
28.054167,58,-1,0.220833,-1,-1
28.279167,68,-1,0.445833,-1,-1
28.279167,55,-1,0.220833,-1,-1
28.279167,58,-1,0.220833,-1,-1
28.5,55,-1,0.445833,-1,-1
28.5,58,-1,0.445833,-1,-1
28.725,67,-1,0.891667,-1,-1
28.95,55,-1,0.220833,-1,-1
29.170833,55,-1,0.220833,-1,-1
29.170833,58,-1,0.220833,-1,-1
29.395833,55,-1,0.445833,-1,-1
29.395833,58,-1,0.445833,-1,-1
29.841667,70,-1,0.441667,-1,-1
29.841667,55,-1,0.220833,-1,-1
30.0625,60,-1,0.220833,-1,-1
30.0625,63,-1,0.220833,-1,-1
30.2875,75,-1,0.891667,-1,-1
30.2875,60,-1,0.445833,-1,-1
30.2875,63,-1,0.445833,-1,-1
30.2875,67,-1,0.445833,-1,-1
30.733333,60,-1,0.220833,-1,-1
30.958333,60,-1,0.220833,-1,-1
30.958333,63,-1,0.220833,-1,-1
31.179167,74,-1,0.445833,-1,-1
31.179167,60,-1,0.445833,-1,-1
31.179167,63,-1,0.445833,-1,-1
31.179167,67,-1,0.445833,-1,-1
31.625,75,-1,0.220833,-1,-1
31.625,58,-1,0.220833,-1,-1
31.625,62,-1,0.220833,-1,-1
31.85,75,-1,1.3375,-1,-1
31.85,56,-1,0.220833,-1,-1
32.075,56,-1,0.445833,-1,-1
32.075,60,-1,0.445833,-1,-1
32.520833,56,-1,0.220833,-1,-1
32.741667,56,-1,0.220833,-1,-1
32.741667,60,-1,0.220833,-1,-1
32.966667,56,-1,0.445833,-1,-1
32.966667,60,-1,0.445833,-1,-1
33.4125,75,-1,0.441667,-1,-1
33.4125,56,-1,0.220833,-1,-1
33.6375,58,-1,0.220833,-1,-1
33.6375,62,-1,0.220833,-1,-1
33.858333,75,-1,0.220833,-1,-1
33.858333,58,-1,0.445833,-1,-1
33.858333,62,-1,0.445833,-1,-1
34.083333,74,-1,0.220833,-1,-1
34.304167,74,-1,0.445833,-1,-1
34.304167,58,-1,0.220833,-1,-1
34.529167,58,-1,0.220833,-1,-1
34.529167,62,-1,0.220833,-1,-1
34.75,74,-1,0.220833,-1,-1
34.75,58,-1,0.445833,-1,-1
34.75,62,-1,0.445833,-1,-1
34.975,75,-1,0.220833,-1,-1
35.2,77,-1,0.220833,-1,-1
35.2,58,-1,0.220833,-1,-1
35.420833,77,-1,0.445833,-1,-1
35.420833,55,-1,0.220833,-1,-1
35.420833,58,-1,0.220833,-1,-1
35.645833,55,-1,0.445833,-1,-1
35.645833,58,-1,0.445833,-1,-1
35.866667,75,-1,0.445833,-1,-1
36.091667,55,-1,0.220833,-1,-1
36.3125,55,-1,0.220833,-1,-1
36.3125,58,-1,0.220833,-1,-1
36.5375,75,-1,0.445833,-1,-1
36.5375,55,-1,0.445833,-1,-1
36.5375,58,-1,0.445833,-1,-1
36.983333,74,-1,0.441667,-1,-1
36.983333,55,-1,0.220833,-1,-1
37.208333,60,-1,0.220833,-1,-1
37.208333,63,-1,0.220833,-1,-1
37.429167,75,-1,0.445833,-1,-1
37.429167,60,-1,0.445833,-1,-1
37.429167,63,-1,0.445833,-1,-1
37.429167,67,-1,0.445833,-1,-1
37.875,75,-1,0.445833,-1,-1
37.875,60,-1,0.220833,-1,-1
38.1,60,-1,0.220833,-1,-1
38.1,63,-1,0.220833,-1,-1
38.325,75,-1,0.445833,-1,-1
38.325,60,-1,0.445833,-1,-1
38.325,63,-1,0.445833,-1,-1
38.325,67,-1,0.445833,-1,-1
38.770833,74,-1,0.220833,-1,-1
38.770833,58,-1,0.220833,-1,-1
38.770833,62,-1,0.220833,-1,-1
38.991667,74,-1,0.445833,-1,-1
38.991667,56,-1,0.220833,-1,-1
39.216667,56,-1,0.445833,-1,-1
39.216667,60,-1,0.445833,-1,-1
39.4375,72,-1,0.666667,-1,-1
39.6625,56,-1,0.220833,-1,-1
39.8875,56,-1,0.220833,-1,-1
39.8875,60,-1,0.220833,-1,-1
40.108333,72,-1,0.445833,-1,-1
40.108333,56,-1,0.445833,-1,-1
40.108333,60,-1,0.445833,-1,-1
40.554167,74,-1,0.220833,-1,-1
40.554167,56,-1,0.220833,-1,-1
40.779167,72,-1,0.445833,-1,-1
40.779167,58,-1,0.220833,-1,-1
40.779167,62,-1,0.220833,-1,-1
41,58,-1,0.445833,-1,-1
41,62,-1,0.445833,-1,-1
41.225,70,-1,1.783333,-1,-1
41.45,58,-1,0.220833,-1,-1
41.670833,58,-1,0.220833,-1,-1
41.670833,62,-1,0.220833,-1,-1
41.895833,58,-1,0.445833,-1,-1
41.895833,62,-1,0.445833,-1,-1
42.341667,58,-1,0.220833,-1,-1
42.5625,58,-1,0.220833,-1,-1
42.7875,58,-1,0.445833,-1,-1
42.7875,62,-1,0.445833,-1,-1
43.233333,58,-1,0.220833,-1,-1
43.458333,58,-1,0.220833,-1,-1
43.458333,62,-1,0.220833,-1,-1
43.679167,70,-1,0.445833,-1,-1
43.679167,58,-1,0.220833,-1,-1
43.904167,58,-1,0.220833,-1,-1
43.904167,62,-1,0.220833,-1,-1
44.125,75,-1,0.441667,-1,-1
44.125,58,-1,0.220833,-1,-1
44.125,62,-1,0.220833,-1,-1
44.35,58,-1,0.220833,-1,-1
44.35,62,-1,0.220833,-1,-1
44.575,75,-1,0.891667,-1,-1
44.575,60,-1,0.445833,-1,-1
44.575,63,-1,0.445833,-1,-1
44.575,67,-1,0.445833,-1,-1
45.020833,60,-1,0.220833,-1,-1
45.241667,60,-1,0.220833,-1,-1
45.241667,63,-1,0.220833,-1,-1
45.466667,67,-1,0.445833,-1,-1
45.466667,60,-1,0.445833,-1,-1
45.466667,63,-1,0.445833,-1,-1
45.466667,67,-1,0.445833,-1,-1
45.9125,72,-1,0.445833,-1,-1
45.9125,58,-1,0.220833,-1,-1
45.9125,62,-1,0.220833,-1,-1
46.1375,56,-1,0.220833,-1,-1
46.358333,72,-1,0.891667,-1,-1
46.358333,56,-1,0.445833,-1,-1
46.358333,60,-1,0.445833,-1,-1
46.804167,56,-1,0.220833,-1,-1
47.029167,56,-1,0.220833,-1,-1
47.029167,60,-1,0.220833,-1,-1
47.25,70,-1,0.445833,-1,-1
47.25,56,-1,0.445833,-1,-1
47.25,60,-1,0.445833,-1,-1
47.7,77,-1,0.441667,-1,-1
47.7,56,-1,0.220833,-1,-1
47.920833,58,-1,0.220833,-1,-1
47.920833,62,-1,0.220833,-1,-1
48.145833,77,-1,0.891667,-1,-1
48.145833,58,-1,0.445833,-1,-1
48.145833,62,-1,0.445833,-1,-1
48.591667,58,-1,0.220833,-1,-1
48.8125,58,-1,0.220833,-1,-1
48.8125,62,-1,0.220833,-1,-1
49.0375,65,-1,0.445833,-1,-1
49.0375,58,-1,0.445833,-1,-1
49.0375,62,-1,0.445833,-1,-1
49.483333,68,-1,0.220833,-1,-1
49.483333,58,-1,0.220833,-1,-1
49.708333,68,-1,0.445833,-1,-1
49.708333,55,-1,0.220833,-1,-1
49.708333,58,-1,0.220833,-1,-1
49.929167,55,-1,0.445833,-1,-1
49.929167,58,-1,0.445833,-1,-1
50.154167,67,-1,0.891667,-1,-1
50.375,55,-1,0.220833,-1,-1
50.6,55,-1,0.220833,-1,-1
50.6,58,-1,0.220833,-1,-1
50.825,55,-1,0.445833,-1,-1
50.825,58,-1,0.445833,-1,-1
51.270833,70,-1,0.441667,-1,-1
51.270833,55,-1,0.220833,-1,-1
51.491667,60,-1,0.220833,-1,-1
51.491667,63,-1,0.220833,-1,-1
51.716667,70,-1,0.445833,-1,-1
51.716667,60,-1,0.445833,-1,-1
51.716667,63,-1,0.445833,-1,-1
51.716667,67,-1,0.445833,-1,-1
52.1625,68,-1,0.445833,-1,-1
52.1625,60,-1,0.220833,-1,-1
52.3875,60,-1,0.220833,-1,-1
52.3875,63,-1,0.220833,-1,-1
52.608333,68,-1,0.445833,-1,-1
52.608333,60,-1,0.445833,-1,-1
52.608333,63,-1,0.445833,-1,-1
52.608333,67,-1,0.445833,-1,-1
53.054167,67,-1,0.445833,-1,-1
53.054167,58,-1,0.220833,-1,-1
53.054167,62,-1,0.220833,-1,-1
53.279167,56,-1,0.220833,-1,-1
53.5,67,-1,0.445833,-1,-1
53.5,56,-1,0.445833,-1,-1
53.5,60,-1,0.445833,-1,-1
53.95,65,-1,0.445833,-1,-1
53.95,56,-1,0.220833,-1,-1
54.170833,56,-1,0.220833,-1,-1
54.170833,60,-1,0.220833,-1,-1
54.395833,65,-1,0.445833,-1,-1
54.395833,56,-1,0.445833,-1,-1
54.395833,60,-1,0.445833,-1,-1
54.841667,63,-1,0.441667,-1,-1
54.841667,56,-1,0.220833,-1,-1
55.0625,58,-1,0.220833,-1,-1
55.0625,62,-1,0.220833,-1,-1
55.2875,67,-1,0.220833,-1,-1
55.2875,58,-1,0.445833,-1,-1
55.2875,62,-1,0.445833,-1,-1
55.5125,65,-1,0.445833,-1,-1
55.733333,58,-1,0.220833,-1,-1
55.958333,65,-1,0.666667,-1,-1
55.958333,58,-1,0.220833,-1,-1
55.958333,62,-1,0.220833,-1,-1
56.179167,58,-1,0.445833,-1,-1
56.179167,62,-1,0.445833,-1,-1
56.625,68,-1,0.445833,-1,-1
56.625,58,-1,0.220833,-1,-1
56.85,55,-1,0.220833,-1,-1
56.85,58,-1,0.220833,-1,-1
57.075,67,-1,0.891667,-1,-1
57.075,55,-1,0.445833,-1,-1
57.075,58,-1,0.445833,-1,-1
57.520833,55,-1,0.220833,-1,-1
57.741667,55,-1,0.220833,-1,-1
57.741667,58,-1,0.220833,-1,-1
57.966667,70,-1,0.445833,-1,-1
57.966667,55,-1,0.445833,-1,-1
57.966667,58,-1,0.445833,-1,-1
58.4125,75,-1,0.441667,-1,-1
58.4125,55,-1,0.220833,-1,-1
58.6375,60,-1,0.220833,-1,-1
58.6375,63,-1,0.220833,-1,-1
58.858333,75,-1,1.783333,-1,-1
58.858333,60,-1,0.445833,-1,-1
58.858333,63,-1,0.445833,-1,-1
58.858333,67,-1,0.445833,-1,-1
59.304167,60,-1,0.220833,-1,-1
59.529167,60,-1,0.220833,-1,-1
59.529167,63,-1,0.220833,-1,-1
59.75,60,-1,0.445833,-1,-1
59.75,63,-1,0.445833,-1,-1
59.75,67,-1,0.445833,-1,-1
60.2,58,-1,0.220833,-1,-1
60.2,62,-1,0.220833,-1,-1
60.420833,56,-1,0.220833,-1,-1
60.645833,56,-1,0.445833,-1,-1
60.645833,60,-1,0.445833,-1,-1
61.091667,70,-1,0.445833,-1,-1
61.091667,56,-1,0.220833,-1,-1
61.3125,56,-1,0.220833,-1,-1
61.3125,60,-1,0.220833,-1,-1
61.5375,70,-1,0.445833,-1,-1
61.5375,56,-1,0.445833,-1,-1
61.5375,60,-1,0.445833,-1,-1
61.983333,77,-1,0.441667,-1,-1
61.983333,56,-1,0.220833,-1,-1
62.208333,58,-1,0.220833,-1,-1
62.208333,62,-1,0.220833,-1,-1
62.429167,77,-1,1.783333,-1,-1
62.429167,58,-1,0.445833,-1,-1
62.429167,62,-1,0.445833,-1,-1
62.875,58,-1,0.220833,-1,-1
63.1,58,-1,0.220833,-1,-1
63.1,62,-1,0.220833,-1,-1
63.325,58,-1,0.445833,-1,-1
63.325,62,-1,0.445833,-1,-1
63.770833,58,-1,0.220833,-1,-1
63.991667,55,-1,0.220833,-1,-1
63.991667,58,-1,0.220833,-1,-1
64.216667,55,-1,0.445833,-1,-1
64.216667,58,-1,0.445833,-1,-1
64.6625,67,-1,0.445833,-1,-1
64.6625,70,-1,0.445833,-1,-1
64.6625,55,-1,0.220833,-1,-1
64.8875,55,-1,0.220833,-1,-1
64.8875,58,-1,0.220833,-1,-1
65.108333,67,-1,0.445833,-1,-1
65.108333,70,-1,0.445833,-1,-1
65.108333,55,-1,0.445833,-1,-1
65.108333,58,-1,0.445833,-1,-1
65.554167,75,-1,0.441667,-1,-1
65.554167,79,-1,0.441667,-1,-1
65.554167,55,-1,0.220833,-1,-1
65.779167,60,-1,0.220833,-1,-1
65.779167,63,-1,0.220833,-1,-1
66,75,-1,0.445833,-1,-1
66,79,-1,0.445833,-1,-1
66,60,-1,0.445833,-1,-1
66,63,-1,0.445833,-1,-1
66,67,-1,0.445833,-1,-1
66.45,74,-1,0.445833,-1,-1
66.45,77,-1,0.445833,-1,-1
66.45,60,-1,0.220833,-1,-1
66.670833,60,-1,0.220833,-1,-1
66.670833,63,-1,0.220833,-1,-1
66.895833,74,-1,0.445833,-1,-1
66.895833,77,-1,0.445833,-1,-1
66.895833,60,-1,0.445833,-1,-1
66.895833,63,-1,0.445833,-1,-1
66.895833,67,-1,0.445833,-1,-1
67.341667,72,-1,0.445833,-1,-1
67.341667,75,-1,0.445833,-1,-1
67.341667,58,-1,0.220833,-1,-1
67.341667,62,-1,0.220833,-1,-1
67.5625,56,-1,0.220833,-1,-1
67.7875,72,-1,0.445833,-1,-1
67.7875,75,-1,0.445833,-1,-1
67.7875,56,-1,0.445833,-1,-1
67.7875,60,-1,0.445833,-1,-1
68.233333,74,-1,0.445833,-1,-1
68.233333,77,-1,0.445833,-1,-1
68.233333,56,-1,0.220833,-1,-1
68.458333,56,-1,0.220833,-1,-1
68.458333,60,-1,0.220833,-1,-1
68.679167,72,-1,0.445833,-1,-1
68.679167,75,-1,0.445833,-1,-1
68.679167,56,-1,0.445833,-1,-1
68.679167,60,-1,0.445833,-1,-1
69.125,75,-1,0.441667,-1,-1
69.125,79,-1,0.441667,-1,-1
69.125,56,-1,0.220833,-1,-1
69.35,58,-1,0.220833,-1,-1
69.35,62,-1,0.220833,-1,-1
69.575,75,-1,0.666667,-1,-1
69.575,79,-1,0.666667,-1,-1
69.575,58,-1,0.445833,-1,-1
69.575,62,-1,0.445833,-1,-1
70.020833,58,-1,0.220833,-1,-1
70.241667,74,-1,1.3375,-1,-1
70.241667,77,-1,1.3375,-1,-1
70.241667,58,-1,0.220833,-1,-1
70.241667,62,-1,0.220833,-1,-1
70.466667,58,-1,0.445833,-1,-1
70.466667,62,-1,0.445833,-1,-1
70.9125,58,-1,0.220833,-1,-1
71.1375,58,-1,0.220833,-1,-1
71.358333,58,-1,0.445833,-1,-1
71.358333,62,-1,0.445833,-1,-1
71.804167,70,-1,0.445833,-1,-1
71.804167,58,-1,0.220833,-1,-1
72.029167,58,-1,0.220833,-1,-1
72.029167,62,-1,0.220833,-1,-1
72.25,75,-1,0.445833,-1,-1
72.25,58,-1,0.220833,-1,-1
72.475,58,-1,0.220833,-1,-1
72.475,62,-1,0.220833,-1,-1
72.7,75,-1,0.220833,-1,-1
72.7,58,-1,0.220833,-1,-1
72.7,62,-1,0.220833,-1,-1
72.920833,75,-1,1.1125,-1,-1
72.920833,58,-1,0.220833,-1,-1
72.920833,62,-1,0.220833,-1,-1
73.145833,55,-1,0.445833,-1,-1
73.145833,60,-1,0.445833,-1,-1
73.145833,63,-1,0.445833,-1,-1
73.145833,67,-1,0.445833,-1,-1
73.591667,58,-1,0.445833,-1,-1
73.591667,60,-1,0.220833,-1,-1
73.8125,60,-1,0.220833,-1,-1
73.8125,63,-1,0.220833,-1,-1
74.0375,63,-1,0.445833,-1,-1
74.0375,60,-1,0.445833,-1,-1
74.0375,63,-1,0.445833,-1,-1
74.0375,67,-1,0.445833,-1,-1
74.483333,75,-1,0.445833,-1,-1
74.483333,58,-1,0.220833,-1,-1
74.483333,62,-1,0.220833,-1,-1
74.708333,56,-1,0.220833,-1,-1
74.929167,75,-1,0.445833,-1,-1
74.929167,56,-1,0.445833,-1,-1
74.929167,56,-1,0.445833,-1,-1
74.929167,60,-1,0.445833,-1,-1
75.375,74,-1,0.445833,-1,-1
75.375,58,-1,0.445833,-1,-1
75.375,56,-1,0.220833,-1,-1
75.6,56,-1,0.220833,-1,-1
75.6,60,-1,0.220833,-1,-1
75.825,72,-1,0.445833,-1,-1
75.825,63,-1,0.445833,-1,-1
75.825,56,-1,0.445833,-1,-1
75.825,60,-1,0.445833,-1,-1
76.270833,70,-1,0.441667,-1,-1
76.270833,56,-1,0.220833,-1,-1
76.491667,58,-1,0.220833,-1,-1
76.491667,62,-1,0.220833,-1,-1
76.716667,70,-1,0.445833,-1,-1
76.716667,74,-1,0.445833,-1,-1
76.716667,58,-1,0.445833,-1,-1
76.716667,58,-1,0.445833,-1,-1
76.716667,62,-1,0.445833,-1,-1
77.1625,72,-1,0.445833,-1,-1
77.1625,75,-1,0.445833,-1,-1
77.1625,63,-1,0.445833,-1,-1
77.1625,58,-1,0.220833,-1,-1
77.3875,58,-1,0.220833,-1,-1
77.3875,62,-1,0.220833,-1,-1
77.608333,74,-1,0.445833,-1,-1
77.608333,77,-1,0.445833,-1,-1
77.608333,62,-1,0.445833,-1,-1
77.608333,58,-1,0.445833,-1,-1
77.608333,62,-1,0.445833,-1,-1
78.054167,72,-1,0.220833,-1,-1
78.054167,75,-1,0.220833,-1,-1
78.054167,63,-1,0.220833,-1,-1
78.054167,58,-1,0.220833,-1,-1
78.279167,72,-1,0.445833,-1,-1
78.279167,75,-1,0.445833,-1,-1
78.279167,63,-1,0.666667,-1,-1
78.279167,55,-1,0.220833,-1,-1
78.279167,58,-1,0.220833,-1,-1
78.5,55,-1,0.445833,-1,-1
78.5,58,-1,0.445833,-1,-1
78.95,70,-1,0.445833,-1,-1
78.95,58,-1,0.445833,-1,-1
78.95,55,-1,0.220833,-1,-1
79.170833,55,-1,0.220833,-1,-1
79.170833,58,-1,0.220833,-1,-1
79.395833,75,-1,0.445833,-1,-1
79.395833,55,-1,0.445833,-1,-1
79.395833,53,-1,0.445833,-1,-1
79.395833,57,-1,0.445833,-1,-1
79.841667,75,-1,0.220833,-1,-1
79.841667,58,-1,0.441667,-1,-1
79.841667,53,-1,0.220833,-1,-1
80.0625,75,-1,1.1125,-1,-1
80.0625,60,-1,0.220833,-1,-1
80.0625,63,-1,0.220833,-1,-1
80.2875,55,-1,0.445833,-1,-1
80.2875,60,-1,0.445833,-1,-1
80.2875,63,-1,0.445833,-1,-1
80.2875,67,-1,0.445833,-1,-1
80.733333,58,-1,0.445833,-1,-1
80.733333,60,-1,0.220833,-1,-1
80.958333,60,-1,0.220833,-1,-1
80.958333,63,-1,0.220833,-1,-1
81.179167,63,-1,0.445833,-1,-1
81.179167,60,-1,0.445833,-1,-1
81.179167,63,-1,0.445833,-1,-1
81.179167,67,-1,0.445833,-1,-1
81.625,75,-1,0.445833,-1,-1
81.625,58,-1,0.220833,-1,-1
81.625,62,-1,0.220833,-1,-1
81.85,56,-1,0.220833,-1,-1
82.075,75,-1,0.445833,-1,-1
82.075,56,-1,0.445833,-1,-1
82.075,56,-1,0.445833,-1,-1
82.075,60,-1,0.445833,-1,-1
82.520833,74,-1,0.445833,-1,-1
82.520833,58,-1,0.445833,-1,-1
82.520833,56,-1,0.220833,-1,-1
82.741667,56,-1,0.220833,-1,-1
82.741667,60,-1,0.220833,-1,-1
82.966667,72,-1,0.445833,-1,-1
82.966667,63,-1,0.445833,-1,-1
82.966667,56,-1,0.445833,-1,-1
82.966667,60,-1,0.445833,-1,-1
83.4125,70,-1,0.441667,-1,-1
83.4125,56,-1,0.220833,-1,-1
83.6375,58,-1,0.220833,-1,-1
83.6375,62,-1,0.220833,-1,-1
83.858333,74,-1,0.445833,-1,-1
83.858333,77,-1,0.445833,-1,-1
83.858333,63,-1,0.445833,-1,-1
83.858333,58,-1,0.445833,-1,-1
83.858333,62,-1,0.445833,-1,-1
84.304167,75,-1,0.445833,-1,-1
84.304167,79,-1,0.445833,-1,-1
84.304167,63,-1,0.445833,-1,-1
84.304167,58,-1,0.220833,-1,-1
84.529167,58,-1,0.220833,-1,-1
84.529167,62,-1,0.220833,-1,-1
84.75,77,-1,0.445833,-1,-1
84.75,80,-1,0.445833,-1,-1
84.75,62,-1,0.445833,-1,-1
84.75,58,-1,0.445833,-1,-1
84.75,62,-1,0.445833,-1,-1
85.2,75,-1,0.220833,-1,-1
85.2,79,-1,0.220833,-1,-1
85.2,63,-1,0.220833,-1,-1
85.2,58,-1,0.220833,-1,-1
85.420833,75,-1,0.445833,-1,-1
85.420833,79,-1,0.445833,-1,-1
85.420833,63,-1,0.666667,-1,-1
85.420833,55,-1,0.220833,-1,-1
85.420833,58,-1,0.220833,-1,-1
85.645833,55,-1,0.445833,-1,-1
85.645833,58,-1,0.445833,-1,-1
86.091667,70,-1,0.445833,-1,-1
86.091667,58,-1,0.445833,-1,-1
86.091667,55,-1,0.220833,-1,-1
86.3125,55,-1,0.220833,-1,-1
86.3125,58,-1,0.220833,-1,-1
86.5375,75,-1,0.445833,-1,-1
86.5375,55,-1,0.445833,-1,-1
86.5375,53,-1,0.445833,-1,-1
86.5375,57,-1,0.445833,-1,-1
86.983333,75,-1,0.220833,-1,-1
86.983333,58,-1,0.441667,-1,-1
86.983333,53,-1,0.220833,-1,-1
87.208333,75,-1,1.1125,-1,-1
87.208333,60,-1,0.220833,-1,-1
87.208333,63,-1,0.220833,-1,-1
87.429167,55,-1,0.445833,-1,-1
87.429167,60,-1,0.445833,-1,-1
87.429167,63,-1,0.445833,-1,-1
87.429167,67,-1,0.445833,-1,-1
87.875,58,-1,0.445833,-1,-1
87.875,60,-1,0.220833,-1,-1
88.1,60,-1,0.220833,-1,-1
88.1,63,-1,0.220833,-1,-1
88.325,63,-1,0.445833,-1,-1
88.325,60,-1,0.445833,-1,-1
88.325,63,-1,0.445833,-1,-1
88.325,67,-1,0.445833,-1,-1
88.770833,75,-1,0.445833,-1,-1
88.770833,58,-1,0.220833,-1,-1
88.770833,62,-1,0.220833,-1,-1
88.991667,56,-1,0.220833,-1,-1
89.216667,75,-1,0.445833,-1,-1
89.216667,56,-1,0.445833,-1,-1
89.216667,56,-1,0.445833,-1,-1
89.216667,60,-1,0.445833,-1,-1
89.6625,74,-1,0.445833,-1,-1
89.6625,58,-1,0.445833,-1,-1
89.6625,56,-1,0.220833,-1,-1
89.8875,56,-1,0.220833,-1,-1
89.8875,60,-1,0.220833,-1,-1
90.108333,72,-1,0.445833,-1,-1
90.108333,63,-1,0.445833,-1,-1
90.108333,56,-1,0.445833,-1,-1
90.108333,60,-1,0.445833,-1,-1
90.554167,70,-1,0.441667,-1,-1
90.554167,56,-1,0.220833,-1,-1
90.779167,58,-1,0.220833,-1,-1
90.779167,62,-1,0.220833,-1,-1
91,74,-1,0.445833,-1,-1
91,77,-1,0.445833,-1,-1
91,58,-1,0.445833,-1,-1
91,55,-1,0.445833,-1,-1
91,58,-1,0.445833,-1,-1
91.45,72,-1,0.445833,-1,-1
91.45,75,-1,0.445833,-1,-1
91.45,63,-1,0.445833,-1,-1
91.45,58,-1,0.220833,-1,-1
91.670833,55,-1,0.220833,-1,-1
91.670833,58,-1,0.220833,-1,-1
91.895833,70,-1,0.445833,-1,-1
91.895833,74,-1,0.445833,-1,-1
91.895833,62,-1,0.445833,-1,-1
91.895833,55,-1,0.445833,-1,-1
91.895833,58,-1,0.445833,-1,-1
92.341667,72,-1,0.220833,-1,-1
92.341667,75,-1,0.220833,-1,-1
92.341667,63,-1,0.220833,-1,-1
92.341667,58,-1,0.220833,-1,-1
92.5625,72,-1,1.3375,-1,-1
92.5625,75,-1,1.3375,-1,-1
92.5625,63,-1,0.666667,-1,-1
92.5625,55,-1,0.220833,-1,-1
92.5625,58,-1,0.220833,-1,-1
92.7875,55,-1,0.445833,-1,-1
92.7875,58,-1,0.445833,-1,-1
93.233333,58,-1,0.445833,-1,-1
93.233333,55,-1,0.220833,-1,-1
93.458333,55,-1,0.220833,-1,-1
93.458333,58,-1,0.220833,-1,-1
93.679167,55,-1,0.445833,-1,-1
93.679167,51,-1,0.445833,-1,-1
93.679167,55,-1,0.445833,-1,-1
94.125,75,-1,0.441667,-1,-1
94.125,58,-1,0.441667,-1,-1
94.125,51,-1,0.220833,-1,-1
94.35,51,-1,0.220833,-1,-1
94.35,55,-1,0.220833,-1,-1
94.575,75,-1,0.445833,-1,-1
94.575,55,-1,0.445833,-1,-1
94.575,51,-1,0.445833,-1,-1
94.575,55,-1,0.445833,-1,-1
95.020833,79,-1,0.445833,-1,-1
95.020833,58,-1,0.445833,-1,-1
95.020833,51,-1,0.220833,-1,-1
95.241667,51,-1,0.220833,-1,-1
95.241667,55,-1,0.220833,-1,-1
95.466667,77,-1,0.445833,-1,-1
95.466667,63,-1,0.445833,-1,-1
95.466667,51,-1,0.445833,-1,-1
95.466667,55,-1,0.445833,-1,-1
95.9125,75,-1,0.445833,-1,-1
95.9125,51,-1,0.220833,-1,-1
96.1375,51,-1,0.220833,-1,-1
96.1375,55,-1,0.220833,-1,-1
96.358333,75,-1,0.445833,-1,-1
96.358333,65,-1,0.445833,-1,-1
96.358333,53,-1,0.445833,-1,-1
96.358333,57,-1,0.445833,-1,-1
96.804167,74,-1,0.445833,-1,-1
96.804167,63,-1,0.445833,-1,-1
96.804167,53,-1,0.220833,-1,-1
97.029167,53,-1,0.220833,-1,-1
97.029167,57,-1,0.220833,-1,-1
97.25,77,-1,0.445833,-1,-1
97.25,62,-1,0.445833,-1,-1
97.25,53,-1,0.445833,-1,-1
97.25,57,-1,0.445833,-1,-1
97.7,75,-1,0.220833,-1,-1
97.7,63,-1,0.441667,-1,-1
97.7,53,-1,0.220833,-1,-1
97.920833,75,-1,2.008333,-1,-1
97.920833,53,-1,0.220833,-1,-1
97.920833,57,-1,0.220833,-1,-1
98.145833,55,-1,0.445833,-1,-1
98.145833,51,-1,0.445833,-1,-1
98.145833,55,-1,0.445833,-1,-1
98.591667,58,-1,0.445833,-1,-1
98.591667,51,-1,0.220833,-1,-1
98.8125,51,-1,0.220833,-1,-1
98.8125,55,-1,0.220833,-1,-1
99.0375,63,-1,0.445833,-1,-1
99.0375,51,-1,0.445833,-1,-1
99.0375,55,-1,0.445833,-1,-1
99.483333,58,-1,0.445833,-1,-1
99.483333,51,-1,0.220833,-1,-1
99.483333,55,-1,0.220833,-1,-1
99.708333,51,-1,0.220833,-1,-1
99.929167,63,-1,0.445833,-1,-1
99.929167,55,-1,0.445833,-1,-1
99.929167,58,-1,0.445833,-1,-1
100.375,70,-1,0.445833,-1,-1
100.375,56,-1,0.445833,-1,-1
100.375,55,-1,0.220833,-1,-1
100.6,55,-1,0.220833,-1,-1
100.6,58,-1,0.220833,-1,-1
100.825,75,-1,0.445833,-1,-1
100.825,58,-1,0.445833,-1,-1
100.825,55,-1,0.445833,-1,-1
100.825,58,-1,0.445833,-1,-1
101.270833,75,-1,0.220833,-1,-1
101.270833,56,-1,0.441667,-1,-1
101.270833,55,-1,0.220833,-1,-1
101.491667,75,-1,1.1125,-1,-1
101.491667,55,-1,0.220833,-1,-1
101.491667,58,-1,0.220833,-1,-1
101.716667,55,-1,0.445833,-1,-1
101.716667,60,-1,0.445833,-1,-1
101.716667,63,-1,0.445833,-1,-1
101.716667,67,-1,0.445833,-1,-1
102.1625,58,-1,0.445833,-1,-1
102.1625,60,-1,0.220833,-1,-1
102.3875,60,-1,0.220833,-1,-1
102.3875,63,-1,0.220833,-1,-1
102.608333,63,-1,0.445833,-1,-1
102.608333,60,-1,0.445833,-1,-1
102.608333,63,-1,0.445833,-1,-1
102.608333,67,-1,0.445833,-1,-1
103.054167,75,-1,0.445833,-1,-1
103.054167,58,-1,0.220833,-1,-1
103.054167,62,-1,0.220833,-1,-1
103.279167,56,-1,0.220833,-1,-1
103.5,75,-1,0.445833,-1,-1
103.5,56,-1,0.445833,-1,-1
103.5,56,-1,0.445833,-1,-1
103.5,60,-1,0.445833,-1,-1
103.95,74,-1,0.445833,-1,-1
103.95,58,-1,0.445833,-1,-1
103.95,56,-1,0.220833,-1,-1
104.170833,56,-1,0.220833,-1,-1
104.170833,60,-1,0.220833,-1,-1
104.395833,72,-1,0.445833,-1,-1
104.395833,63,-1,0.445833,-1,-1
104.395833,56,-1,0.445833,-1,-1
104.395833,60,-1,0.445833,-1,-1
104.841667,70,-1,0.441667,-1,-1
104.841667,56,-1,0.220833,-1,-1
105.0625,58,-1,0.220833,-1,-1
105.0625,62,-1,0.220833,-1,-1
105.2875,70,-1,0.445833,-1,-1
105.2875,74,-1,0.445833,-1,-1
105.2875,58,-1,0.445833,-1,-1
105.2875,58,-1,0.445833,-1,-1
105.2875,62,-1,0.445833,-1,-1
105.733333,72,-1,0.445833,-1,-1
105.733333,75,-1,0.445833,-1,-1
105.733333,63,-1,0.445833,-1,-1
105.733333,58,-1,0.220833,-1,-1
105.958333,58,-1,0.220833,-1,-1
105.958333,62,-1,0.220833,-1,-1
106.179167,74,-1,0.445833,-1,-1
106.179167,77,-1,0.445833,-1,-1
106.179167,62,-1,0.445833,-1,-1
106.179167,58,-1,0.445833,-1,-1
106.179167,62,-1,0.445833,-1,-1
106.625,72,-1,0.220833,-1,-1
106.625,75,-1,0.220833,-1,-1
106.625,63,-1,0.220833,-1,-1
106.625,58,-1,0.220833,-1,-1
106.85,72,-1,0.445833,-1,-1
106.85,75,-1,0.445833,-1,-1
106.85,63,-1,0.666667,-1,-1
106.85,55,-1,0.220833,-1,-1
106.85,58,-1,0.220833,-1,-1
107.075,55,-1,0.445833,-1,-1
107.075,58,-1,0.445833,-1,-1
107.520833,70,-1,0.445833,-1,-1
107.520833,58,-1,0.445833,-1,-1
107.520833,55,-1,0.220833,-1,-1
107.741667,55,-1,0.220833,-1,-1
107.741667,58,-1,0.220833,-1,-1
107.966667,75,-1,0.445833,-1,-1
107.966667,55,-1,0.445833,-1,-1
107.966667,53,-1,0.445833,-1,-1
107.966667,57,-1,0.445833,-1,-1
108.4125,75,-1,0.220833,-1,-1
108.4125,58,-1,0.441667,-1,-1
108.4125,53,-1,0.220833,-1,-1
108.6375,75,-1,1.1125,-1,-1
108.6375,60,-1,0.220833,-1,-1
108.6375,63,-1,0.220833,-1,-1
108.858333,55,-1,0.445833,-1,-1
108.858333,60,-1,0.445833,-1,-1
108.858333,63,-1,0.445833,-1,-1
108.858333,67,-1,0.445833,-1,-1
109.304167,58,-1,0.445833,-1,-1
109.304167,60,-1,0.220833,-1,-1
109.529167,60,-1,0.220833,-1,-1
109.529167,63,-1,0.220833,-1,-1
109.75,63,-1,0.445833,-1,-1
109.75,60,-1,0.445833,-1,-1
109.75,63,-1,0.445833,-1,-1
109.75,67,-1,0.445833,-1,-1
110.2,75,-1,0.445833,-1,-1
110.2,58,-1,0.220833,-1,-1
110.2,62,-1,0.220833,-1,-1
110.420833,56,-1,0.220833,-1,-1
110.645833,75,-1,0.445833,-1,-1
110.645833,56,-1,0.445833,-1,-1
110.645833,56,-1,0.445833,-1,-1
110.645833,60,-1,0.445833,-1,-1
111.091667,74,-1,0.445833,-1,-1
111.091667,58,-1,0.445833,-1,-1
111.091667,56,-1,0.220833,-1,-1
111.3125,56,-1,0.220833,-1,-1
111.3125,60,-1,0.220833,-1,-1
111.5375,72,-1,0.445833,-1,-1
111.5375,63,-1,0.445833,-1,-1
111.5375,56,-1,0.445833,-1,-1
111.5375,60,-1,0.445833,-1,-1
111.983333,70,-1,0.441667,-1,-1
111.983333,56,-1,0.220833,-1,-1
112.208333,58,-1,0.220833,-1,-1
112.208333,62,-1,0.220833,-1,-1
112.429167,74,-1,0.445833,-1,-1
112.429167,77,-1,0.445833,-1,-1
112.429167,63,-1,0.445833,-1,-1
112.429167,58,-1,0.445833,-1,-1
112.429167,62,-1,0.445833,-1,-1
112.875,75,-1,0.445833,-1,-1
112.875,79,-1,0.445833,-1,-1
112.875,63,-1,0.445833,-1,-1
112.875,58,-1,0.220833,-1,-1
113.1,58,-1,0.220833,-1,-1
113.1,62,-1,0.220833,-1,-1
113.325,77,-1,0.445833,-1,-1
113.325,80,-1,0.445833,-1,-1
113.325,62,-1,0.445833,-1,-1
113.325,58,-1,0.445833,-1,-1
113.325,62,-1,0.445833,-1,-1
113.770833,75,-1,0.220833,-1,-1
113.770833,79,-1,0.220833,-1,-1
113.770833,63,-1,0.220833,-1,-1
113.770833,58,-1,0.220833,-1,-1
113.991667,75,-1,0.445833,-1,-1
113.991667,79,-1,0.445833,-1,-1
113.991667,63,-1,0.666667,-1,-1
113.991667,55,-1,0.220833,-1,-1
113.991667,58,-1,0.220833,-1,-1
114.216667,55,-1,0.445833,-1,-1
114.216667,58,-1,0.445833,-1,-1
114.6625,70,-1,0.445833,-1,-1
114.6625,58,-1,0.445833,-1,-1
114.6625,55,-1,0.220833,-1,-1
114.8875,55,-1,0.220833,-1,-1
114.8875,58,-1,0.220833,-1,-1
115.108333,75,-1,0.445833,-1,-1
115.108333,55,-1,0.445833,-1,-1
115.108333,53,-1,0.445833,-1,-1
115.108333,57,-1,0.445833,-1,-1
115.554167,75,-1,0.220833,-1,-1
115.554167,58,-1,0.441667,-1,-1
115.554167,53,-1,0.220833,-1,-1
115.779167,75,-1,1.1125,-1,-1
115.779167,60,-1,0.220833,-1,-1
115.779167,63,-1,0.220833,-1,-1
116,55,-1,0.445833,-1,-1
116,60,-1,0.445833,-1,-1
116,63,-1,0.445833,-1,-1
116,67,-1,0.445833,-1,-1
116.45,58,-1,0.445833,-1,-1
116.45,60,-1,0.220833,-1,-1
116.670833,60,-1,0.220833,-1,-1
116.670833,63,-1,0.220833,-1,-1
116.895833,63,-1,0.445833,-1,-1
116.895833,60,-1,0.445833,-1,-1
116.895833,63,-1,0.445833,-1,-1
116.895833,67,-1,0.445833,-1,-1
117.341667,75,-1,0.445833,-1,-1
117.341667,58,-1,0.220833,-1,-1
117.341667,62,-1,0.220833,-1,-1
117.5625,56,-1,0.220833,-1,-1
117.7875,75,-1,0.445833,-1,-1
117.7875,56,-1,0.445833,-1,-1
117.7875,56,-1,0.445833,-1,-1
117.7875,60,-1,0.445833,-1,-1
118.233333,74,-1,0.445833,-1,-1
118.233333,58,-1,0.445833,-1,-1
118.233333,56,-1,0.220833,-1,-1
118.458333,56,-1,0.220833,-1,-1
118.458333,60,-1,0.220833,-1,-1
118.679167,72,-1,0.445833,-1,-1
118.679167,63,-1,0.445833,-1,-1
118.679167,56,-1,0.445833,-1,-1
118.679167,60,-1,0.445833,-1,-1
119.125,70,-1,0.441667,-1,-1
119.125,56,-1,0.220833,-1,-1
119.35,58,-1,0.220833,-1,-1
119.35,62,-1,0.220833,-1,-1
119.575,74,-1,0.445833,-1,-1
119.575,77,-1,0.445833,-1,-1
119.575,58,-1,0.445833,-1,-1
119.575,53,-1,0.445833,-1,-1
119.575,57,-1,0.445833,-1,-1
120.020833,72,-1,0.445833,-1,-1
120.020833,75,-1,0.445833,-1,-1
120.020833,63,-1,0.445833,-1,-1
120.020833,53,-1,0.220833,-1,-1
120.241667,53,-1,0.220833,-1,-1
120.241667,57,-1,0.220833,-1,-1
120.466667,74,-1,0.445833,-1,-1
120.466667,77,-1,0.445833,-1,-1
120.466667,62,-1,0.445833,-1,-1
120.466667,53,-1,0.445833,-1,-1
120.466667,57,-1,0.445833,-1,-1
120.9125,77,-1,0.220833,-1,-1
120.9125,80,-1,0.220833,-1,-1
120.9125,63,-1,0.220833,-1,-1
120.9125,53,-1,0.220833,-1,-1
121.1375,75,-1,0.445833,-1,-1
121.1375,79,-1,0.445833,-1,-1
121.1375,63,-1,0.666667,-1,-1
121.1375,53,-1,0.220833,-1,-1
121.1375,57,-1,0.220833,-1,-1
121.358333,55,-1,0.445833,-1,-1
121.358333,58,-1,0.445833,-1,-1
121.583333,72,-1,0.891667,-1,-1
121.583333,75,-1,0.891667,-1,-1
121.804167,58,-1,0.445833,-1,-1
121.804167,55,-1,0.220833,-1,-1
122.029167,55,-1,0.220833,-1,-1
122.029167,58,-1,0.220833,-1,-1
122.25,55,-1,0.445833,-1,-1
122.25,50,-1,0.445833,-1,-1
122.25,53,-1,0.445833,-1,-1
122.7,75,-1,0.441667,-1,-1
122.7,58,-1,0.441667,-1,-1
122.7,50,-1,0.220833,-1,-1
122.920833,50,-1,0.220833,-1,-1
122.920833,53,-1,0.220833,-1,-1
123.145833,75,-1,0.445833,-1,-1
123.145833,55,-1,0.445833,-1,-1
123.145833,51,-1,0.445833,-1,-1
123.145833,55,-1,0.445833,-1,-1
123.591667,79,-1,0.445833,-1,-1
123.591667,58,-1,0.445833,-1,-1
123.591667,51,-1,0.220833,-1,-1
123.8125,51,-1,0.220833,-1,-1
123.8125,55,-1,0.220833,-1,-1
124.0375,77,-1,0.445833,-1,-1
124.0375,63,-1,0.445833,-1,-1
124.0375,51,-1,0.445833,-1,-1
124.0375,55,-1,0.445833,-1,-1
124.483333,75,-1,0.445833,-1,-1
124.483333,51,-1,0.220833,-1,-1
124.483333,55,-1,0.220833,-1,-1
124.708333,51,-1,0.220833,-1,-1
124.929167,75,-1,0.445833,-1,-1
124.929167,65,-1,0.445833,-1,-1
124.929167,55,-1,0.445833,-1,-1
124.929167,58,-1,0.445833,-1,-1
125.375,74,-1,0.445833,-1,-1
125.375,63,-1,0.445833,-1,-1
125.375,55,-1,0.220833,-1,-1
125.6,55,-1,0.220833,-1,-1
125.6,58,-1,0.220833,-1,-1
125.825,77,-1,0.445833,-1,-1
125.825,62,-1,0.445833,-1,-1
125.825,55,-1,0.445833,-1,-1
125.825,58,-1,0.445833,-1,-1
126.270833,75,-1,0.220833,-1,-1
126.270833,63,-1,0.441667,-1,-1
126.270833,55,-1,0.220833,-1,-1
126.491667,75,-1,2.9,-1,-1
126.491667,55,-1,0.220833,-1,-1
126.491667,58,-1,0.220833,-1,-1
126.716667,55,-1,0.445833,-1,-1
126.716667,51,-1,0.445833,-1,-1
126.716667,55,-1,0.445833,-1,-1
127.1625,58,-1,0.445833,-1,-1
127.1625,51,-1,0.220833,-1,-1
127.3875,51,-1,0.220833,-1,-1
127.3875,55,-1,0.220833,-1,-1
127.608333,63,-1,0.445833,-1,-1
127.608333,51,-1,0.445833,-1,-1
127.608333,55,-1,0.445833,-1,-1
128.054167,58,-1,0.445833,-1,-1
128.054167,51,-1,0.220833,-1,-1
128.054167,55,-1,0.220833,-1,-1
128.279167,51,-1,0.220833,-1,-1
128.5,63,-1,0.445833,-1,-1
128.5,55,-1,0.445833,-1,-1
128.5,58,-1,0.445833,-1,-1
128.95,56,-1,0.445833,-1,-1
128.95,55,-1,0.220833,-1,-1
129.170833,55,-1,0.220833,-1,-1
129.170833,58,-1,0.220833,-1,-1
129.395833,58,-1,0.445833,-1,-1
129.395833,55,-1,0.445833,-1,-1
129.395833,58,-1,0.445833,-1,-1
129.841667,56,-1,0.441667,-1,-1
129.841667,55,-1,0.220833,-1,-1
130.0625,55,-1,0.220833,-1,-1
130.0625,58,-1,0.220833,-1,-1
130.2875,60,-1,0.445833,-1,-1
130.2875,63,-1,0.445833,-1,-1
130.2875,67,-1,0.445833,-1,-1
130.733333,67,-1,0.220833,-1,-1
130.958333,60,-1,0.445833,-1,-1
130.958333,63,-1,0.445833,-1,-1
130.958333,67,-1,0.445833,-1,-1
131.404167,60,-1,0.220833,-1,-1
131.404167,63,-1,0.220833,-1,-1
131.404167,67,-1,0.220833,-1,-1
131.625,60,-1,0.220833,-1,-1
131.625,67,-1,0.220833,-1,-1
131.85,63,-1,0.220833,-1,-1
131.85,67,-1,0.220833,-1,-1
132.075,60,-1,0.445833,-1,-1
132.075,63,-1,0.445833,-1,-1
132.075,67,-1,0.445833,-1,-1
132.520833,60,-1,0.220833,-1,-1
132.520833,67,-1,0.220833,-1,-1
132.741667,60,-1,0.445833,-1,-1
132.741667,63,-1,0.445833,-1,-1
132.741667,67,-1,0.445833,-1,-1
133.1875,60,-1,0.220833,-1,-1
133.1875,63,-1,0.220833,-1,-1
133.1875,67,-1,0.220833,-1,-1
133.4125,60,-1,0.220833,-1,-1
133.4125,63,-1,0.220833,-1,-1
133.4125,67,-1,0.220833,-1,-1
133.6375,63,-1,0.220833,-1,-1
133.6375,67,-1,0.220833,-1,-1
133.858333,60,-1,0.445833,-1,-1
133.858333,63,-1,0.445833,-1,-1
133.858333,67,-1,0.445833,-1,-1
134.304167,67,-1,0.220833,-1,-1
134.529167,60,-1,0.445833,-1,-1
134.529167,63,-1,0.445833,-1,-1
134.529167,67,-1,0.445833,-1,-1
134.975,60,-1,0.220833,-1,-1
134.975,63,-1,0.220833,-1,-1
134.975,67,-1,0.220833,-1,-1
135.2,60,-1,0.220833,-1,-1
135.2,67,-1,0.220833,-1,-1
135.420833,63,-1,0.220833,-1,-1
135.420833,67,-1,0.220833,-1,-1
135.645833,60,-1,0.445833,-1,-1
135.645833,63,-1,0.445833,-1,-1
135.645833,67,-1,0.445833,-1,-1
136.091667,60,-1,0.220833,-1,-1
136.091667,67,-1,0.220833,-1,-1
136.3125,60,-1,0.445833,-1,-1
136.3125,63,-1,0.445833,-1,-1
136.3125,67,-1,0.445833,-1,-1
136.7625,60,-1,0.220833,-1,-1
136.7625,63,-1,0.220833,-1,-1
136.7625,67,-1,0.220833,-1,-1
136.983333,60,-1,0.220833,-1,-1
136.983333,63,-1,0.220833,-1,-1
136.983333,67,-1,0.220833,-1,-1
137.208333,63,-1,0.220833,-1,-1
137.208333,67,-1,0.220833,-1,-1
137.429167,60,-1,0.445833,-1,-1
137.429167,63,-1,0.445833,-1,-1
137.429167,67,-1,0.445833,-1,-1
137.875,67,-1,0.220833,-1,-1
138.1,60,-1,0.445833,-1,-1
138.1,63,-1,0.445833,-1,-1
138.1,67,-1,0.445833,-1,-1
138.545833,60,-1,0.220833,-1,-1
138.545833,63,-1,0.220833,-1,-1
138.545833,67,-1,0.220833,-1,-1
138.770833,60,-1,0.220833,-1,-1
138.770833,67,-1,0.220833,-1,-1
138.991667,63,-1,0.220833,-1,-1
138.991667,67,-1,0.220833,-1,-1
139.216667,60,-1,0.445833,-1,-1
139.216667,63,-1,0.445833,-1,-1
139.216667,67,-1,0.445833,-1,-1
139.6625,60,-1,0.220833,-1,-1
139.6625,67,-1,0.220833,-1,-1
139.8875,60,-1,0.445833,-1,-1
139.8875,63,-1,0.445833,-1,-1
139.8875,67,-1,0.445833,-1,-1
140.333333,60,-1,0.220833,-1,-1
140.333333,63,-1,0.220833,-1,-1
140.333333,67,-1,0.220833,-1,-1
140.554167,60,-1,0.220833,-1,-1
140.554167,63,-1,0.220833,-1,-1
140.554167,67,-1,0.220833,-1,-1
140.779167,63,-1,0.220833,-1,-1
140.779167,67,-1,0.220833,-1,-1
141,60,-1,0.445833,-1,-1
141,63,-1,0.445833,-1,-1
141,67,-1,0.445833,-1,-1
141.45,67,-1,0.220833,-1,-1
141.670833,60,-1,0.445833,-1,-1
141.670833,63,-1,0.445833,-1,-1
141.670833,67,-1,0.445833,-1,-1
142.116667,60,-1,0.220833,-1,-1
142.116667,63,-1,0.220833,-1,-1
142.116667,67,-1,0.220833,-1,-1
142.341667,60,-1,0.220833,-1,-1
142.341667,67,-1,0.220833,-1,-1
142.5625,63,-1,0.220833,-1,-1
142.5625,67,-1,0.220833,-1,-1
142.7875,60,-1,0.445833,-1,-1
142.7875,63,-1,0.445833,-1,-1
142.7875,67,-1,0.445833,-1,-1
143.233333,60,-1,0.220833,-1,-1
143.233333,67,-1,0.220833,-1,-1
143.458333,60,-1,0.445833,-1,-1
143.458333,63,-1,0.445833,-1,-1
143.458333,67,-1,0.445833,-1,-1
143.904167,60,-1,0.220833,-1,-1
143.904167,63,-1,0.220833,-1,-1
143.904167,67,-1,0.220833,-1,-1
144.125,60,-1,0.220833,-1,-1
144.125,63,-1,0.220833,-1,-1
144.125,67,-1,0.220833,-1,-1
144.35,63,-1,0.220833,-1,-1
144.35,67,-1,0.220833,-1,-1
144.575,60,-1,0.445833,-1,-1
144.575,63,-1,0.445833,-1,-1
144.575,67,-1,0.445833,-1,-1
145.020833,67,-1,0.220833,-1,-1
145.241667,60,-1,0.445833,-1,-1
145.241667,63,-1,0.445833,-1,-1
145.241667,67,-1,0.445833,-1,-1
145.6875,60,-1,0.220833,-1,-1
145.6875,63,-1,0.220833,-1,-1
145.6875,67,-1,0.220833,-1,-1
145.9125,60,-1,0.220833,-1,-1
145.9125,67,-1,0.220833,-1,-1
146.1375,63,-1,0.220833,-1,-1
146.1375,67,-1,0.220833,-1,-1
146.358333,60,-1,0.445833,-1,-1
146.358333,63,-1,0.445833,-1,-1
146.358333,67,-1,0.445833,-1,-1
146.804167,60,-1,0.220833,-1,-1
146.804167,67,-1,0.220833,-1,-1
147.029167,60,-1,0.445833,-1,-1
147.029167,63,-1,0.445833,-1,-1
147.029167,67,-1,0.445833,-1,-1
147.475,60,-1,0.220833,-1,-1
147.475,63,-1,0.220833,-1,-1
147.475,67,-1,0.220833,-1,-1
147.7,60,-1,0.220833,-1,-1
147.7,63,-1,0.220833,-1,-1
147.7,67,-1,0.220833,-1,-1
147.920833,63,-1,0.220833,-1,-1
147.920833,67,-1,0.220833,-1,-1
148.145833,60,-1,0.445833,-1,-1
148.145833,63,-1,0.445833,-1,-1
148.145833,67,-1,0.445833,-1,-1
148.591667,67,-1,0.220833,-1,-1
148.8125,60,-1,0.445833,-1,-1
148.8125,63,-1,0.445833,-1,-1
148.8125,67,-1,0.445833,-1,-1
149.2625,60,-1,0.220833,-1,-1
149.2625,63,-1,0.220833,-1,-1
149.2625,67,-1,0.220833,-1,-1
149.483333,60,-1,0.220833,-1,-1
149.483333,67,-1,0.220833,-1,-1
149.708333,63,-1,0.220833,-1,-1
149.708333,67,-1,0.220833,-1,-1
149.929167,60,-1,0.445833,-1,-1
149.929167,63,-1,0.445833,-1,-1
149.929167,67,-1,0.445833,-1,-1
150.375,60,-1,0.220833,-1,-1
150.375,67,-1,0.220833,-1,-1
150.6,60,-1,0.445833,-1,-1
150.6,63,-1,0.445833,-1,-1
150.6,67,-1,0.445833,-1,-1
151.045833,60,-1,0.220833,-1,-1
151.045833,63,-1,0.220833,-1,-1
151.045833,67,-1,0.220833,-1,-1
151.270833,60,-1,0.220833,-1,-1
151.270833,63,-1,0.220833,-1,-1
151.270833,67,-1,0.220833,-1,-1
151.491667,63,-1,0.220833,-1,-1
151.491667,67,-1,0.220833,-1,-1
151.716667,60,-1,0.445833,-1,-1
151.716667,63,-1,0.445833,-1,-1
151.716667,67,-1,0.445833,-1,-1
152.1625,67,-1,0.220833,-1,-1
152.3875,60,-1,0.445833,-1,-1
152.3875,63,-1,0.445833,-1,-1
152.3875,67,-1,0.445833,-1,-1
152.833333,60,-1,0.220833,-1,-1
152.833333,63,-1,0.220833,-1,-1
152.833333,67,-1,0.220833,-1,-1
153.054167,60,-1,0.220833,-1,-1
153.054167,67,-1,0.220833,-1,-1
153.279167,63,-1,0.220833,-1,-1
153.279167,67,-1,0.220833,-1,-1
153.5,60,-1,0.445833,-1,-1
153.5,63,-1,0.445833,-1,-1
153.5,67,-1,0.445833,-1,-1
153.95,60,-1,0.220833,-1,-1
153.95,67,-1,0.220833,-1,-1
154.170833,60,-1,0.445833,-1,-1
154.170833,63,-1,0.445833,-1,-1
154.170833,67,-1,0.445833,-1,-1
154.616667,60,-1,0.220833,-1,-1
154.616667,63,-1,0.220833,-1,-1
154.616667,67,-1,0.220833,-1,-1
154.841667,60,-1,0.220833,-1,-1
154.841667,63,-1,0.220833,-1,-1
154.841667,67,-1,0.220833,-1,-1
155.0625,63,-1,0.220833,-1,-1
155.0625,67,-1,0.220833,-1,-1
155.2875,60,-1,0.445833,-1,-1
155.2875,63,-1,0.445833,-1,-1
155.2875,67,-1,0.445833,-1,-1
155.733333,67,-1,0.220833,-1,-1
155.958333,60,-1,0.445833,-1,-1
155.958333,63,-1,0.445833,-1,-1
155.958333,67,-1,0.445833,-1,-1
156.404167,60,-1,0.220833,-1,-1
156.404167,63,-1,0.220833,-1,-1
156.404167,67,-1,0.220833,-1,-1
156.625,60,-1,0.220833,-1,-1
156.625,67,-1,0.220833,-1,-1
156.85,63,-1,0.220833,-1,-1
156.85,67,-1,0.220833,-1,-1
157.075,60,-1,0.445833,-1,-1
157.075,63,-1,0.445833,-1,-1
157.075,67,-1,0.445833,-1,-1
157.520833,70,-1,0.445833,-1,-1
157.520833,60,-1,0.220833,-1,-1
157.520833,67,-1,0.220833,-1,-1
157.741667,60,-1,0.445833,-1,-1
157.741667,63,-1,0.445833,-1,-1
157.741667,67,-1,0.445833,-1,-1
157.966667,75,-1,0.445833,-1,-1
158.1875,60,-1,0.220833,-1,-1
158.1875,63,-1,0.220833,-1,-1
158.1875,67,-1,0.220833,-1,-1
158.4125,75,-1,0.220833,-1,-1
158.4125,60,-1,0.220833,-1,-1
158.4125,63,-1,0.220833,-1,-1
158.4125,67,-1,0.220833,-1,-1
158.6375,75,-1,1.1125,-1,-1
158.6375,63,-1,0.220833,-1,-1
158.6375,67,-1,0.220833,-1,-1
158.858333,55,-1,0.445833,-1,-1
158.858333,60,-1,0.445833,-1,-1
158.858333,63,-1,0.445833,-1,-1
158.858333,67,-1,0.445833,-1,-1
159.304167,58,-1,0.445833,-1,-1
159.304167,60,-1,0.220833,-1,-1
159.529167,60,-1,0.220833,-1,-1
159.529167,63,-1,0.220833,-1,-1
159.75,63,-1,0.445833,-1,-1
159.75,60,-1,0.445833,-1,-1
159.75,63,-1,0.445833,-1,-1
159.75,67,-1,0.445833,-1,-1
160.2,75,-1,0.445833,-1,-1
160.2,58,-1,0.220833,-1,-1
160.2,62,-1,0.220833,-1,-1
160.420833,56,-1,0.220833,-1,-1
160.645833,75,-1,0.445833,-1,-1
160.645833,56,-1,0.445833,-1,-1
160.645833,56,-1,0.445833,-1,-1
160.645833,60,-1,0.445833,-1,-1
161.091667,74,-1,0.445833,-1,-1
161.091667,58,-1,0.445833,-1,-1
161.091667,56,-1,0.220833,-1,-1
161.3125,56,-1,0.220833,-1,-1
161.3125,60,-1,0.220833,-1,-1
161.5375,72,-1,0.445833,-1,-1
161.5375,63,-1,0.445833,-1,-1
161.5375,56,-1,0.445833,-1,-1
161.5375,60,-1,0.445833,-1,-1
161.983333,70,-1,0.441667,-1,-1
161.983333,56,-1,0.220833,-1,-1
162.208333,58,-1,0.220833,-1,-1
162.208333,62,-1,0.220833,-1,-1
162.429167,70,-1,0.445833,-1,-1
162.429167,74,-1,0.445833,-1,-1
162.429167,58,-1,0.445833,-1,-1
162.429167,58,-1,0.445833,-1,-1
162.429167,62,-1,0.445833,-1,-1
162.875,72,-1,0.445833,-1,-1
162.875,75,-1,0.445833,-1,-1
162.875,63,-1,0.445833,-1,-1
162.875,58,-1,0.220833,-1,-1
163.1,58,-1,0.220833,-1,-1
163.1,62,-1,0.220833,-1,-1
163.325,74,-1,0.445833,-1,-1
163.325,77,-1,0.445833,-1,-1
163.325,62,-1,0.445833,-1,-1
163.325,58,-1,0.445833,-1,-1
163.325,62,-1,0.445833,-1,-1
163.770833,72,-1,0.220833,-1,-1
163.770833,75,-1,0.220833,-1,-1
163.770833,63,-1,0.220833,-1,-1
163.770833,58,-1,0.220833,-1,-1
163.991667,72,-1,0.445833,-1,-1
163.991667,75,-1,0.445833,-1,-1
163.991667,63,-1,0.666667,-1,-1
163.991667,55,-1,0.220833,-1,-1
163.991667,58,-1,0.220833,-1,-1
164.216667,55,-1,0.445833,-1,-1
164.216667,58,-1,0.445833,-1,-1
164.6625,70,-1,0.445833,-1,-1
164.6625,58,-1,0.445833,-1,-1
164.6625,55,-1,0.220833,-1,-1
164.8875,55,-1,0.220833,-1,-1
164.8875,58,-1,0.220833,-1,-1
165.108333,75,-1,0.445833,-1,-1
165.108333,55,-1,0.445833,-1,-1
165.108333,53,-1,0.445833,-1,-1
165.108333,57,-1,0.445833,-1,-1
165.554167,75,-1,0.220833,-1,-1
165.554167,58,-1,0.441667,-1,-1
165.554167,53,-1,0.220833,-1,-1
165.779167,75,-1,1.1125,-1,-1
165.779167,60,-1,0.220833,-1,-1
165.779167,63,-1,0.220833,-1,-1
166,55,-1,0.445833,-1,-1
166,60,-1,0.445833,-1,-1
166,63,-1,0.445833,-1,-1
166,67,-1,0.445833,-1,-1
166.45,58,-1,0.445833,-1,-1
166.45,60,-1,0.220833,-1,-1
166.670833,60,-1,0.220833,-1,-1
166.670833,63,-1,0.220833,-1,-1
166.895833,63,-1,0.445833,-1,-1
166.895833,60,-1,0.445833,-1,-1
166.895833,63,-1,0.445833,-1,-1
166.895833,67,-1,0.445833,-1,-1
167.341667,75,-1,0.445833,-1,-1
167.341667,58,-1,0.220833,-1,-1
167.341667,62,-1,0.220833,-1,-1
167.5625,56,-1,0.220833,-1,-1
167.7875,75,-1,0.445833,-1,-1
167.7875,56,-1,0.445833,-1,-1
167.7875,56,-1,0.445833,-1,-1
167.7875,60,-1,0.445833,-1,-1
168.233333,74,-1,0.445833,-1,-1
168.233333,58,-1,0.445833,-1,-1
168.233333,56,-1,0.220833,-1,-1
168.458333,56,-1,0.220833,-1,-1
168.458333,60,-1,0.220833,-1,-1
168.679167,72,-1,0.445833,-1,-1
168.679167,63,-1,0.445833,-1,-1
168.679167,56,-1,0.445833,-1,-1
168.679167,60,-1,0.445833,-1,-1
169.125,70,-1,0.441667,-1,-1
169.125,56,-1,0.220833,-1,-1
169.35,58,-1,0.220833,-1,-1
169.35,62,-1,0.220833,-1,-1
169.575,74,-1,0.445833,-1,-1
169.575,77,-1,0.445833,-1,-1
169.575,63,-1,0.445833,-1,-1
169.575,58,-1,0.445833,-1,-1
169.575,62,-1,0.445833,-1,-1
170.020833,75,-1,0.445833,-1,-1
170.020833,79,-1,0.445833,-1,-1
170.020833,63,-1,0.445833,-1,-1
170.020833,58,-1,0.220833,-1,-1
170.241667,58,-1,0.220833,-1,-1
170.241667,62,-1,0.220833,-1,-1
170.466667,77,-1,0.445833,-1,-1
170.466667,80,-1,0.445833,-1,-1
170.466667,62,-1,0.445833,-1,-1
170.466667,58,-1,0.445833,-1,-1
170.466667,62,-1,0.445833,-1,-1
170.9125,75,-1,0.220833,-1,-1
170.9125,79,-1,0.220833,-1,-1
170.9125,63,-1,0.220833,-1,-1
170.9125,58,-1,0.220833,-1,-1
171.1375,75,-1,0.445833,-1,-1
171.1375,79,-1,0.445833,-1,-1
171.1375,63,-1,0.666667,-1,-1
171.1375,55,-1,0.220833,-1,-1
171.1375,58,-1,0.220833,-1,-1
171.358333,55,-1,0.445833,-1,-1
171.358333,58,-1,0.445833,-1,-1
171.804167,70,-1,0.445833,-1,-1
171.804167,58,-1,0.445833,-1,-1
171.804167,55,-1,0.220833,-1,-1
172.029167,55,-1,0.220833,-1,-1
172.029167,58,-1,0.220833,-1,-1
172.25,75,-1,0.445833,-1,-1
172.25,55,-1,0.445833,-1,-1
172.25,53,-1,0.445833,-1,-1
172.25,57,-1,0.445833,-1,-1
172.7,75,-1,0.220833,-1,-1
172.7,58,-1,0.441667,-1,-1
172.7,53,-1,0.220833,-1,-1
172.920833,75,-1,1.1125,-1,-1
172.920833,60,-1,0.220833,-1,-1
172.920833,63,-1,0.220833,-1,-1
173.145833,55,-1,0.445833,-1,-1
173.145833,60,-1,0.445833,-1,-1
173.145833,63,-1,0.445833,-1,-1
173.145833,67,-1,0.445833,-1,-1
173.591667,58,-1,0.445833,-1,-1
173.591667,60,-1,0.220833,-1,-1
173.8125,60,-1,0.220833,-1,-1
173.8125,63,-1,0.220833,-1,-1
174.0375,63,-1,0.445833,-1,-1
174.0375,60,-1,0.445833,-1,-1
174.0375,63,-1,0.445833,-1,-1
174.0375,67,-1,0.445833,-1,-1
174.483333,75,-1,0.445833,-1,-1
174.483333,58,-1,0.220833,-1,-1
174.483333,62,-1,0.220833,-1,-1
174.708333,56,-1,0.220833,-1,-1
174.929167,75,-1,0.445833,-1,-1
174.929167,56,-1,0.445833,-1,-1
174.929167,56,-1,0.445833,-1,-1
174.929167,60,-1,0.445833,-1,-1
175.375,74,-1,0.445833,-1,-1
175.375,58,-1,0.445833,-1,-1
175.375,56,-1,0.220833,-1,-1
175.6,56,-1,0.220833,-1,-1
175.6,60,-1,0.220833,-1,-1
175.825,72,-1,0.445833,-1,-1
175.825,63,-1,0.445833,-1,-1
175.825,56,-1,0.445833,-1,-1
175.825,60,-1,0.445833,-1,-1
176.270833,70,-1,0.441667,-1,-1
176.270833,56,-1,0.220833,-1,-1
176.491667,58,-1,0.220833,-1,-1
176.491667,62,-1,0.220833,-1,-1
176.716667,77,-1,0.445833,-1,-1
176.716667,58,-1,0.445833,-1,-1
176.716667,55,-1,0.445833,-1,-1
176.716667,58,-1,0.445833,-1,-1
177.1625,75,-1,0.445833,-1,-1
177.1625,63,-1,0.445833,-1,-1
177.1625,58,-1,0.220833,-1,-1
177.3875,55,-1,0.220833,-1,-1
177.3875,58,-1,0.220833,-1,-1
177.608333,74,-1,0.445833,-1,-1
177.608333,62,-1,0.445833,-1,-1
177.608333,55,-1,0.445833,-1,-1
177.608333,58,-1,0.445833,-1,-1
178.054167,75,-1,0.220833,-1,-1
178.054167,63,-1,0.220833,-1,-1
178.054167,58,-1,0.220833,-1,-1
178.279167,75,-1,1.3375,-1,-1
178.279167,63,-1,0.666667,-1,-1
178.279167,55,-1,0.220833,-1,-1
178.279167,58,-1,0.220833,-1,-1
178.5,55,-1,0.445833,-1,-1
178.5,58,-1,0.445833,-1,-1
178.95,58,-1,0.445833,-1,-1
178.95,55,-1,0.220833,-1,-1
179.170833,55,-1,0.220833,-1,-1
179.170833,58,-1,0.220833,-1,-1
179.395833,55,-1,0.445833,-1,-1
179.395833,51,-1,0.445833,-1,-1
179.395833,55,-1,0.445833,-1,-1
179.841667,75,-1,0.441667,-1,-1
179.841667,58,-1,0.441667,-1,-1
179.841667,51,-1,0.220833,-1,-1
180.0625,51,-1,0.220833,-1,-1
180.0625,55,-1,0.220833,-1,-1
180.2875,75,-1,0.445833,-1,-1
180.2875,55,-1,0.445833,-1,-1
180.2875,51,-1,0.445833,-1,-1
180.2875,55,-1,0.445833,-1,-1
180.733333,79,-1,0.445833,-1,-1
180.733333,58,-1,0.445833,-1,-1
180.733333,51,-1,0.220833,-1,-1
180.958333,51,-1,0.220833,-1,-1
180.958333,55,-1,0.220833,-1,-1
181.179167,77,-1,0.445833,-1,-1
181.179167,63,-1,0.445833,-1,-1
181.179167,51,-1,0.445833,-1,-1
181.179167,55,-1,0.445833,-1,-1
181.625,75,-1,0.445833,-1,-1
181.625,51,-1,0.220833,-1,-1
181.85,51,-1,0.220833,-1,-1
181.85,55,-1,0.220833,-1,-1
182.075,75,-1,0.445833,-1,-1
182.075,53,-1,0.445833,-1,-1
182.075,57,-1,0.445833,-1,-1
182.520833,74,-1,0.445833,-1,-1
182.520833,53,-1,0.220833,-1,-1
182.741667,53,-1,0.220833,-1,-1
182.741667,57,-1,0.220833,-1,-1
182.966667,77,-1,0.445833,-1,-1
182.966667,53,-1,0.445833,-1,-1
182.966667,57,-1,0.445833,-1,-1
183.4125,75,-1,0.220833,-1,-1
183.4125,53,-1,0.220833,-1,-1
183.6375,75,-1,2.008333,-1,-1
183.6375,53,-1,0.220833,-1,-1
183.6375,57,-1,0.220833,-1,-1
183.858333,51,-1,0.445833,-1,-1
183.858333,55,-1,0.445833,-1,-1
184.304167,51,-1,0.220833,-1,-1
184.529167,51,-1,0.220833,-1,-1
184.529167,55,-1,0.220833,-1,-1
184.75,51,-1,0.445833,-1,-1
184.75,55,-1,0.445833,-1,-1
185.2,51,-1,0.220833,-1,-1
185.2,55,-1,0.220833,-1,-1
185.420833,51,-1,0.220833,-1,-1
185.645833,55,-1,0.445833,-1,-1
185.645833,58,-1,0.445833,-1,-1
186.091667,55,-1,0.220833,-1,-1
186.3125,55,-1,0.220833,-1,-1
186.3125,58,-1,0.220833,-1,-1
186.5375,70,-1,0.445833,-1,-1
186.5375,55,-1,0.445833,-1,-1
186.5375,58,-1,0.445833,-1,-1
186.983333,75,-1,0.441667,-1,-1
186.983333,55,-1,0.220833,-1,-1
187.208333,55,-1,0.220833,-1,-1
187.208333,58,-1,0.220833,-1,-1
187.429167,75,-1,0.891667,-1,-1
187.429167,60,-1,0.445833,-1,-1
187.429167,63,-1,0.445833,-1,-1
187.429167,67,-1,0.445833,-1,-1
187.429167,79,-1,0.445833,-1,-1
187.875,60,-1,0.445833,-1,-1
188.325,67,-1,0.445833,-1,-1
188.325,60,-1,0.445833,-1,-1
188.325,63,-1,0.445833,-1,-1
188.325,67,-1,0.445833,-1,-1
188.325,79,-1,0.445833,-1,-1
188.770833,72,-1,0.445833,-1,-1
188.770833,60,-1,0.445833,-1,-1
189.216667,72,-1,0.891667,-1,-1
189.216667,60,-1,0.445833,-1,-1
189.216667,63,-1,0.445833,-1,-1
189.216667,67,-1,0.445833,-1,-1
189.216667,79,-1,0.445833,-1,-1
189.6625,60,-1,0.445833,-1,-1
190.108333,70,-1,0.445833,-1,-1
190.108333,60,-1,0.445833,-1,-1
190.108333,63,-1,0.445833,-1,-1
190.108333,67,-1,0.445833,-1,-1
190.108333,79,-1,0.445833,-1,-1
190.554167,77,-1,0.441667,-1,-1
190.554167,60,-1,0.441667,-1,-1
191,77,-1,0.891667,-1,-1
191,58,-1,0.445833,-1,-1
191,62,-1,0.445833,-1,-1
191,65,-1,0.445833,-1,-1
191,77,-1,0.445833,-1,-1
191.45,58,-1,0.445833,-1,-1
191.895833,65,-1,0.445833,-1,-1
191.895833,58,-1,0.445833,-1,-1
191.895833,62,-1,0.445833,-1,-1
191.895833,65,-1,0.445833,-1,-1
191.895833,79,-1,0.445833,-1,-1
192.341667,68,-1,0.220833,-1,-1
192.341667,58,-1,0.445833,-1,-1
192.5625,68,-1,0.445833,-1,-1
192.7875,60,-1,0.445833,-1,-1
192.7875,63,-1,0.445833,-1,-1
192.7875,67,-1,0.445833,-1,-1
192.7875,79,-1,0.445833,-1,-1
193.0125,67,-1,0.891667,-1,-1
193.233333,60,-1,0.445833,-1,-1
193.679167,65,-1,0.445833,-1,-1
193.679167,77,-1,0.445833,-1,-1
194.125,70,-1,0.441667,-1,-1
194.125,79,-1,0.441667,-1,-1
194.575,70,-1,0.445833,-1,-1
194.575,60,-1,0.445833,-1,-1
194.575,63,-1,0.445833,-1,-1
194.575,67,-1,0.445833,-1,-1
194.575,79,-1,0.445833,-1,-1
195.020833,68,-1,0.445833,-1,-1
195.020833,60,-1,0.445833,-1,-1
195.466667,68,-1,0.445833,-1,-1
195.466667,60,-1,0.445833,-1,-1
195.466667,63,-1,0.445833,-1,-1
195.466667,67,-1,0.445833,-1,-1
195.466667,79,-1,0.445833,-1,-1
195.9125,67,-1,0.445833,-1,-1
195.9125,60,-1,0.445833,-1,-1
196.358333,67,-1,0.445833,-1,-1
196.358333,60,-1,0.445833,-1,-1
196.358333,63,-1,0.445833,-1,-1
196.358333,67,-1,0.445833,-1,-1
196.358333,79,-1,0.445833,-1,-1
196.804167,65,-1,0.445833,-1,-1
196.804167,60,-1,0.445833,-1,-1
197.25,65,-1,0.445833,-1,-1
197.25,60,-1,0.445833,-1,-1
197.25,63,-1,0.445833,-1,-1
197.25,67,-1,0.445833,-1,-1
197.25,79,-1,0.445833,-1,-1
197.7,63,-1,0.441667,-1,-1
197.7,60,-1,0.441667,-1,-1
198.145833,67,-1,0.220833,-1,-1
198.145833,58,-1,0.445833,-1,-1
198.145833,62,-1,0.445833,-1,-1
198.145833,65,-1,0.445833,-1,-1
198.145833,77,-1,0.445833,-1,-1
198.366667,65,-1,0.445833,-1,-1
198.591667,58,-1,0.445833,-1,-1
198.8125,65,-1,0.666667,-1,-1
199.0375,58,-1,0.445833,-1,-1
199.0375,62,-1,0.445833,-1,-1
199.0375,65,-1,0.445833,-1,-1
199.0375,77,-1,0.445833,-1,-1
199.483333,68,-1,0.445833,-1,-1
199.483333,58,-1,0.445833,-1,-1
199.929167,67,-1,0.891667,-1,-1
200.825,70,-1,0.445833,-1,-1
201.270833,75,-1,0.441667,-1,-1
201.716667,75,-1,1.783333,-1,-1
201.716667,60,-1,0.445833,-1,-1
201.716667,63,-1,0.445833,-1,-1
201.716667,67,-1,0.445833,-1,-1
202.1625,60,-1,0.220833,-1,-1
202.3875,60,-1,0.220833,-1,-1
202.3875,63,-1,0.220833,-1,-1
202.608333,60,-1,0.445833,-1,-1
202.608333,63,-1,0.445833,-1,-1
202.608333,67,-1,0.445833,-1,-1
203.054167,58,-1,0.220833,-1,-1
203.054167,62,-1,0.220833,-1,-1
203.279167,56,-1,0.220833,-1,-1
203.5,56,-1,0.445833,-1,-1
203.5,60,-1,0.445833,-1,-1
203.95,70,-1,0.445833,-1,-1
203.95,56,-1,0.220833,-1,-1
204.170833,56,-1,0.220833,-1,-1
204.170833,60,-1,0.220833,-1,-1
204.395833,70,-1,0.445833,-1,-1
204.395833,56,-1,0.445833,-1,-1
204.395833,60,-1,0.445833,-1,-1
204.841667,77,-1,0.441667,-1,-1
204.841667,56,-1,0.220833,-1,-1
205.0625,58,-1,0.220833,-1,-1
205.0625,62,-1,0.220833,-1,-1
205.2875,77,-1,1.783333,-1,-1
205.2875,58,-1,0.445833,-1,-1
205.2875,62,-1,0.445833,-1,-1
205.733333,58,-1,0.220833,-1,-1
205.958333,58,-1,0.220833,-1,-1
205.958333,62,-1,0.220833,-1,-1
206.179167,58,-1,0.445833,-1,-1
206.179167,62,-1,0.445833,-1,-1
206.625,58,-1,0.220833,-1,-1
206.85,55,-1,0.220833,-1,-1
206.85,58,-1,0.220833,-1,-1
207.075,55,-1,0.445833,-1,-1
207.075,58,-1,0.445833,-1,-1
207.520833,67,-1,0.445833,-1,-1
207.520833,70,-1,0.445833,-1,-1
207.520833,55,-1,0.220833,-1,-1
207.741667,55,-1,0.220833,-1,-1
207.741667,58,-1,0.220833,-1,-1
207.966667,67,-1,0.445833,-1,-1
207.966667,70,-1,0.445833,-1,-1
207.966667,55,-1,0.445833,-1,-1
207.966667,58,-1,0.445833,-1,-1
208.4125,75,-1,0.441667,-1,-1
208.4125,79,-1,0.441667,-1,-1
208.4125,55,-1,0.220833,-1,-1
208.6375,60,-1,0.220833,-1,-1
208.6375,63,-1,0.220833,-1,-1
208.858333,75,-1,0.445833,-1,-1
208.858333,79,-1,0.445833,-1,-1
208.858333,60,-1,0.445833,-1,-1
208.858333,63,-1,0.445833,-1,-1
208.858333,67,-1,0.445833,-1,-1
209.304167,74,-1,0.445833,-1,-1
209.304167,77,-1,0.445833,-1,-1
209.304167,60,-1,0.220833,-1,-1
209.529167,60,-1,0.220833,-1,-1
209.529167,63,-1,0.220833,-1,-1
209.75,74,-1,0.445833,-1,-1
209.75,77,-1,0.445833,-1,-1
209.75,60,-1,0.445833,-1,-1
209.75,63,-1,0.445833,-1,-1
209.75,67,-1,0.445833,-1,-1
210.2,72,-1,0.445833,-1,-1
210.2,75,-1,0.445833,-1,-1
210.2,58,-1,0.220833,-1,-1
210.2,62,-1,0.220833,-1,-1
210.420833,56,-1,0.220833,-1,-1
210.645833,72,-1,0.445833,-1,-1
210.645833,75,-1,0.445833,-1,-1
210.645833,56,-1,0.445833,-1,-1
210.645833,60,-1,0.445833,-1,-1
211.091667,74,-1,0.445833,-1,-1
211.091667,77,-1,0.445833,-1,-1
211.091667,56,-1,0.220833,-1,-1
211.3125,56,-1,0.220833,-1,-1
211.3125,60,-1,0.220833,-1,-1
211.5375,72,-1,0.445833,-1,-1
211.5375,75,-1,0.445833,-1,-1
211.5375,56,-1,0.445833,-1,-1
211.5375,60,-1,0.445833,-1,-1
211.983333,75,-1,0.441667,-1,-1
211.983333,79,-1,0.441667,-1,-1
211.983333,56,-1,0.220833,-1,-1
212.208333,58,-1,0.220833,-1,-1
212.208333,62,-1,0.220833,-1,-1
212.429167,75,-1,0.666667,-1,-1
212.429167,79,-1,0.666667,-1,-1
212.429167,58,-1,0.445833,-1,-1
212.429167,62,-1,0.445833,-1,-1
212.875,58,-1,0.220833,-1,-1
213.1,74,-1,1.3375,-1,-1
213.1,77,-1,1.3375,-1,-1
213.1,58,-1,0.220833,-1,-1
213.1,62,-1,0.220833,-1,-1
213.325,58,-1,0.445833,-1,-1
213.325,62,-1,0.445833,-1,-1
213.770833,58,-1,0.220833,-1,-1
213.991667,58,-1,0.220833,-1,-1
214.216667,58,-1,0.445833,-1,-1
214.216667,62,-1,0.445833,-1,-1
214.6625,70,-1,0.445833,-1,-1
214.6625,58,-1,0.220833,-1,-1
214.8875,58,-1,0.220833,-1,-1
214.8875,62,-1,0.220833,-1,-1
215.108333,75,-1,0.445833,-1,-1
215.108333,58,-1,0.220833,-1,-1
215.333333,58,-1,0.220833,-1,-1
215.333333,62,-1,0.220833,-1,-1
215.554167,75,-1,0.220833,-1,-1
215.554167,58,-1,0.220833,-1,-1
215.554167,62,-1,0.220833,-1,-1
215.779167,75,-1,1.1125,-1,-1
215.779167,58,-1,0.220833,-1,-1
215.779167,62,-1,0.220833,-1,-1
216,55,-1,0.445833,-1,-1
216,60,-1,0.445833,-1,-1
216,63,-1,0.445833,-1,-1
216,67,-1,0.445833,-1,-1
216.45,58,-1,0.445833,-1,-1
216.45,60,-1,0.220833,-1,-1
216.670833,60,-1,0.220833,-1,-1
216.670833,63,-1,0.220833,-1,-1
216.895833,63,-1,0.445833,-1,-1
216.895833,60,-1,0.445833,-1,-1
216.895833,63,-1,0.445833,-1,-1
216.895833,67,-1,0.445833,-1,-1
217.341667,75,-1,0.445833,-1,-1
217.341667,58,-1,0.220833,-1,-1
217.341667,62,-1,0.220833,-1,-1
217.5625,56,-1,0.220833,-1,-1
217.7875,75,-1,0.445833,-1,-1
217.7875,56,-1,0.445833,-1,-1
217.7875,56,-1,0.445833,-1,-1
217.7875,60,-1,0.445833,-1,-1
218.233333,74,-1,0.445833,-1,-1
218.233333,58,-1,0.445833,-1,-1
218.233333,56,-1,0.220833,-1,-1
218.458333,56,-1,0.220833,-1,-1
218.458333,60,-1,0.220833,-1,-1
218.679167,72,-1,0.445833,-1,-1
218.679167,63,-1,0.445833,-1,-1
218.679167,56,-1,0.445833,-1,-1
218.679167,60,-1,0.445833,-1,-1
219.125,70,-1,0.441667,-1,-1
219.125,56,-1,0.220833,-1,-1
219.35,58,-1,0.220833,-1,-1
219.35,62,-1,0.220833,-1,-1
219.575,70,-1,0.445833,-1,-1
219.575,74,-1,0.445833,-1,-1
219.575,58,-1,0.445833,-1,-1
219.575,58,-1,0.445833,-1,-1
219.575,62,-1,0.445833,-1,-1
220.020833,72,-1,0.445833,-1,-1
220.020833,75,-1,0.445833,-1,-1
220.020833,63,-1,0.445833,-1,-1
220.020833,58,-1,0.220833,-1,-1
220.241667,58,-1,0.220833,-1,-1
220.241667,62,-1,0.220833,-1,-1
220.466667,74,-1,0.445833,-1,-1
220.466667,77,-1,0.445833,-1,-1
220.466667,62,-1,0.445833,-1,-1
220.466667,58,-1,0.445833,-1,-1
220.466667,62,-1,0.445833,-1,-1
220.9125,72,-1,0.220833,-1,-1
220.9125,75,-1,0.220833,-1,-1
220.9125,63,-1,0.220833,-1,-1
220.9125,58,-1,0.220833,-1,-1
221.1375,72,-1,0.445833,-1,-1
221.1375,75,-1,0.445833,-1,-1
221.1375,63,-1,0.666667,-1,-1
221.1375,55,-1,0.220833,-1,-1
221.1375,58,-1,0.220833,-1,-1
221.358333,55,-1,0.445833,-1,-1
221.358333,58,-1,0.445833,-1,-1
221.804167,70,-1,0.445833,-1,-1
221.804167,58,-1,0.445833,-1,-1
221.804167,55,-1,0.220833,-1,-1
222.029167,55,-1,0.220833,-1,-1
222.029167,58,-1,0.220833,-1,-1
222.25,75,-1,0.445833,-1,-1
222.25,55,-1,0.445833,-1,-1
222.25,53,-1,0.445833,-1,-1
222.25,57,-1,0.445833,-1,-1
222.7,75,-1,0.220833,-1,-1
222.7,58,-1,0.441667,-1,-1
222.7,53,-1,0.220833,-1,-1
222.920833,75,-1,1.1125,-1,-1
222.920833,60,-1,0.220833,-1,-1
222.920833,63,-1,0.220833,-1,-1
223.145833,55,-1,0.445833,-1,-1
223.145833,60,-1,0.445833,-1,-1
223.145833,63,-1,0.445833,-1,-1
223.145833,67,-1,0.445833,-1,-1
223.591667,58,-1,0.445833,-1,-1
223.591667,60,-1,0.220833,-1,-1
223.8125,60,-1,0.220833,-1,-1
223.8125,63,-1,0.220833,-1,-1
224.0375,63,-1,0.445833,-1,-1
224.0375,60,-1,0.445833,-1,-1
224.0375,63,-1,0.445833,-1,-1
224.0375,67,-1,0.445833,-1,-1
224.483333,75,-1,0.445833,-1,-1
224.483333,58,-1,0.220833,-1,-1
224.483333,62,-1,0.220833,-1,-1
224.708333,56,-1,0.220833,-1,-1
224.929167,75,-1,0.445833,-1,-1
224.929167,56,-1,0.445833,-1,-1
224.929167,56,-1,0.445833,-1,-1
224.929167,60,-1,0.445833,-1,-1
225.375,74,-1,0.445833,-1,-1
225.375,58,-1,0.445833,-1,-1
225.375,56,-1,0.220833,-1,-1
225.6,56,-1,0.220833,-1,-1
225.6,60,-1,0.220833,-1,-1
225.825,72,-1,0.445833,-1,-1
225.825,63,-1,0.445833,-1,-1
225.825,56,-1,0.445833,-1,-1
225.825,60,-1,0.445833,-1,-1
226.270833,70,-1,0.441667,-1,-1
226.270833,56,-1,0.220833,-1,-1
226.491667,58,-1,0.220833,-1,-1
226.491667,62,-1,0.220833,-1,-1
226.716667,74,-1,0.445833,-1,-1
226.716667,77,-1,0.445833,-1,-1
226.716667,63,-1,0.445833,-1,-1
226.716667,58,-1,0.445833,-1,-1
226.716667,62,-1,0.445833,-1,-1
227.1625,75,-1,0.445833,-1,-1
227.1625,79,-1,0.445833,-1,-1
227.1625,63,-1,0.445833,-1,-1
227.1625,58,-1,0.220833,-1,-1
227.3875,58,-1,0.220833,-1,-1
227.3875,62,-1,0.220833,-1,-1
227.608333,77,-1,0.445833,-1,-1
227.608333,80,-1,0.445833,-1,-1
227.608333,62,-1,0.445833,-1,-1
227.608333,58,-1,0.445833,-1,-1
227.608333,62,-1,0.445833,-1,-1
228.054167,75,-1,0.220833,-1,-1
228.054167,79,-1,0.220833,-1,-1
228.054167,63,-1,0.220833,-1,-1
228.054167,58,-1,0.220833,-1,-1
228.279167,75,-1,0.445833,-1,-1
228.279167,79,-1,0.445833,-1,-1
228.279167,63,-1,0.666667,-1,-1
228.279167,55,-1,0.220833,-1,-1
228.279167,58,-1,0.220833,-1,-1
228.5,55,-1,0.445833,-1,-1
228.5,58,-1,0.445833,-1,-1
228.95,70,-1,0.445833,-1,-1
228.95,58,-1,0.445833,-1,-1
228.95,55,-1,0.220833,-1,-1
229.170833,55,-1,0.220833,-1,-1
229.170833,58,-1,0.220833,-1,-1
229.395833,75,-1,0.445833,-1,-1
229.395833,55,-1,0.445833,-1,-1
229.395833,53,-1,0.445833,-1,-1
229.395833,57,-1,0.445833,-1,-1
229.841667,75,-1,0.220833,-1,-1
229.841667,58,-1,0.441667,-1,-1
229.841667,53,-1,0.220833,-1,-1
230.0625,75,-1,1.1125,-1,-1
230.0625,60,-1,0.220833,-1,-1
230.0625,63,-1,0.220833,-1,-1
230.2875,55,-1,0.445833,-1,-1
230.2875,60,-1,0.445833,-1,-1
230.2875,63,-1,0.445833,-1,-1
230.2875,67,-1,0.445833,-1,-1
230.733333,58,-1,0.445833,-1,-1
230.733333,60,-1,0.220833,-1,-1
230.958333,60,-1,0.220833,-1,-1
230.958333,63,-1,0.220833,-1,-1
231.179167,63,-1,0.445833,-1,-1
231.179167,60,-1,0.445833,-1,-1
231.179167,63,-1,0.445833,-1,-1
231.179167,67,-1,0.445833,-1,-1
231.625,75,-1,0.445833,-1,-1
231.625,58,-1,0.220833,-1,-1
231.625,62,-1,0.220833,-1,-1
231.85,56,-1,0.220833,-1,-1
232.075,75,-1,0.445833,-1,-1
232.075,56,-1,0.445833,-1,-1
232.075,56,-1,0.445833,-1,-1
232.075,60,-1,0.445833,-1,-1
232.520833,74,-1,0.445833,-1,-1
232.520833,58,-1,0.445833,-1,-1
232.520833,56,-1,0.220833,-1,-1
232.741667,56,-1,0.220833,-1,-1
232.741667,60,-1,0.220833,-1,-1
232.966667,72,-1,0.445833,-1,-1
232.966667,63,-1,0.445833,-1,-1
232.966667,56,-1,0.445833,-1,-1
232.966667,60,-1,0.445833,-1,-1
233.4125,70,-1,0.441667,-1,-1
233.4125,56,-1,0.220833,-1,-1
233.6375,58,-1,0.220833,-1,-1
233.6375,62,-1,0.220833,-1,-1
233.858333,77,-1,0.445833,-1,-1
233.858333,58,-1,0.445833,-1,-1
233.858333,58,-1,0.445833,-1,-1
233.858333,62,-1,0.445833,-1,-1
234.304167,75,-1,0.445833,-1,-1
234.304167,63,-1,0.445833,-1,-1
234.304167,58,-1,0.220833,-1,-1
234.529167,58,-1,0.220833,-1,-1
234.529167,62,-1,0.220833,-1,-1
234.75,74,-1,0.445833,-1,-1
234.75,62,-1,0.445833,-1,-1
234.75,58,-1,0.445833,-1,-1
234.75,62,-1,0.445833,-1,-1
235.2,75,-1,0.220833,-1,-1
235.2,63,-1,0.220833,-1,-1
235.2,58,-1,0.220833,-1,-1
235.420833,75,-1,1.3375,-1,-1
235.420833,63,-1,0.666667,-1,-1
235.420833,55,-1,0.220833,-1,-1
235.420833,58,-1,0.220833,-1,-1
235.645833,55,-1,0.445833,-1,-1
235.645833,58,-1,0.445833,-1,-1
236.091667,58,-1,0.445833,-1,-1
236.091667,55,-1,0.220833,-1,-1
236.3125,55,-1,0.220833,-1,-1
236.3125,58,-1,0.220833,-1,-1
236.5375,55,-1,0.445833,-1,-1
236.5375,53,-1,0.445833,-1,-1
236.5375,57,-1,0.445833,-1,-1
236.983333,75,-1,0.441667,-1,-1
236.983333,58,-1,0.441667,-1,-1
236.983333,53,-1,0.220833,-1,-1
237.208333,60,-1,0.220833,-1,-1
237.208333,63,-1,0.220833,-1,-1
237.429167,75,-1,0.445833,-1,-1
237.429167,55,-1,0.445833,-1,-1
237.429167,60,-1,0.445833,-1,-1
237.429167,63,-1,0.445833,-1,-1
237.429167,67,-1,0.445833,-1,-1
237.875,79,-1,0.445833,-1,-1
237.875,58,-1,0.445833,-1,-1
237.875,60,-1,0.220833,-1,-1
238.1,60,-1,0.220833,-1,-1
238.1,63,-1,0.220833,-1,-1
238.325,77,-1,0.445833,-1,-1
238.325,63,-1,0.445833,-1,-1
238.325,60,-1,0.445833,-1,-1
238.325,63,-1,0.445833,-1,-1
238.325,67,-1,0.445833,-1,-1
238.770833,75,-1,0.445833,-1,-1
238.770833,58,-1,0.220833,-1,-1
238.770833,62,-1,0.220833,-1,-1
238.991667,56,-1,0.220833,-1,-1
239.216667,75,-1,0.445833,-1,-1
239.216667,65,-1,0.445833,-1,-1
239.216667,56,-1,0.445833,-1,-1
239.216667,60,-1,0.445833,-1,-1
239.6625,74,-1,0.445833,-1,-1
239.6625,63,-1,0.445833,-1,-1
239.6625,56,-1,0.220833,-1,-1
239.8875,56,-1,0.220833,-1,-1
239.8875,60,-1,0.220833,-1,-1
240.108333,77,-1,0.445833,-1,-1
240.108333,62,-1,0.445833,-1,-1
240.108333,56,-1,0.445833,-1,-1
240.108333,60,-1,0.445833,-1,-1
240.554167,75,-1,0.220833,-1,-1
240.554167,63,-1,0.441667,-1,-1
240.554167,56,-1,0.220833,-1,-1
240.779167,75,-1,2.008333,-1,-1
240.779167,58,-1,0.220833,-1,-1
240.779167,62,-1,0.220833,-1,-1
241,55,-1,0.445833,-1,-1
241,55,-1,0.445833,-1,-1
241,58,-1,0.445833,-1,-1
241.45,58,-1,0.445833,-1,-1
241.45,58,-1,0.220833,-1,-1
241.670833,55,-1,0.220833,-1,-1
241.670833,58,-1,0.220833,-1,-1
241.895833,63,-1,0.445833,-1,-1
241.895833,55,-1,0.445833,-1,-1
241.895833,58,-1,0.445833,-1,-1
242.341667,58,-1,0.445833,-1,-1
242.341667,58,-1,0.220833,-1,-1
242.5625,55,-1,0.220833,-1,-1
242.5625,58,-1,0.220833,-1,-1
242.7875,63,-1,0.445833,-1,-1
242.7875,55,-1,0.445833,-1,-1
242.7875,58,-1,0.445833,-1,-1
243.233333,56,-1,0.445833,-1,-1
243.233333,55,-1,0.220833,-1,-1
243.458333,55,-1,0.220833,-1,-1
243.458333,58,-1,0.220833,-1,-1
243.679167,74,-1,0.8875,-1,-1
243.679167,58,-1,0.445833,-1,-1
243.679167,51,-1,0.445833,-1,-1
243.679167,55,-1,0.445833,-1,-1
244.125,56,-1,0.441667,-1,-1
244.125,51,-1,0.220833,-1,-1
244.35,51,-1,0.220833,-1,-1
244.35,55,-1,0.220833,-1,-1
244.575,75,-1,0.891667,-1,-1
244.575,55,-1,0.445833,-1,-1
244.575,51,-1,0.445833,-1,-1
244.575,55,-1,0.445833,-1,-1
245.020833,58,-1,0.445833,-1,-1
245.020833,51,-1,0.220833,-1,-1
245.241667,51,-1,0.220833,-1,-1
245.241667,55,-1,0.220833,-1,-1
245.466667,63,-1,0.445833,-1,-1
245.466667,51,-1,0.445833,-1,-1
245.466667,55,-1,0.445833,-1,-1
245.9125,75,-1,0.445833,-1,-1
245.9125,51,-1,0.220833,-1,-1
246.1375,51,-1,0.220833,-1,-1
246.1375,55,-1,0.220833,-1,-1
246.358333,75,-1,0.445833,-1,-1
246.358333,56,-1,0.445833,-1,-1
246.358333,53,-1,0.445833,-1,-1
246.358333,57,-1,0.445833,-1,-1
246.804167,74,-1,0.445833,-1,-1
246.804167,58,-1,0.445833,-1,-1
246.804167,53,-1,0.220833,-1,-1
247.029167,53,-1,0.220833,-1,-1
247.029167,57,-1,0.220833,-1,-1
247.25,72,-1,0.445833,-1,-1
247.25,63,-1,0.445833,-1,-1
247.25,53,-1,0.445833,-1,-1
247.25,57,-1,0.445833,-1,-1
247.7,70,-1,0.441667,-1,-1
247.7,53,-1,0.220833,-1,-1
247.920833,53,-1,0.220833,-1,-1
247.920833,57,-1,0.220833,-1,-1
248.145833,70,-1,0.445833,-1,-1
248.145833,74,-1,0.445833,-1,-1
248.145833,58,-1,0.445833,-1,-1
248.145833,51,-1,0.445833,-1,-1
248.145833,55,-1,0.445833,-1,-1
248.591667,72,-1,0.445833,-1,-1
248.591667,75,-1,0.445833,-1,-1
248.591667,63,-1,0.445833,-1,-1
248.591667,51,-1,0.220833,-1,-1
248.8125,51,-1,0.220833,-1,-1
248.8125,55,-1,0.220833,-1,-1
249.0375,74,-1,0.445833,-1,-1
249.0375,77,-1,0.445833,-1,-1
249.0375,62,-1,0.445833,-1,-1
249.0375,51,-1,0.445833,-1,-1
249.0375,55,-1,0.445833,-1,-1
249.483333,72,-1,0.220833,-1,-1
249.483333,75,-1,0.220833,-1,-1
249.483333,63,-1,0.220833,-1,-1
249.483333,51,-1,0.220833,-1,-1
249.483333,55,-1,0.220833,-1,-1
249.708333,72,-1,0.445833,-1,-1
249.708333,75,-1,0.445833,-1,-1
249.708333,63,-1,0.666667,-1,-1
249.708333,51,-1,0.220833,-1,-1
249.929167,55,-1,0.445833,-1,-1
249.929167,58,-1,0.445833,-1,-1
250.375,70,-1,0.445833,-1,-1
250.375,58,-1,0.445833,-1,-1
250.375,55,-1,0.220833,-1,-1
250.6,55,-1,0.220833,-1,-1
250.6,58,-1,0.220833,-1,-1
250.825,75,-1,0.445833,-1,-1
250.825,55,-1,0.445833,-1,-1
250.825,55,-1,0.445833,-1,-1
250.825,58,-1,0.445833,-1,-1
251.270833,75,-1,0.220833,-1,-1
251.270833,58,-1,0.441667,-1,-1
251.270833,55,-1,0.220833,-1,-1
251.491667,75,-1,1.1125,-1,-1
251.491667,55,-1,0.220833,-1,-1
251.491667,58,-1,0.220833,-1,-1
251.716667,55,-1,0.445833,-1,-1
251.716667,60,-1,0.445833,-1,-1
251.716667,63,-1,0.445833,-1,-1
251.716667,67,-1,0.445833,-1,-1
252.1625,58,-1,0.445833,-1,-1
252.1625,60,-1,0.220833,-1,-1
252.3875,60,-1,0.220833,-1,-1
252.3875,63,-1,0.220833,-1,-1
252.608333,63,-1,0.445833,-1,-1
252.608333,60,-1,0.445833,-1,-1
252.608333,63,-1,0.445833,-1,-1
252.608333,67,-1,0.445833,-1,-1
253.054167,75,-1,0.445833,-1,-1
253.054167,58,-1,0.220833,-1,-1
253.054167,62,-1,0.220833,-1,-1
253.279167,56,-1,0.220833,-1,-1
253.5,75,-1,0.445833,-1,-1
253.5,56,-1,0.445833,-1,-1
253.5,56,-1,0.445833,-1,-1
253.5,60,-1,0.445833,-1,-1
253.95,74,-1,0.445833,-1,-1
253.95,58,-1,0.445833,-1,-1
253.95,56,-1,0.220833,-1,-1
254.170833,56,-1,0.220833,-1,-1
254.170833,60,-1,0.220833,-1,-1
254.395833,72,-1,0.445833,-1,-1
254.395833,63,-1,0.445833,-1,-1
254.395833,56,-1,0.445833,-1,-1
254.395833,60,-1,0.445833,-1,-1
254.841667,70,-1,0.441667,-1,-1
254.841667,56,-1,0.220833,-1,-1
255.0625,58,-1,0.220833,-1,-1
255.0625,62,-1,0.220833,-1,-1
255.2875,74,-1,0.445833,-1,-1
255.2875,77,-1,0.445833,-1,-1
255.2875,63,-1,0.445833,-1,-1
255.2875,58,-1,0.445833,-1,-1
255.2875,62,-1,0.445833,-1,-1
255.733333,75,-1,0.445833,-1,-1
255.733333,79,-1,0.445833,-1,-1
255.733333,63,-1,0.445833,-1,-1
255.733333,58,-1,0.220833,-1,-1
255.958333,58,-1,0.220833,-1,-1
255.958333,62,-1,0.220833,-1,-1
256.179167,77,-1,0.445833,-1,-1
256.179167,80,-1,0.445833,-1,-1
256.179167,62,-1,0.445833,-1,-1
256.179167,58,-1,0.445833,-1,-1
256.179167,62,-1,0.445833,-1,-1
256.625,75,-1,0.220833,-1,-1
256.625,79,-1,0.220833,-1,-1
256.625,63,-1,0.220833,-1,-1
256.625,58,-1,0.220833,-1,-1
256.85,75,-1,0.445833,-1,-1
256.85,79,-1,0.445833,-1,-1
256.85,63,-1,0.666667,-1,-1
256.85,55,-1,0.220833,-1,-1
256.85,58,-1,0.220833,-1,-1
257.075,55,-1,0.445833,-1,-1
257.075,58,-1,0.445833,-1,-1
257.520833,70,-1,0.445833,-1,-1
257.520833,58,-1,0.445833,-1,-1
257.520833,55,-1,0.220833,-1,-1
257.741667,55,-1,0.220833,-1,-1
257.741667,58,-1,0.220833,-1,-1
257.966667,75,-1,0.445833,-1,-1
257.966667,55,-1,0.445833,-1,-1
257.966667,53,-1,0.445833,-1,-1
257.966667,57,-1,0.445833,-1,-1
258.4125,75,-1,0.220833,-1,-1
258.4125,58,-1,0.441667,-1,-1
258.4125,53,-1,0.220833,-1,-1
258.6375,75,-1,1.1125,-1,-1
258.6375,60,-1,0.220833,-1,-1
258.6375,63,-1,0.220833,-1,-1
258.858333,55,-1,0.445833,-1,-1
258.858333,60,-1,0.445833,-1,-1
258.858333,63,-1,0.445833,-1,-1
258.858333,67,-1,0.445833,-1,-1
259.304167,58,-1,0.445833,-1,-1
259.304167,60,-1,0.220833,-1,-1
259.529167,60,-1,0.220833,-1,-1
259.529167,63,-1,0.220833,-1,-1
259.75,63,-1,0.445833,-1,-1
259.75,60,-1,0.445833,-1,-1
259.75,63,-1,0.445833,-1,-1
259.75,67,-1,0.445833,-1,-1
260.2,75,-1,0.445833,-1,-1
260.2,58,-1,0.220833,-1,-1
260.2,62,-1,0.220833,-1,-1
260.420833,56,-1,0.220833,-1,-1
260.645833,75,-1,0.445833,-1,-1
260.645833,56,-1,0.445833,-1,-1
260.645833,56,-1,0.445833,-1,-1
260.645833,60,-1,0.445833,-1,-1
261.091667,74,-1,0.445833,-1,-1
261.091667,58,-1,0.445833,-1,-1
261.091667,56,-1,0.220833,-1,-1
261.3125,56,-1,0.220833,-1,-1
261.3125,60,-1,0.220833,-1,-1
261.5375,72,-1,0.445833,-1,-1
261.5375,63,-1,0.445833,-1,-1
261.5375,56,-1,0.445833,-1,-1
261.5375,60,-1,0.445833,-1,-1
261.983333,70,-1,0.441667,-1,-1
261.983333,56,-1,0.220833,-1,-1
262.208333,58,-1,0.220833,-1,-1
262.208333,62,-1,0.220833,-1,-1
262.429167,74,-1,0.445833,-1,-1
262.429167,77,-1,0.445833,-1,-1
262.429167,58,-1,0.445833,-1,-1
262.429167,58,-1,0.445833,-1,-1
262.429167,62,-1,0.445833,-1,-1
262.875,72,-1,0.445833,-1,-1
262.875,75,-1,0.445833,-1,-1
262.875,63,-1,0.445833,-1,-1
262.875,58,-1,0.220833,-1,-1
263.1,58,-1,0.220833,-1,-1
263.1,62,-1,0.220833,-1,-1
263.325,74,-1,0.445833,-1,-1
263.325,77,-1,0.445833,-1,-1
263.325,62,-1,0.445833,-1,-1
263.325,58,-1,0.445833,-1,-1
263.325,62,-1,0.445833,-1,-1
263.770833,77,-1,0.220833,-1,-1
263.770833,80,-1,0.220833,-1,-1
263.770833,63,-1,0.220833,-1,-1
263.770833,58,-1,0.220833,-1,-1
263.991667,75,-1,0.445833,-1,-1
263.991667,79,-1,0.445833,-1,-1
263.991667,63,-1,0.666667,-1,-1
263.991667,55,-1,0.220833,-1,-1
263.991667,58,-1,0.220833,-1,-1
264.216667,55,-1,0.445833,-1,-1
264.216667,58,-1,0.445833,-1,-1
264.4375,72,-1,0.891667,-1,-1
264.4375,75,-1,0.891667,-1,-1
264.6625,58,-1,0.445833,-1,-1
264.6625,55,-1,0.220833,-1,-1
264.8875,55,-1,0.220833,-1,-1
264.8875,58,-1,0.220833,-1,-1
265.108333,55,-1,0.445833,-1,-1
265.108333,53,-1,0.445833,-1,-1
265.108333,57,-1,0.445833,-1,-1
265.554167,75,-1,0.441667,-1,-1
265.554167,58,-1,0.441667,-1,-1
265.554167,53,-1,0.220833,-1,-1
265.779167,60,-1,0.220833,-1,-1
265.779167,63,-1,0.220833,-1,-1
266,75,-1,0.445833,-1,-1
266,55,-1,0.445833,-1,-1
266,51,-1,0.445833,-1,-1
266,55,-1,0.445833,-1,-1
266.45,79,-1,0.445833,-1,-1
266.45,58,-1,0.445833,-1,-1
266.45,51,-1,0.220833,-1,-1
266.670833,51,-1,0.220833,-1,-1
266.670833,55,-1,0.220833,-1,-1
266.895833,77,-1,0.445833,-1,-1
266.895833,63,-1,0.445833,-1,-1
266.895833,51,-1,0.445833,-1,-1
266.895833,55,-1,0.445833,-1,-1
267.341667,75,-1,0.445833,-1,-1
267.341667,51,-1,0.220833,-1,-1
267.341667,55,-1,0.220833,-1,-1
267.5625,51,-1,0.220833,-1,-1
267.7875,75,-1,0.445833,-1,-1
267.7875,65,-1,0.445833,-1,-1
267.7875,55,-1,0.445833,-1,-1
267.7875,58,-1,0.445833,-1,-1
268.233333,74,-1,0.445833,-1,-1
268.233333,63,-1,0.445833,-1,-1
268.233333,55,-1,0.220833,-1,-1
268.458333,55,-1,0.220833,-1,-1
268.458333,58,-1,0.220833,-1,-1
268.679167,77,-1,0.445833,-1,-1
268.679167,62,-1,0.445833,-1,-1
268.679167,55,-1,0.445833,-1,-1
268.679167,58,-1,0.445833,-1,-1
269.125,75,-1,0.220833,-1,-1
269.125,63,-1,0.441667,-1,-1
269.125,55,-1,0.220833,-1,-1
269.35,75,-1,2.9,-1,-1
269.35,55,-1,0.220833,-1,-1
269.35,58,-1,0.220833,-1,-1
269.575,55,-1,0.445833,-1,-1
269.575,51,-1,0.445833,-1,-1
269.575,55,-1,0.445833,-1,-1
270.020833,58,-1,0.445833,-1,-1
270.020833,51,-1,0.220833,-1,-1
270.241667,51,-1,0.220833,-1,-1
270.241667,55,-1,0.220833,-1,-1
270.466667,63,-1,0.445833,-1,-1
270.466667,51,-1,0.445833,-1,-1
270.466667,55,-1,0.445833,-1,-1
270.9125,58,-1,0.445833,-1,-1
270.9125,51,-1,0.220833,-1,-1
270.9125,55,-1,0.220833,-1,-1
271.1375,51,-1,0.220833,-1,-1
271.358333,55,-1,0.445833,-1,-1
271.358333,58,-1,0.445833,-1,-1
271.804167,55,-1,0.220833,-1,-1
272.029167,55,-1,0.220833,-1,-1
272.029167,58,-1,0.220833,-1,-1
272.25,55,-1,0.445833,-1,-1
272.25,58,-1,0.445833,-1,-1
272.7,55,-1,0.220833,-1,-1
272.920833,55,-1,0.220833,-1,-1
272.920833,58,-1,0.220833,-1,-1
273.145833,75,-1,0.891667,-1,-1
273.145833,87,-1,0.891667,-1,-1
273.145833,60,-1,0.445833,-1,-1
273.145833,63,-1,0.445833,-1,-1
273.145833,67,-1,0.445833,-1,-1
273.591667,60,-1,0.220833,-1,-1
273.8125,60,-1,0.220833,-1,-1
273.8125,63,-1,0.220833,-1,-1
274.0375,75,-1,0.666667,-1,-1
274.0375,87,-1,0.666667,-1,-1
274.0375,60,-1,0.445833,-1,-1
274.0375,63,-1,0.445833,-1,-1
274.0375,67,-1,0.445833,-1,-1
274.483333,58,-1,0.220833,-1,-1
274.483333,62,-1,0.220833,-1,-1
274.708333,79,-1,0.220833,-1,-1
274.708333,56,-1,0.220833,-1,-1
274.929167,77,-1,0.445833,-1,-1
274.929167,56,-1,0.445833,-1,-1
274.929167,60,-1,0.445833,-1,-1
275.375,75,-1,0.891667,-1,-1
275.375,56,-1,0.220833,-1,-1
275.6,56,-1,0.220833,-1,-1
275.6,60,-1,0.220833,-1,-1
275.825,56,-1,0.445833,-1,-1
275.825,60,-1,0.445833,-1,-1
276.270833,72,-1,0.220833,-1,-1
276.270833,56,-1,0.220833,-1,-1
276.491667,75,-1,0.108333,-1,-1
276.491667,58,-1,0.220833,-1,-1
276.491667,62,-1,0.220833,-1,-1
276.604167,72,-1,0.108333,-1,-1
276.716667,70,-1,0.220833,-1,-1
276.716667,82,-1,0.220833,-1,-1
276.716667,58,-1,0.445833,-1,-1
276.716667,62,-1,0.445833,-1,-1
276.9375,70,-1,0.445833,-1,-1
276.9375,82,-1,0.445833,-1,-1
277.1625,58,-1,0.220833,-1,-1
277.3875,72,-1,0.220833,-1,-1
277.3875,58,-1,0.220833,-1,-1
277.3875,62,-1,0.220833,-1,-1
277.608333,75,-1,0.445833,-1,-1
277.608333,58,-1,0.445833,-1,-1
277.608333,62,-1,0.445833,-1,-1
278.054167,77,-1,0.445833,-1,-1
278.054167,58,-1,0.220833,-1,-1
278.279167,55,-1,0.220833,-1,-1
278.279167,58,-1,0.220833,-1,-1
278.5,79,-1,0.666667,-1,-1
278.5,91,-1,0.666667,-1,-1
278.5,55,-1,0.445833,-1,-1
278.5,58,-1,0.445833,-1,-1
278.95,55,-1,0.220833,-1,-1
279.170833,55,-1,0.220833,-1,-1
279.170833,58,-1,0.220833,-1,-1
279.395833,65,-1,0.220833,-1,-1
279.395833,77,-1,0.220833,-1,-1
279.395833,55,-1,0.445833,-1,-1
279.395833,58,-1,0.445833,-1,-1
279.616667,67,-1,0.220833,-1,-1
279.841667,67,-1,0.220833,-1,-1
279.841667,70,-1,0.220833,-1,-1
279.841667,55,-1,0.220833,-1,-1
280.0625,72,-1,0.220833,-1,-1
280.0625,55,-1,0.220833,-1,-1
280.0625,58,-1,0.220833,-1,-1
280.2875,75,-1,0.891667,-1,-1
280.2875,87,-1,0.891667,-1,-1
280.2875,60,-1,0.445833,-1,-1
280.2875,63,-1,0.445833,-1,-1
280.2875,67,-1,0.445833,-1,-1
280.733333,60,-1,0.220833,-1,-1
280.958333,60,-1,0.220833,-1,-1
280.958333,63,-1,0.220833,-1,-1
281.179167,75,-1,0.666667,-1,-1
281.179167,87,-1,0.666667,-1,-1
281.179167,60,-1,0.445833,-1,-1
281.179167,63,-1,0.445833,-1,-1
281.179167,67,-1,0.445833,-1,-1
281.625,58,-1,0.220833,-1,-1
281.625,62,-1,0.220833,-1,-1
281.85,79,-1,0.220833,-1,-1
281.85,56,-1,0.220833,-1,-1
282.075,77,-1,0.445833,-1,-1
282.075,56,-1,0.445833,-1,-1
282.075,60,-1,0.445833,-1,-1
282.520833,75,-1,0.666667,-1,-1
282.520833,56,-1,0.220833,-1,-1
282.741667,56,-1,0.220833,-1,-1
282.741667,60,-1,0.220833,-1,-1
282.966667,56,-1,0.445833,-1,-1
282.966667,60,-1,0.445833,-1,-1
283.4125,72,-1,0.220833,-1,-1
283.4125,56,-1,0.220833,-1,-1
283.6375,75,-1,0.220833,-1,-1
283.6375,58,-1,0.220833,-1,-1
283.6375,62,-1,0.220833,-1,-1
283.858333,77,-1,1.783333,-1,-1
283.858333,89,-1,1.783333,-1,-1
283.858333,58,-1,0.445833,-1,-1
283.858333,62,-1,0.445833,-1,-1
284.304167,58,-1,0.220833,-1,-1
284.529167,58,-1,0.220833,-1,-1
284.529167,62,-1,0.220833,-1,-1
284.75,58,-1,0.445833,-1,-1
284.75,62,-1,0.445833,-1,-1
285.2,58,-1,0.220833,-1,-1
285.420833,58,-1,0.220833,-1,-1
285.645833,58,-1,0.445833,-1,-1
285.645833,62,-1,0.445833,-1,-1
286.091667,58,-1,0.220833,-1,-1
286.3125,58,-1,0.220833,-1,-1
286.3125,62,-1,0.220833,-1,-1
286.5375,58,-1,0.220833,-1,-1
286.7625,58,-1,0.220833,-1,-1
286.7625,62,-1,0.220833,-1,-1
286.983333,58,-1,0.220833,-1,-1
286.983333,62,-1,0.220833,-1,-1
287.208333,58,-1,0.220833,-1,-1
287.208333,62,-1,0.220833,-1,-1
287.429167,60,-1,0.445833,-1,-1
287.429167,63,-1,0.445833,-1,-1
287.429167,67,-1,0.445833,-1,-1
287.875,60,-1,0.220833,-1,-1
288.1,60,-1,0.220833,-1,-1
288.1,63,-1,0.220833,-1,-1
288.325,60,-1,0.445833,-1,-1
288.325,63,-1,0.445833,-1,-1
288.325,67,-1,0.445833,-1,-1
288.770833,58,-1,0.220833,-1,-1
288.770833,62,-1,0.220833,-1,-1
288.991667,56,-1,0.220833,-1,-1
289.216667,60,-1,0.445833,-1,-1
289.216667,67,-1,0.445833,-1,-1
289.6625,56,-1,0.220833,-1,-1
289.8875,56,-1,0.220833,-1,-1
289.8875,60,-1,0.220833,-1,-1
290.108333,56,-1,0.445833,-1,-1
290.108333,60,-1,0.445833,-1,-1
290.554167,56,-1,0.220833,-1,-1
290.779167,58,-1,0.220833,-1,-1
290.779167,62,-1,0.220833,-1,-1
291,58,-1,1.783333,-1,-1
291,62,-1,1.783333,-1,-1