3.999969,65,-1,7.999938,-1,-1
3.999969,68,-1,7.999938,-1,-1
3.999969,72,-1,7.999938,-1,-1
11.999906,53,-1,0.999874,-1,-1
12.499843,56,-1,0.749906,-1,-1
12.999780,63,-1,0.499937,-1,-1
14.000127,60,-1,3.750000,-1,-1
18.000096,55,-1,2.750126,-1,-1
18.000096,58,-1,2.750126,-1,-1
18.000096,63,-1,2.750126,-1,-1
19.999844,67,-1,0.499937,-1,-1
20.499781,68,-1,0.499937,-1,-1
21.000190,75,-1,0.999874,-1,-1
22.000064,72,-1,4.749874,-1,-1
26.000033,55,-1,2.750126,-1,-1
26.000033,58,-1,2.750126,-1,-1
26.000033,63,-1,2.750126,-1,-1
28.500191,68,-1,0.999874,-1,-1
29.500065,67,-1,0.499937,-1,-1
30.000002,65,-1,0.499937,-1,-1
30.999876,60,-1,0.499937,-1,-1
31.499813,61,-1,0.499937,-1,-1
32.000223,56,-1,0.249969,-1,-1
32.000223,61,-1,0.249969,-1,-1
32.000223,65,-1,0.249969,-1,-1
32.250191,61,-1,0.249969,-1,-1
32.250191,65,-1,0.249969,-1,-1
32.250191,68,-1,0.249969,-1,-1
32.500160,65,-1,0.999874,-1,-1
32.500160,56,-1,0.249969,-1,-1
32.500160,61,-1,0.249969,-1,-1
32.500160,65,-1,0.249969,-1,-1
32.750128,61,-1,0.249969,-1,-1
32.750128,65,-1,0.249969,-1,-1
32.750128,68,-1,0.249969,-1,-1
33.250065,56,-1,0.249969,-1,-1
33.250065,61,-1,0.249969,-1,-1
33.250065,65,-1,0.249969,-1,-1
33.500034,68,-1,0.499937,-1,-1
33.500034,61,-1,0.499937,-1,-1
33.500034,65,-1,0.499937,-1,-1
33.500034,68,-1,0.499937,-1,-1
33.999971,67,-1,0.666740,-1,-1
33.999971,55,-1,0.249969,-1,-1
33.999971,58,-1,0.249969,-1,-1
33.999971,63,-1,0.249969,-1,-1
34.249939,58,-1,0.249969,-1,-1
34.249939,63,-1,0.249969,-1,-1
34.249939,67,-1,0.249969,-1,-1
34.499908,55,-1,0.249969,-1,-1
34.499908,58,-1,0.249969,-1,-1
34.499908,63,-1,0.249969,-1,-1
34.666711,63,-1,0.749906,-1,-1
34.749876,58,-1,0.249969,-1,-1
34.749876,63,-1,0.249969,-1,-1
34.749876,67,-1,0.249969,-1,-1
35.249813,55,-1,0.249969,-1,-1
35.249813,58,-1,0.249969,-1,-1
35.249813,63,-1,0.249969,-1,-1
35.499782,65,-1,0.499937,-1,-1
35.499782,58,-1,0.499937,-1,-1
35.499782,63,-1,0.499937,-1,-1
35.499782,67,-1,0.499937,-1,-1
36.000191,56,-1,2.000221,-1,-1
36.000191,60,-1,2.000221,-1,-1
36.000191,65,-1,2.000221,-1,-1
36.000191,68,-1,2.000221,-1,-1
36.500128,68,-1,0.999874,-1,-1
37.500003,67,-1,0.499937,-1,-1
37.999940,65,-1,0.499937,-1,-1
38.999814,60,-1,0.249969,-1,-1
39.500223,61,-1,0.499937,-1,-1
40.000160,56,-1,0.249969,-1,-1
40.000160,61,-1,0.249969,-1,-1
40.000160,65,-1,0.249969,-1,-1
40.250129,61,-1,0.249969,-1,-1
40.250129,65,-1,0.249969,-1,-1
40.250129,68,-1,0.249969,-1,-1
40.500097,65,-1,0.999874,-1,-1
40.500097,56,-1,0.249969,-1,-1
40.500097,61,-1,0.249969,-1,-1
40.500097,65,-1,0.249969,-1,-1
40.750066,61,-1,0.249969,-1,-1
40.750066,65,-1,0.249969,-1,-1
40.750066,68,-1,0.249969,-1,-1
41.250003,56,-1,0.249969,-1,-1
41.250003,61,-1,0.249969,-1,-1
41.250003,65,-1,0.249969,-1,-1
41.499971,68,-1,0.499937,-1,-1
41.499971,61,-1,0.499937,-1,-1
41.499971,65,-1,0.499937,-1,-1
41.499971,68,-1,0.499937,-1,-1
41.999908,67,-1,0.499937,-1,-1
41.999908,55,-1,0.249969,-1,-1
41.999908,58,-1,0.249969,-1,-1
41.999908,63,-1,0.249969,-1,-1
42.249877,58,-1,0.249969,-1,-1
42.249877,63,-1,0.249969,-1,-1
42.249877,67,-1,0.249969,-1,-1
42.499845,55,-1,0.249969,-1,-1
42.499845,58,-1,0.249969,-1,-1
42.499845,63,-1,0.249969,-1,-1
42.749814,58,-1,0.249969,-1,-1
42.749814,63,-1,0.249969,-1,-1
42.749814,67,-1,0.249969,-1,-1
42.999782,63,-1,0.499937,-1,-1
43.250223,55,-1,0.249969,-1,-1
43.250223,58,-1,0.249969,-1,-1
43.250223,63,-1,0.249969,-1,-1
43.500192,65,-1,0.499937,-1,-1
43.500192,58,-1,0.499937,-1,-1
43.500192,63,-1,0.499937,-1,-1
43.500192,67,-1,0.499937,-1,-1
44.000129,56,-1,2.000221,-1,-1
44.000129,65,-1,2.000221,-1,-1
44.000129,68,-1,2.000221,-1,-1
44.000129,60,-1,3.000095,-1,-1
44.500066,68,-1,0.499937,-1,-1
45.499940,67,-1,0.499937,-1,-1
45.999877,65,-1,0.999874,-1,-1
47.500161,61,-1,0.249969,-1,-1
48.000098,61,-1,0.499937,-1,-1
48.000098,56,-1,0.249969,-1,-1
48.000098,61,-1,0.249969,-1,-1
48.000098,65,-1,0.249969,-1,-1
48.250066,61,-1,0.249969,-1,-1
48.250066,65,-1,0.249969,-1,-1
48.250066,68,-1,0.249969,-1,-1
48.500035,56,-1,0.249969,-1,-1
48.500035,61,-1,0.249969,-1,-1
48.500035,65,-1,0.249969,-1,-1
48.750003,65,-1,0.749906,-1,-1
48.750003,61,-1,0.249969,-1,-1
48.750003,65,-1,0.249969,-1,-1
48.750003,68,-1,0.249969,-1,-1
49.249940,56,-1,0.249969,-1,-1
49.249940,61,-1,0.249969,-1,-1
49.249940,65,-1,0.249969,-1,-1
49.499909,68,-1,0.499937,-1,-1
49.499909,61,-1,0.499937,-1,-1
49.499909,65,-1,0.499937,-1,-1
49.499909,68,-1,0.499937,-1,-1
49.999846,67,-1,2.000221,-1,-1
49.999846,55,-1,0.249969,-1,-1
49.999846,58,-1,0.249969,-1,-1
49.999846,63,-1,0.249969,-1,-1
50.249814,58,-1,0.249969,-1,-1
50.249814,63,-1,0.249969,-1,-1
50.249814,67,-1,0.249969,-1,-1
50.499783,55,-1,0.249969,-1,-1
50.499783,58,-1,0.249969,-1,-1
50.499783,63,-1,0.249969,-1,-1
50.750224,58,-1,0.249969,-1,-1
50.750224,63,-1,0.249969,-1,-1
50.750224,67,-1,0.249969,-1,-1
51.250161,55,-1,0.249969,-1,-1
51.250161,58,-1,0.249969,-1,-1
51.250161,63,-1,0.249969,-1,-1
51.500129,58,-1,0.499937,-1,-1
51.500129,63,-1,0.499937,-1,-1
51.500129,67,-1,0.499937,-1,-1
52.000066,60,-1,2.000221,-1,-1
52.000066,65,-1,2.000221,-1,-1
52.000066,56,-1,3.000095,-1,-1
52.000066,68,-1,3.000095,-1,-1
52.500003,68,-1,0.499937,-1,-1
53.499878,67,-1,0.249969,-1,-1
53.999815,65,-1,0.999874,-1,-1
55.500098,60,-1,0.499937,-1,-1
56.000035,61,-1,0.333134,-1,-1
56.000035,56,-1,0.249969,-1,-1
56.000035,61,-1,0.249969,-1,-1
56.000035,65,-1,0.249969,-1,-1
56.250004,61,-1,0.249969,-1,-1
56.250004,65,-1,0.249969,-1,-1
56.250004,68,-1,0.249969,-1,-1
56.499972,56,-1,0.249969,-1,-1
56.499972,61,-1,0.249969,-1,-1
56.499972,65,-1,0.249969,-1,-1
56.749941,65,-1,0.749906,-1,-1
56.749941,61,-1,0.249969,-1,-1
56.749941,65,-1,0.249969,-1,-1
56.749941,68,-1,0.249969,-1,-1
57.249878,56,-1,0.249969,-1,-1
57.249878,61,-1,0.249969,-1,-1
57.249878,65,-1,0.249969,-1,-1
57.499846,68,-1,0.499937,-1,-1
57.499846,61,-1,0.499937,-1,-1
57.499846,65,-1,0.499937,-1,-1
57.499846,68,-1,0.499937,-1,-1
57.999783,67,-1,0.499937,-1,-1
57.999783,55,-1,0.249969,-1,-1
57.999783,58,-1,0.249969,-1,-1
57.999783,63,-1,0.249969,-1,-1
58.250224,58,-1,0.249969,-1,-1
58.250224,63,-1,0.249969,-1,-1
58.250224,67,-1,0.249969,-1,-1
58.500193,55,-1,0.249969,-1,-1
58.500193,58,-1,0.249969,-1,-1
58.500193,63,-1,0.249969,-1,-1
58.750161,65,-1,0.249969,-1,-1
58.750161,58,-1,0.249969,-1,-1
58.750161,63,-1,0.249969,-1,-1
58.750161,67,-1,0.249969,-1,-1
59.000130,63,-1,0.499937,-1,-1
59.250098,55,-1,0.249969,-1,-1
59.250098,58,-1,0.249969,-1,-1
59.250098,63,-1,0.249969,-1,-1
59.500067,58,-1,0.499937,-1,-1
59.500067,63,-1,0.499937,-1,-1
59.500067,67,-1,0.499937,-1,-1
60.000004,65,-1,0.249969,-1,-1
60.000004,56,-1,0.249969,-1,-1
60.000004,60,-1,0.249969,-1,-1
60.000004,65,-1,0.249969,-1,-1
60.000004,48,-1,3.999969,-1,-1
60.000004,53,-1,3.999969,-1,-1
60.000004,56,-1,3.999969,-1,-1
60.249973,65,-1,0.249969,-1,-1
60.249973,60,-1,0.249969,-1,-1
60.249973,65,-1,0.249969,-1,-1
60.249973,68,-1,0.249969,-1,-1
60.499941,65,-1,0.249969,-1,-1
60.499941,56,-1,0.249969,-1,-1
60.499941,60,-1,0.249969,-1,-1
60.499941,65,-1,0.249969,-1,-1
60.749910,65,-1,0.249969,-1,-1
60.749910,60,-1,0.249969,-1,-1
60.749910,65,-1,0.249969,-1,-1
60.749910,68,-1,0.249969,-1,-1
60.999878,65,-1,0.249969,-1,-1
61.249847,65,-1,0.249969,-1,-1
61.249847,56,-1,0.249969,-1,-1
61.249847,60,-1,0.249969,-1,-1
61.249847,65,-1,0.249969,-1,-1
61.499815,65,-1,0.249969,-1,-1
61.499815,60,-1,0.499937,-1,-1
61.499815,65,-1,0.499937,-1,-1
61.499815,68,-1,0.499937,-1,-1
61.749784,65,-1,0.500410,-1,-1
62.000225,65,-1,0.249969,-1,-1
62.000225,56,-1,0.249969,-1,-1
62.000225,60,-1,0.249969,-1,-1
62.000225,65,-1,0.249969,-1,-1
62.250193,60,-1,0.249969,-1,-1
62.250193,65,-1,0.249969,-1,-1
62.250193,68,-1,0.249969,-1,-1
62.500162,65,-1,0.249969,-1,-1
62.500162,56,-1,0.249969,-1,-1
62.500162,60,-1,0.249969,-1,-1
62.500162,65,-1,0.249969,-1,-1
62.750130,65,-1,0.749906,-1,-1
62.750130,60,-1,0.249969,-1,-1
62.750130,65,-1,0.249969,-1,-1
62.750130,68,-1,0.249969,-1,-1
63.000099,65,-1,0.499937,-1,-1
63.250067,56,-1,0.249969,-1,-1
63.250067,60,-1,0.249969,-1,-1
63.250067,65,-1,0.249969,-1,-1
63.500036,60,-1,0.499937,-1,-1
63.500036,60,-1,0.499937,-1,-1
63.500036,65,-1,0.499937,-1,-1
63.500036,68,-1,0.499937,-1,-1
63.999973,58,-1,0.249969,-1,-1
63.999973,61,-1,0.249969,-1,-1
63.999973,65,-1,0.249969,-1,-1
63.999973,49,-1,3.999969,-1,-1
63.999973,53,-1,3.999969,-1,-1
63.999973,58,-1,3.999969,-1,-1
64.249941,61,-1,0.249969,-1,-1
64.249941,65,-1,0.249969,-1,-1
64.249941,70,-1,0.249969,-1,-1
64.499910,58,-1,0.249969,-1,-1
64.499910,61,-1,0.249969,-1,-1
64.499910,65,-1,0.249969,-1,-1
64.749878,61,-1,0.249969,-1,-1
64.749878,65,-1,0.249969,-1,-1
64.749878,70,-1,0.249969,-1,-1
65.249815,58,-1,0.249969,-1,-1
65.249815,61,-1,0.249969,-1,-1
65.249815,65,-1,0.249969,-1,-1
65.499784,61,-1,0.499937,-1,-1
65.499784,65,-1,0.499937,-1,-1
65.499784,70,-1,0.499937,-1,-1
66.000193,58,-1,0.749906,-1,-1
66.000193,61,-1,0.749906,-1,-1
66.000193,65,-1,0.749906,-1,-1
66.500130,63,-1,0.249969,-1,-1
66.750099,61,-1,0.249969,-1,-1
66.750099,65,-1,0.249969,-1,-1
66.750099,70,-1,0.249969,-1,-1
67.000067,63,-1,0.499937,-1,-1
67.000067,58,-1,0.249969,-1,-1
67.000067,61,-1,0.249969,-1,-1
67.000067,65,-1,0.249969,-1,-1
67.250036,61,-1,0.749906,-1,-1
67.250036,65,-1,0.749906,-1,-1
67.250036,70,-1,0.749906,-1,-1
67.500005,65,-1,0.249969,-1,-1
67.999942,65,-1,0.249969,-1,-1
67.999942,56,-1,0.249969,-1,-1
67.999942,60,-1,0.249969,-1,-1
67.999942,65,-1,0.249969,-1,-1
67.999942,48,-1,3.999969,-1,-1
67.999942,53,-1,3.999969,-1,-1
67.999942,56,-1,3.999969,-1,-1
68.249910,65,-1,0.249969,-1,-1
68.249910,60,-1,0.249969,-1,-1
68.249910,65,-1,0.249969,-1,-1
68.249910,68,-1,0.249969,-1,-1
68.499879,65,-1,0.249969,-1,-1
68.499879,56,-1,0.249969,-1,-1
68.499879,60,-1,0.249969,-1,-1
68.499879,65,-1,0.249969,-1,-1
68.749847,65,-1,0.499937,-1,-1
68.749847,60,-1,0.249969,-1,-1
68.749847,65,-1,0.249969,-1,-1
68.749847,68,-1,0.249969,-1,-1
68.999816,65,-1,0.249969,-1,-1
69.249784,56,-1,0.249969,-1,-1
69.249784,60,-1,0.249969,-1,-1
69.249784,65,-1,0.249969,-1,-1
69.500225,60,-1,0.249969,-1,-1
69.500225,60,-1,0.499937,-1,-1
69.500225,65,-1,0.499937,-1,-1
69.500225,68,-1,0.499937,-1,-1
70.000162,65,-1,0.249969,-1,-1
70.000162,56,-1,0.249969,-1,-1
70.000162,60,-1,0.249969,-1,-1
70.000162,65,-1,0.249969,-1,-1
70.250131,65,-1,0.249969,-1,-1
70.250131,60,-1,0.249969,-1,-1
70.250131,65,-1,0.249969,-1,-1
70.250131,68,-1,0.249969,-1,-1
70.500099,65,-1,0.249969,-1,-1
70.500099,56,-1,0.249969,-1,-1
70.500099,60,-1,0.249969,-1,-1
70.500099,65,-1,0.249969,-1,-1
70.750068,65,-1,0.499937,-1,-1
70.750068,60,-1,0.249969,-1,-1
70.750068,65,-1,0.249969,-1,-1
70.750068,68,-1,0.249969,-1,-1
71.000036,65,-1,0.249969,-1,-1
71.250005,56,-1,0.249969,-1,-1
71.250005,60,-1,0.249969,-1,-1
71.250005,65,-1,0.249969,-1,-1
71.499973,60,-1,0.249969,-1,-1
71.499973,60,-1,0.499937,-1,-1
71.499973,65,-1,0.499937,-1,-1
71.499973,68,-1,0.499937,-1,-1
71.999910,58,-1,0.249969,-1,-1
71.999910,61,-1,0.249969,-1,-1
71.999910,65,-1,0.249969,-1,-1
71.999910,49,-1,3.999969,-1,-1
71.999910,53,-1,3.999969,-1,-1
71.999910,58,-1,3.999969,-1,-1
72.249879,61,-1,0.249969,-1,-1
72.249879,65,-1,0.249969,-1,-1
72.249879,70,-1,0.249969,-1,-1
72.499847,58,-1,0.249969,-1,-1
72.499847,61,-1,0.249969,-1,-1
72.499847,65,-1,0.249969,-1,-1
72.749816,61,-1,0.249969,-1,-1
72.749816,65,-1,0.249969,-1,-1
72.749816,70,-1,0.249969,-1,-1
73.250225,58,-1,0.249969,-1,-1
73.250225,61,-1,0.249969,-1,-1
73.250225,65,-1,0.249969,-1,-1
73.500194,61,-1,0.499937,-1,-1
73.500194,65,-1,0.499937,-1,-1
73.500194,70,-1,0.499937,-1,-1
74.000131,58,-1,0.749906,-1,-1
74.000131,61,-1,0.749906,-1,-1
74.000131,65,-1,0.749906,-1,-1
74.500068,63,-1,0.249969,-1,-1
74.750036,61,-1,0.249969,-1,-1
74.750036,65,-1,0.249969,-1,-1
74.750036,70,-1,0.249969,-1,-1
75.000005,58,-1,0.249969,-1,-1
75.000005,61,-1,0.249969,-1,-1
75.000005,65,-1,0.249969,-1,-1
75.249974,61,-1,0.749906,-1,-1
75.249974,65,-1,0.749906,-1,-1
75.249974,70,-1,0.749906,-1,-1
75.499942,63,-1,0.499937,-1,-1
75.999879,65,-1,0.249969,-1,-1
75.999879,56,-1,0.249969,-1,-1
75.999879,60,-1,0.249969,-1,-1
75.999879,65,-1,0.249969,-1,-1
75.999879,48,-1,3.999969,-1,-1
75.999879,53,-1,3.999969,-1,-1
75.999879,56,-1,3.999969,-1,-1
76.249848,65,-1,0.249969,-1,-1
76.249848,60,-1,0.249969,-1,-1
76.249848,65,-1,0.249969,-1,-1
76.249848,68,-1,0.249969,-1,-1
76.499816,65,-1,0.249969,-1,-1
76.499816,56,-1,0.249969,-1,-1
76.499816,60,-1,0.249969,-1,-1
76.499816,65,-1,0.249969,-1,-1
76.749785,65,-1,0.750378,-1,-1
76.749785,60,-1,0.249969,-1,-1
76.749785,65,-1,0.249969,-1,-1
76.749785,68,-1,0.249969,-1,-1
77.000226,65,-1,0.499937,-1,-1
77.250194,56,-1,0.249969,-1,-1
77.250194,60,-1,0.249969,-1,-1
77.250194,65,-1,0.249969,-1,-1
77.500163,60,-1,0.249969,-1,-1
77.500163,60,-1,0.499937,-1,-1
77.500163,65,-1,0.499937,-1,-1
77.500163,68,-1,0.499937,-1,-1
78.000100,65,-1,0.249969,-1,-1
78.000100,56,-1,0.249969,-1,-1
78.000100,60,-1,0.249969,-1,-1
78.000100,65,-1,0.249969,-1,-1
78.250068,65,-1,0.249969,-1,-1
78.250068,60,-1,0.249969,-1,-1
78.250068,65,-1,0.249969,-1,-1
78.250068,68,-1,0.249969,-1,-1
78.500037,65,-1,0.249969,-1,-1
78.500037,56,-1,0.249969,-1,-1
78.500037,60,-1,0.249969,-1,-1
78.500037,65,-1,0.249969,-1,-1
78.750005,65,-1,0.249969,-1,-1
78.750005,60,-1,0.249969,-1,-1
78.750005,65,-1,0.249969,-1,-1
78.750005,68,-1,0.249969,-1,-1
78.999974,65,-1,0.249969,-1,-1
79.249942,65,-1,4.499906,-1,-1
79.249942,56,-1,0.249969,-1,-1
79.249942,60,-1,0.249969,-1,-1
79.249942,65,-1,0.249969,-1,-1
79.499911,60,-1,0.249969,-1,-1
79.499911,60,-1,0.499937,-1,-1
79.499911,65,-1,0.499937,-1,-1
79.499911,68,-1,0.499937,-1,-1
79.999848,70,-1,0.249969,-1,-1
79.999848,58,-1,0.249969,-1,-1
79.999848,61,-1,0.249969,-1,-1
79.999848,65,-1,0.249969,-1,-1
79.999848,49,-1,3.999969,-1,-1
79.999848,53,-1,3.999969,-1,-1
79.999848,58,-1,3.999969,-1,-1
80.249816,61,-1,0.249969,-1,-1
80.249816,65,-1,0.249969,-1,-1
80.249816,70,-1,0.249969,-1,-1
80.499785,68,-1,0.249969,-1,-1
80.499785,58,-1,0.249969,-1,-1
80.499785,61,-1,0.249969,-1,-1
80.499785,65,-1,0.249969,-1,-1
80.750226,61,-1,0.249969,-1,-1
80.750226,65,-1,0.249969,-1,-1
80.750226,70,-1,0.249969,-1,-1
81.250163,58,-1,0.249969,-1,-1
81.250163,61,-1,0.249969,-1,-1
81.250163,65,-1,0.249969,-1,-1
81.500131,70,-1,0.249969,-1,-1
81.500131,61,-1,0.499937,-1,-1
81.500131,65,-1,0.499937,-1,-1
81.500131,70,-1,0.499937,-1,-1
82.000068,68,-1,0.249969,-1,-1
82.000068,61,-1,0.749906,-1,-1
82.000068,65,-1,0.749906,-1,-1
82.000068,58,-1,0.999874,-1,-1
82.500006,63,-1,0.249969,-1,-1
82.749974,61,-1,0.249969,-1,-1
82.749974,65,-1,0.249969,-1,-1
82.749974,70,-1,0.249969,-1,-1
82.999943,63,-1,0.499937,-1,-1
82.999943,58,-1,0.249969,-1,-1
82.999943,61,-1,0.249969,-1,-1
82.999943,65,-1,0.249969,-1,-1
83.499880,65,-1,0.249969,-1,-1
83.499880,61,-1,0.499937,-1,-1
83.499880,65,-1,0.499937,-1,-1
83.499880,70,-1,0.499937,-1,-1
83.999817,65,-1,0.249969,-1,-1
83.999817,56,-1,0.249969,-1,-1
83.999817,60,-1,0.249969,-1,-1
83.999817,65,-1,0.249969,-1,-1
83.999817,48,-1,3.999969,-1,-1
83.999817,53,-1,3.999969,-1,-1
83.999817,56,-1,3.999969,-1,-1
84.249785,60,-1,0.249969,-1,-1
84.249785,65,-1,0.249969,-1,-1
84.249785,68,-1,0.249969,-1,-1
84.500226,65,-1,0.249969,-1,-1
84.500226,56,-1,0.249969,-1,-1
84.500226,60,-1,0.249969,-1,-1
84.500226,65,-1,0.249969,-1,-1
84.750195,60,-1,0.249969,-1,-1
84.750195,65,-1,0.249969,-1,-1
84.750195,68,-1,0.249969,-1,-1
85.000163,65,-1,0.499937,-1,-1
85.250132,56,-1,0.249969,-1,-1
85.250132,60,-1,0.249969,-1,-1
85.250132,65,-1,0.249969,-1,-1
85.500100,60,-1,0.249969,-1,-1
85.500100,60,-1,0.499937,-1,-1
85.500100,65,-1,0.499937,-1,-1
85.500100,68,-1,0.499937,-1,-1
85.750069,60,-1,11.749938,-1,-1
86.000037,65,-1,0.249969,-1,-1
86.000037,56,-1,0.249969,-1,-1
86.000037,60,-1,0.249969,-1,-1
86.000037,65,-1,0.249969,-1,-1
86.250006,65,-1,0.499937,-1,-1
86.250006,60,-1,0.249969,-1,-1
86.250006,65,-1,0.249969,-1,-1
86.250006,68,-1,0.249969,-1,-1
86.499974,65,-1,0.249969,-1,-1
86.499974,56,-1,0.249969,-1,-1
86.499974,60,-1,0.249969,-1,-1
86.499974,65,-1,0.249969,-1,-1
86.749943,60,-1,0.249969,-1,-1
86.749943,65,-1,0.249969,-1,-1
86.749943,68,-1,0.249969,-1,-1
86.999911,65,-1,0.999874,-1,-1
87.249880,56,-1,0.249969,-1,-1
87.249880,60,-1,0.249969,-1,-1
87.249880,65,-1,0.249969,-1,-1
87.499848,60,-1,0.499937,-1,-1
87.499848,65,-1,0.499937,-1,-1
87.499848,68,-1,0.499937,-1,-1
87.999785,61,-1,0.749906,-1,-1
87.999785,65,-1,0.749906,-1,-1
87.999785,58,-1,0.999874,-1,-1
87.999785,49,-1,3.999969,-1,-1
87.999785,53,-1,3.999969,-1,-1
87.999785,58,-1,3.999969,-1,-1
88.500195,70,-1,0.499937,-1,-1
88.750163,61,-1,0.249969,-1,-1
88.750163,65,-1,0.249969,-1,-1
88.750163,70,-1,0.249969,-1,-1
89.000132,68,-1,0.499937,-1,-1
89.000132,58,-1,0.249969,-1,-1
89.000132,61,-1,0.249969,-1,-1
89.000132,65,-1,0.249969,-1,-1
89.500069,67,-1,0.499937,-1,-1
89.500069,61,-1,0.499937,-1,-1
89.500069,65,-1,0.499937,-1,-1
89.500069,70,-1,0.499937,-1,-1
90.000006,68,-1,0.499937,-1,-1
90.000006,61,-1,0.499937,-1,-1
90.000006,65,-1,0.499937,-1,-1
90.000006,70,-1,0.499937,-1,-1
90.499943,67,-1,0.249969,-1,-1
90.499943,61,-1,0.499937,-1,-1
90.499943,65,-1,0.499937,-1,-1
90.499943,70,-1,0.499937,-1,-1
90.999880,65,-1,0.249969,-1,-1
90.999880,61,-1,0.499937,-1,-1
90.999880,65,-1,0.499937,-1,-1
90.999880,70,-1,0.499937,-1,-1
91.499817,65,-1,0.499937,-1,-1
91.499817,61,-1,0.499937,-1,-1
91.499817,65,-1,0.499937,-1,-1
91.499817,70,-1,0.499937,-1,-1
94.499912,68,-1,0.999874,-1,-1
95.499786,67,-1,0.499937,-1,-1
96.000195,65,-1,0.499937,-1,-1
97.000069,60,-1,0.499937,-1,-1
97.500006,61,-1,0.499937,-1,-1
97.999944,56,-1,0.249969,-1,-1
97.999944,61,-1,0.249969,-1,-1
97.999944,65,-1,0.249969,-1,-1
98.249912,61,-1,0.249969,-1,-1
98.249912,65,-1,0.249969,-1,-1
98.249912,68,-1,0.249969,-1,-1
98.499881,65,-1,0.999874,-1,-1
98.499881,56,-1,0.249969,-1,-1
98.499881,61,-1,0.249969,-1,-1
98.499881,65,-1,0.249969,-1,-1
98.749849,61,-1,0.249969,-1,-1
98.749849,65,-1,0.249969,-1,-1
98.749849,68,-1,0.249969,-1,-1
99.249786,56,-1,0.249969,-1,-1
99.249786,61,-1,0.249969,-1,-1
99.249786,65,-1,0.249969,-1,-1
99.500227,68,-1,0.499937,-1,-1
99.500227,61,-1,0.499937,-1,-1
99.500227,65,-1,0.499937,-1,-1
99.500227,68,-1,0.499937,-1,-1
100.000164,67,-1,0.333134,-1,-1
100.000164,55,-1,0.249969,-1,-1
100.000164,58,-1,0.249969,-1,-1
100.000164,63,-1,0.249969,-1,-1
100.250133,58,-1,0.249969,-1,-1
100.250133,63,-1,0.249969,-1,-1
100.250133,67,-1,0.249969,-1,-1
100.500101,55,-1,0.249969,-1,-1
100.500101,58,-1,0.249969,-1,-1
100.500101,63,-1,0.249969,-1,-1
100.750070,65,-1,0.749906,-1,-1
100.750070,58,-1,0.249969,-1,-1
100.750070,63,-1,0.249969,-1,-1
100.750070,67,-1,0.249969,-1,-1
101.250007,55,-1,0.249969,-1,-1
101.250007,58,-1,0.249969,-1,-1
101.250007,63,-1,0.249969,-1,-1
101.499975,65,-1,0.499937,-1,-1
101.499975,58,-1,0.499937,-1,-1
101.499975,63,-1,0.499937,-1,-1
101.499975,67,-1,0.499937,-1,-1
101.999912,56,-1,2.000221,-1,-1
101.999912,60,-1,2.000221,-1,-1
101.999912,68,-1,2.000221,-1,-1
101.999912,65,-1,3.000095,-1,-1
102.499849,68,-1,0.999874,-1,-1
103.500196,67,-1,0.499937,-1,-1
104.000133,65,-1,0.499937,-1,-1
105.000007,60,-1,0.249969,-1,-1
105.499944,61,-1,0.499937,-1,-1
105.999881,56,-1,0.249969,-1,-1
105.999881,61,-1,0.249969,-1,-1
105.999881,65,-1,0.249969,-1,-1
106.249850,61,-1,0.249969,-1,-1
106.249850,65,-1,0.249969,-1,-1
106.249850,68,-1,0.249969,-1,-1
106.499818,65,-1,0.249969,-1,-1
106.499818,56,-1,0.249969,-1,-1
106.499818,61,-1,0.249969,-1,-1
106.499818,65,-1,0.249969,-1,-1
106.749787,61,-1,0.249969,-1,-1
106.749787,65,-1,0.249969,-1,-1
106.749787,68,-1,0.249969,-1,-1
107.000228,65,-1,0.249969,-1,-1
107.250196,56,-1,0.249969,-1,-1
107.250196,61,-1,0.249969,-1,-1
107.250196,65,-1,0.249969,-1,-1
107.500165,68,-1,0.499937,-1,-1
107.500165,61,-1,0.499937,-1,-1
107.500165,65,-1,0.499937,-1,-1
107.500165,68,-1,0.499937,-1,-1
108.000102,67,-1,0.499937,-1,-1
108.000102,55,-1,0.249969,-1,-1
108.000102,58,-1,0.249969,-1,-1
108.000102,63,-1,0.249969,-1,-1
108.250070,58,-1,0.249969,-1,-1
108.250070,63,-1,0.249969,-1,-1
108.250070,67,-1,0.249969,-1,-1
108.500039,55,-1,0.249969,-1,-1
108.500039,58,-1,0.249969,-1,-1
108.500039,63,-1,0.249969,-1,-1
108.750007,58,-1,0.249969,-1,-1
108.750007,63,-1,0.249969,-1,-1
108.750007,67,-1,0.249969,-1,-1
108.999976,63,-1,0.499937,-1,-1
109.249944,55,-1,0.249969,-1,-1
109.249944,58,-1,0.249969,-1,-1
109.249944,63,-1,0.249969,-1,-1
109.499913,65,-1,0.499937,-1,-1
109.499913,58,-1,0.499937,-1,-1
109.499913,63,-1,0.499937,-1,-1
109.499913,67,-1,0.499937,-1,-1
109.999850,56,-1,2.000221,-1,-1
109.999850,68,-1,2.000221,-1,-1
109.999850,60,-1,3.000095,-1,-1
109.999850,65,-1,3.000095,-1,-1
110.499787,68,-1,0.999874,-1,-1
111.500133,67,-1,0.499937,-1,-1
112.000070,65,-1,0.999874,-1,-1
113.999819,61,-1,0.499937,-1,-1
113.999819,56,-1,0.249969,-1,-1
113.999819,61,-1,0.249969,-1,-1
113.999819,65,-1,0.249969,-1,-1
114.249787,61,-1,0.249969,-1,-1
114.249787,65,-1,0.249969,-1,-1
114.249787,68,-1,0.249969,-1,-1
114.500228,56,-1,0.249969,-1,-1
114.500228,61,-1,0.249969,-1,-1
114.500228,65,-1,0.249969,-1,-1
114.750197,61,-1,0.249969,-1,-1
114.750197,65,-1,0.249969,-1,-1
114.750197,68,-1,0.249969,-1,-1
115.000165,65,-1,0.499937,-1,-1
115.250134,56,-1,0.249969,-1,-1
115.250134,61,-1,0.249969,-1,-1
115.250134,65,-1,0.249969,-1,-1
115.500102,68,-1,0.499937,-1,-1
115.500102,61,-1,0.499937,-1,-1
115.500102,65,-1,0.499937,-1,-1
115.500102,68,-1,0.499937,-1,-1
116.000039,67,-1,0.499937,-1,-1
116.000039,55,-1,0.249969,-1,-1
116.000039,58,-1,0.249969,-1,-1
116.000039,63,-1,0.249969,-1,-1
116.250008,58,-1,0.249969,-1,-1
116.250008,63,-1,0.249969,-1,-1
116.250008,67,-1,0.249969,-1,-1
116.499976,55,-1,0.249969,-1,-1
116.499976,58,-1,0.249969,-1,-1
116.499976,63,-1,0.249969,-1,-1
116.749945,65,-1,0.749906,-1,-1
116.749945,58,-1,0.249969,-1,-1
116.749945,63,-1,0.249969,-1,-1
116.749945,67,-1,0.249969,-1,-1
117.249882,55,-1,0.249969,-1,-1
117.249882,58,-1,0.249969,-1,-1
117.249882,63,-1,0.249969,-1,-1
117.499850,65,-1,0.499937,-1,-1
117.499850,58,-1,0.499937,-1,-1
117.499850,63,-1,0.499937,-1,-1
117.499850,67,-1,0.499937,-1,-1
117.999787,60,-1,2.000221,-1,-1
117.999787,65,-1,2.000221,-1,-1
117.999787,56,-1,3.000095,-1,-1
117.999787,68,-1,3.000095,-1,-1
118.500197,68,-1,0.499937,-1,-1
119.500071,67,-1,0.249969,-1,-1
120.000008,65,-1,0.333134,-1,-1
120.749914,60,-1,0.749906,-1,-1
121.499819,61,-1,0.499937,-1,-1
122.000229,56,-1,0.249969,-1,-1
122.000229,61,-1,0.249969,-1,-1
122.000229,65,-1,0.249969,-1,-1
122.250197,61,-1,0.249969,-1,-1
122.250197,65,-1,0.249969,-1,-1
122.250197,68,-1,0.249969,-1,-1
122.500166,65,-1,0.999874,-1,-1
122.500166,56,-1,0.249969,-1,-1
122.500166,61,-1,0.249969,-1,-1
122.500166,65,-1,0.249969,-1,-1
122.750134,61,-1,0.249969,-1,-1
122.750134,65,-1,0.249969,-1,-1
122.750134,68,-1,0.249969,-1,-1
123.250071,56,-1,0.249969,-1,-1
123.250071,61,-1,0.249969,-1,-1
123.250071,65,-1,0.249969,-1,-1
123.500040,68,-1,0.499937,-1,-1
123.500040,61,-1,0.499937,-1,-1
123.500040,65,-1,0.499937,-1,-1
123.500040,68,-1,0.499937,-1,-1
123.999977,67,-1,0.499937,-1,-1
123.999977,55,-1,0.249969,-1,-1
123.999977,58,-1,0.249969,-1,-1
123.999977,63,-1,0.249969,-1,-1
124.249945,58,-1,0.249969,-1,-1
124.249945,63,-1,0.249969,-1,-1
124.249945,67,-1,0.249969,-1,-1
124.499914,55,-1,0.249969,-1,-1
124.499914,58,-1,0.249969,-1,-1
124.499914,63,-1,0.249969,-1,-1
124.749882,65,-1,0.249969,-1,-1
124.749882,58,-1,0.249969,-1,-1
124.749882,63,-1,0.249969,-1,-1
124.749882,67,-1,0.249969,-1,-1
125.249819,55,-1,0.249969,-1,-1
125.249819,58,-1,0.249969,-1,-1
125.249819,63,-1,0.249969,-1,-1
125.499788,65,-1,0.249969,-1,-1
125.499788,58,-1,0.499937,-1,-1
125.499788,63,-1,0.499937,-1,-1
125.499788,67,-1,0.499937,-1,-1
126.000197,65,-1,0.249969,-1,-1
126.000197,56,-1,0.249969,-1,-1
126.000197,60,-1,0.249969,-1,-1
126.000197,65,-1,0.249969,-1,-1
126.000197,48,-1,3.999969,-1,-1
126.000197,53,-1,3.999969,-1,-1
126.000197,56,-1,3.999969,-1,-1
126.250166,65,-1,0.249969,-1,-1
126.250166,60,-1,0.249969,-1,-1
126.250166,65,-1,0.249969,-1,-1
126.250166,68,-1,0.249969,-1,-1
126.500134,65,-1,0.249969,-1,-1
126.500134,56,-1,0.249969,-1,-1
126.500134,60,-1,0.249969,-1,-1
126.500134,65,-1,0.249969,-1,-1
126.750103,65,-1,0.249969,-1,-1
126.750103,60,-1,0.249969,-1,-1
126.750103,65,-1,0.249969,-1,-1
126.750103,68,-1,0.249969,-1,-1
127.000071,65,-1,0.249969,-1,-1
127.250040,65,-1,0.249969,-1,-1
127.250040,56,-1,0.249969,-1,-1
127.250040,60,-1,0.249969,-1,-1
127.250040,65,-1,0.249969,-1,-1
127.500008,65,-1,0.249969,-1,-1
127.500008,60,-1,0.499937,-1,-1
127.500008,65,-1,0.499937,-1,-1
127.500008,68,-1,0.499937,-1,-1
127.749977,65,-1,0.499937,-1,-1
127.999946,65,-1,0.249969,-1,-1
127.999946,56,-1,0.249969,-1,-1
127.999946,60,-1,0.249969,-1,-1
127.999946,65,-1,0.249969,-1,-1
128.249914,60,-1,0.249969,-1,-1
128.249914,65,-1,0.249969,-1,-1
128.249914,68,-1,0.249969,-1,-1
128.499883,65,-1,0.249969,-1,-1
128.499883,56,-1,0.249969,-1,-1
128.499883,60,-1,0.249969,-1,-1
128.499883,65,-1,0.249969,-1,-1
128.749851,65,-1,0.749906,-1,-1
128.749851,60,-1,0.249969,-1,-1
128.749851,65,-1,0.249969,-1,-1
128.749851,68,-1,0.249969,-1,-1
128.999820,65,-1,0.499937,-1,-1
129.249788,56,-1,0.249969,-1,-1
129.249788,60,-1,0.249969,-1,-1
129.249788,65,-1,0.249969,-1,-1
129.500229,60,-1,0.499937,-1,-1
129.500229,60,-1,0.499937,-1,-1
129.500229,65,-1,0.499937,-1,-1
129.500229,68,-1,0.499937,-1,-1
130.000166,58,-1,0.249969,-1,-1
130.000166,61,-1,0.249969,-1,-1
130.000166,65,-1,0.249969,-1,-1
130.000166,49,-1,3.999969,-1,-1
130.000166,53,-1,3.999969,-1,-1
130.000166,58,-1,3.999969,-1,-1
130.250135,61,-1,0.249969,-1,-1
130.250135,65,-1,0.249969,-1,-1
130.250135,70,-1,0.249969,-1,-1
130.500103,58,-1,0.249969,-1,-1
130.500103,61,-1,0.249969,-1,-1
130.500103,65,-1,0.249969,-1,-1
130.750072,61,-1,0.249969,-1,-1
130.750072,65,-1,0.249969,-1,-1
130.750072,70,-1,0.249969,-1,-1
131.250009,58,-1,0.249969,-1,-1
131.250009,61,-1,0.249969,-1,-1
131.250009,65,-1,0.249969,-1,-1
131.499977,61,-1,0.499937,-1,-1
131.499977,65,-1,0.499937,-1,-1
131.499977,70,-1,0.499937,-1,-1
131.999914,58,-1,0.749906,-1,-1
131.999914,61,-1,0.749906,-1,-1
131.999914,65,-1,0.749906,-1,-1
132.499851,63,-1,0.249969,-1,-1
132.749820,61,-1,0.249969,-1,-1
132.749820,65,-1,0.249969,-1,-1
132.749820,70,-1,0.249969,-1,-1
132.999788,63,-1,0.499937,-1,-1
132.999788,58,-1,0.249969,-1,-1
132.999788,61,-1,0.249969,-1,-1
132.999788,65,-1,0.249969,-1,-1
133.250229,61,-1,0.749906,-1,-1
133.250229,65,-1,0.749906,-1,-1
133.250229,70,-1,0.749906,-1,-1
133.500198,65,-1,0.249969,-1,-1
134.000135,65,-1,0.249969,-1,-1
134.000135,56,-1,0.249969,-1,-1
134.000135,60,-1,0.249969,-1,-1
134.000135,65,-1,0.249969,-1,-1
134.000135,48,-1,3.999969,-1,-1
134.000135,53,-1,3.999969,-1,-1
134.000135,56,-1,3.999969,-1,-1
134.250103,65,-1,0.249969,-1,-1
134.250103,60,-1,0.249969,-1,-1
134.250103,65,-1,0.249969,-1,-1
134.250103,68,-1,0.249969,-1,-1
134.500072,65,-1,0.249969,-1,-1
134.500072,56,-1,0.249969,-1,-1
134.500072,60,-1,0.249969,-1,-1
134.500072,65,-1,0.249969,-1,-1
134.750040,65,-1,0.499937,-1,-1
134.750040,60,-1,0.249969,-1,-1
134.750040,65,-1,0.249969,-1,-1
134.750040,68,-1,0.249969,-1,-1
135.000009,65,-1,0.249969,-1,-1
135.249978,56,-1,0.249969,-1,-1
135.249978,60,-1,0.249969,-1,-1
135.249978,65,-1,0.249969,-1,-1
135.499946,60,-1,0.249969,-1,-1
135.499946,60,-1,0.499937,-1,-1
135.499946,65,-1,0.499937,-1,-1
135.499946,68,-1,0.499937,-1,-1
135.999883,65,-1,0.249969,-1,-1
135.999883,56,-1,0.249969,-1,-1
135.999883,60,-1,0.249969,-1,-1
135.999883,65,-1,0.249969,-1,-1
136.249852,65,-1,0.249969,-1,-1
136.249852,60,-1,0.249969,-1,-1
136.249852,65,-1,0.249969,-1,-1
136.249852,68,-1,0.249969,-1,-1
136.499820,65,-1,0.249969,-1,-1
136.499820,56,-1,0.249969,-1,-1
136.499820,60,-1,0.249969,-1,-1
136.499820,65,-1,0.249969,-1,-1
136.749789,65,-1,0.500410,-1,-1
136.749789,60,-1,0.249969,-1,-1
136.749789,65,-1,0.249969,-1,-1
136.749789,68,-1,0.249969,-1,-1
137.000230,65,-1,0.249969,-1,-1
137.250198,56,-1,0.249969,-1,-1
137.250198,60,-1,0.249969,-1,-1
137.250198,65,-1,0.249969,-1,-1
137.500167,60,-1,0.249969,-1,-1
137.500167,60,-1,0.499937,-1,-1
137.500167,65,-1,0.499937,-1,-1
137.500167,68,-1,0.499937,-1,-1
138.000104,70,-1,0.249969,-1,-1
138.000104,58,-1,0.249969,-1,-1
138.000104,61,-1,0.249969,-1,-1
138.000104,65,-1,0.249969,-1,-1
138.000104,49,-1,3.999969,-1,-1
138.000104,53,-1,3.999969,-1,-1
138.000104,58,-1,3.999969,-1,-1
138.250072,61,-1,0.249969,-1,-1
138.250072,65,-1,0.249969,-1,-1
138.250072,70,-1,0.249969,-1,-1
138.500041,68,-1,0.249969,-1,-1
138.500041,58,-1,0.249969,-1,-1
138.500041,61,-1,0.249969,-1,-1
138.500041,65,-1,0.249969,-1,-1
138.750009,61,-1,0.249969,-1,-1
138.750009,65,-1,0.249969,-1,-1
138.750009,70,-1,0.249969,-1,-1
139.249946,58,-1,0.249969,-1,-1
139.249946,61,-1,0.249969,-1,-1
139.249946,65,-1,0.249969,-1,-1
139.499915,70,-1,0.499937,-1,-1
139.499915,61,-1,0.499937,-1,-1
139.499915,65,-1,0.499937,-1,-1
139.499915,70,-1,0.499937,-1,-1
139.999852,68,-1,0.499937,-1,-1
139.999852,58,-1,0.749906,-1,-1
139.999852,61,-1,0.749906,-1,-1
139.999852,65,-1,0.749906,-1,-1
140.750230,61,-1,0.249969,-1,-1
140.750230,65,-1,0.249969,-1,-1
140.750230,70,-1,0.249969,-1,-1
141.000198,58,-1,0.249969,-1,-1
141.000198,61,-1,0.249969,-1,-1
141.000198,65,-1,0.249969,-1,-1
141.250167,61,-1,0.749906,-1,-1
141.250167,65,-1,0.749906,-1,-1
141.250167,70,-1,0.749906,-1,-1
141.500135,63,-1,0.499937,-1,-1
142.000072,65,-1,0.249969,-1,-1
142.000072,56,-1,0.249969,-1,-1
142.000072,60,-1,0.249969,-1,-1
142.000072,65,-1,0.249969,-1,-1
142.000072,48,-1,3.999969,-1,-1
142.000072,53,-1,3.999969,-1,-1
142.000072,56,-1,3.999969,-1,-1
142.250041,65,-1,0.249969,-1,-1
142.250041,60,-1,0.249969,-1,-1
142.250041,65,-1,0.249969,-1,-1
142.250041,68,-1,0.249969,-1,-1
142.500010,65,-1,0.249969,-1,-1
142.500010,56,-1,0.249969,-1,-1
142.500010,60,-1,0.249969,-1,-1
142.500010,65,-1,0.249969,-1,-1
142.749978,65,-1,0.499937,-1,-1
142.749978,60,-1,0.249969,-1,-1
142.749978,65,-1,0.249969,-1,-1
142.749978,68,-1,0.249969,-1,-1
142.999947,65,-1,0.249969,-1,-1
143.249915,56,-1,0.249969,-1,-1
143.249915,60,-1,0.249969,-1,-1
143.249915,65,-1,0.249969,-1,-1
143.499884,60,-1,0.249969,-1,-1
143.499884,60,-1,0.499937,-1,-1
143.499884,65,-1,0.499937,-1,-1
143.499884,68,-1,0.499937,-1,-1
143.999821,65,-1,0.249969,-1,-1
143.999821,56,-1,0.249969,-1,-1
143.999821,60,-1,0.249969,-1,-1
143.999821,65,-1,0.249969,-1,-1
144.249789,65,-1,0.250441,-1,-1
144.249789,60,-1,0.249969,-1,-1
144.249789,65,-1,0.249969,-1,-1
144.249789,68,-1,0.249969,-1,-1
144.500230,65,-1,0.249969,-1,-1
144.500230,56,-1,0.249969,-1,-1
144.500230,60,-1,0.249969,-1,-1
144.500230,65,-1,0.249969,-1,-1
144.750199,65,-1,0.249969,-1,-1
144.750199,60,-1,0.249969,-1,-1
144.750199,65,-1,0.249969,-1,-1
144.750199,68,-1,0.249969,-1,-1
145.000167,65,-1,0.249969,-1,-1
145.250136,65,-1,4.499906,-1,-1
145.250136,56,-1,0.249969,-1,-1
145.250136,60,-1,0.249969,-1,-1
145.250136,65,-1,0.249969,-1,-1
145.500104,60,-1,0.249969,-1,-1
145.500104,60,-1,0.499937,-1,-1
145.500104,65,-1,0.499937,-1,-1
145.500104,68,-1,0.499937,-1,-1
146.000041,70,-1,0.249969,-1,-1
146.000041,58,-1,0.249969,-1,-1
146.000041,61,-1,0.249969,-1,-1
146.000041,65,-1,0.249969,-1,-1
146.000041,49,-1,3.999969,-1,-1
146.000041,53,-1,3.999969,-1,-1
146.000041,58,-1,3.999969,-1,-1
146.250010,61,-1,0.249969,-1,-1
146.250010,65,-1,0.249969,-1,-1
146.250010,70,-1,0.249969,-1,-1
146.499978,68,-1,0.249969,-1,-1
146.499978,58,-1,0.249969,-1,-1
146.499978,61,-1,0.249969,-1,-1
146.499978,65,-1,0.249969,-1,-1
146.749947,61,-1,0.249969,-1,-1
146.749947,65,-1,0.249969,-1,-1
146.749947,70,-1,0.249969,-1,-1
147.249884,58,-1,0.249969,-1,-1
147.249884,61,-1,0.249969,-1,-1
147.249884,65,-1,0.249969,-1,-1
147.499852,70,-1,0.249969,-1,-1
147.499852,61,-1,0.499937,-1,-1
147.499852,65,-1,0.499937,-1,-1
147.499852,70,-1,0.499937,-1,-1
147.999789,68,-1,0.249969,-1,-1
147.999789,61,-1,0.749906,-1,-1
147.999789,65,-1,0.749906,-1,-1
147.999789,58,-1,0.999874,-1,-1
148.500199,63,-1,0.249969,-1,-1
148.750167,61,-1,0.249969,-1,-1
148.750167,65,-1,0.249969,-1,-1
148.750167,70,-1,0.249969,-1,-1
149.000136,63,-1,0.499937,-1,-1
149.000136,58,-1,0.249969,-1,-1
149.000136,61,-1,0.249969,-1,-1
149.000136,65,-1,0.249969,-1,-1
149.250104,61,-1,0.749906,-1,-1
149.250104,65,-1,0.749906,-1,-1
149.250104,70,-1,0.749906,-1,-1
149.500073,65,-1,0.249969,-1,-1
150.000010,65,-1,0.249969,-1,-1
150.000010,56,-1,0.249969,-1,-1
150.000010,60,-1,0.249969,-1,-1
150.000010,65,-1,0.249969,-1,-1
150.000010,48,-1,3.999969,-1,-1
150.000010,53,-1,3.999969,-1,-1
150.000010,56,-1,3.999969,-1,-1
150.249979,60,-1,0.249969,-1,-1
150.249979,65,-1,0.249969,-1,-1
150.249979,68,-1,0.249969,-1,-1
150.499947,65,-1,0.249969,-1,-1
150.499947,56,-1,0.249969,-1,-1
150.499947,60,-1,0.249969,-1,-1
150.499947,65,-1,0.249969,-1,-1
150.749916,60,-1,0.249969,-1,-1
150.749916,65,-1,0.249969,-1,-1
150.749916,68,-1,0.249969,-1,-1
150.999884,65,-1,0.499937,-1,-1
151.249853,56,-1,0.249969,-1,-1
151.249853,60,-1,0.249969,-1,-1
151.249853,65,-1,0.249969,-1,-1
151.499821,60,-1,0.249969,-1,-1
151.499821,60,-1,0.499937,-1,-1
151.499821,65,-1,0.499937,-1,-1
151.499821,68,-1,0.499937,-1,-1
151.749790,60,-1,10.250127,-1,-1
152.000231,65,-1,0.249969,-1,-1
152.000231,56,-1,0.249969,-1,-1
152.000231,60,-1,0.249969,-1,-1
152.000231,65,-1,0.249969,-1,-1
152.250199,65,-1,0.499937,-1,-1
152.250199,60,-1,0.249969,-1,-1
152.250199,65,-1,0.249969,-1,-1
152.250199,68,-1,0.249969,-1,-1
152.500168,65,-1,0.249969,-1,-1
152.500168,56,-1,0.249969,-1,-1
152.500168,60,-1,0.249969,-1,-1
152.500168,65,-1,0.249969,-1,-1
152.750136,60,-1,0.249969,-1,-1
152.750136,65,-1,0.249969,-1,-1
152.750136,68,-1,0.249969,-1,-1
153.000105,65,-1,0.999874,-1,-1
153.250073,56,-1,0.249969,-1,-1
153.250073,60,-1,0.249969,-1,-1
153.250073,65,-1,0.249969,-1,-1
153.500042,60,-1,0.499937,-1,-1
153.500042,65,-1,0.499937,-1,-1
153.500042,68,-1,0.499937,-1,-1
153.999979,58,-1,0.499937,-1,-1
153.999979,61,-1,0.749906,-1,-1
153.999979,65,-1,0.749906,-1,-1
153.999979,49,-1,3.999969,-1,-1
153.999979,53,-1,3.999969,-1,-1
153.999979,58,-1,3.999969,-1,-1
154.499916,70,-1,0.249969,-1,-1
154.749884,61,-1,0.249969,-1,-1
154.749884,65,-1,0.249969,-1,-1
154.749884,70,-1,0.249969,-1,-1
154.999853,68,-1,0.499937,-1,-1
154.999853,58,-1,0.249969,-1,-1
154.999853,61,-1,0.249969,-1,-1
154.999853,65,-1,0.249969,-1,-1
155.499790,67,-1,0.499937,-1,-1
155.499790,61,-1,0.499937,-1,-1
155.499790,65,-1,0.499937,-1,-1
155.499790,70,-1,0.499937,-1,-1
156.000199,68,-1,0.499937,-1,-1
156.000199,61,-1,0.499937,-1,-1
156.000199,65,-1,0.499937,-1,-1
156.000199,70,-1,0.499937,-1,-1
156.500136,67,-1,0.249969,-1,-1
156.500136,61,-1,0.499937,-1,-1
156.500136,65,-1,0.499937,-1,-1
156.500136,70,-1,0.499937,-1,-1
157.000073,65,-1,0.249969,-1,-1
157.000073,61,-1,0.499937,-1,-1
157.000073,65,-1,0.499937,-1,-1
157.000073,70,-1,0.499937,-1,-1
157.500011,65,-1,0.499937,-1,-1
157.500011,61,-1,0.499937,-1,-1
157.500011,65,-1,0.499937,-1,-1
157.500011,70,-1,0.499937,-1,-1
157.999948,65,-1,0.249969,-1,-1
157.999948,56,-1,0.249969,-1,-1
157.999948,60,-1,0.249969,-1,-1
157.999948,65,-1,0.249969,-1,-1
157.999948,48,-1,3.999969,-1,-1
157.999948,53,-1,3.999969,-1,-1
157.999948,56,-1,3.999969,-1,-1
158.249916,65,-1,0.249969,-1,-1
158.249916,60,-1,0.249969,-1,-1
158.249916,65,-1,0.249969,-1,-1
158.249916,68,-1,0.249969,-1,-1
158.499885,65,-1,0.499937,-1,-1
158.499885,56,-1,0.249969,-1,-1
158.499885,60,-1,0.249969,-1,-1
158.499885,65,-1,0.249969,-1,-1
158.749853,65,-1,0.249969,-1,-1
158.749853,60,-1,0.249969,-1,-1
158.749853,65,-1,0.249969,-1,-1
158.749853,68,-1,0.249969,-1,-1
158.999822,65,-1,0.249969,-1,-1
159.249790,65,-1,0.250441,-1,-1
159.249790,56,-1,0.249969,-1,-1
159.249790,60,-1,0.249969,-1,-1
159.249790,65,-1,0.249969,-1,-1
159.500231,65,-1,0.249969,-1,-1
159.500231,60,-1,0.499937,-1,-1
159.500231,65,-1,0.499937,-1,-1
159.500231,68,-1,0.499937,-1,-1
159.750200,65,-1,0.499937,-1,-1
160.000168,65,-1,0.249969,-1,-1
160.000168,56,-1,0.249969,-1,-1
160.000168,60,-1,0.249969,-1,-1
160.000168,65,-1,0.249969,-1,-1
160.250137,60,-1,0.249969,-1,-1
160.250137,65,-1,0.249969,-1,-1
160.250137,68,-1,0.249969,-1,-1
160.500105,65,-1,0.249969,-1,-1
160.500105,56,-1,0.249969,-1,-1
160.500105,60,-1,0.249969,-1,-1
160.500105,65,-1,0.249969,-1,-1
160.750074,65,-1,0.749906,-1,-1
160.750074,60,-1,0.249969,-1,-1
160.750074,65,-1,0.249969,-1,-1
160.750074,68,-1,0.249969,-1,-1
161.000042,65,-1,0.499937,-1,-1
161.250011,56,-1,0.249969,-1,-1
161.250011,60,-1,0.249969,-1,-1
161.250011,65,-1,0.249969,-1,-1
161.499979,60,-1,0.499937,-1,-1
161.499979,60,-1,0.499937,-1,-1
161.499979,65,-1,0.499937,-1,-1
161.499979,68,-1,0.499937,-1,-1
161.999916,58,-1,0.249969,-1,-1
161.999916,61,-1,0.249969,-1,-1
161.999916,65,-1,0.249969,-1,-1
161.999916,49,-1,3.999969,-1,-1
161.999916,53,-1,3.999969,-1,-1
161.999916,58,-1,3.999969,-1,-1
162.249885,61,-1,0.249969,-1,-1
162.249885,65,-1,0.249969,-1,-1
162.249885,70,-1,0.249969,-1,-1
162.499853,58,-1,0.249969,-1,-1
162.499853,61,-1,0.249969,-1,-1
162.499853,65,-1,0.249969,-1,-1
162.749822,61,-1,0.249969,-1,-1
162.749822,65,-1,0.249969,-1,-1
162.749822,70,-1,0.249969,-1,-1
163.250231,58,-1,0.249969,-1,-1
163.250231,61,-1,0.249969,-1,-1
163.250231,65,-1,0.249969,-1,-1
163.500200,61,-1,0.499937,-1,-1
163.500200,65,-1,0.499937,-1,-1
163.500200,70,-1,0.499937,-1,-1
164.000137,58,-1,0.499937,-1,-1
164.000137,61,-1,0.499937,-1,-1
164.000137,65,-1,0.499937,-1,-1
164.500074,63,-1,0.249969,-1,-1
164.750042,61,-1,0.249969,-1,-1
164.750042,65,-1,0.249969,-1,-1
164.750042,70,-1,0.249969,-1,-1
165.000011,63,-1,0.499937,-1,-1
165.000011,58,-1,0.249969,-1,-1
165.000011,61,-1,0.249969,-1,-1
165.000011,65,-1,0.249969,-1,-1
165.249980,61,-1,0.749906,-1,-1
165.249980,65,-1,0.749906,-1,-1
165.249980,70,-1,0.749906,-1,-1
165.499948,65,-1,0.249969,-1,-1
165.999885,65,-1,0.249969,-1,-1
165.999885,56,-1,0.249969,-1,-1
165.999885,60,-1,0.249969,-1,-1
165.999885,65,-1,0.249969,-1,-1
165.999885,48,-1,3.999969,-1,-1
165.999885,53,-1,3.999969,-1,-1
165.999885,56,-1,3.999969,-1,-1
166.249854,65,-1,0.249969,-1,-1
166.249854,60,-1,0.249969,-1,-1
166.249854,65,-1,0.249969,-1,-1
166.249854,68,-1,0.249969,-1,-1
166.499822,65,-1,0.249969,-1,-1
166.499822,56,-1,0.249969,-1,-1
166.499822,60,-1,0.249969,-1,-1
166.499822,65,-1,0.249969,-1,-1
166.749791,65,-1,0.500410,-1,-1
166.749791,60,-1,0.249969,-1,-1
166.749791,65,-1,0.249969,-1,-1
166.749791,68,-1,0.249969,-1,-1
167.000232,65,-1,0.249969,-1,-1
167.250200,56,-1,0.249969,-1,-1
167.250200,60,-1,0.249969,-1,-1
167.250200,65,-1,0.249969,-1,-1
167.500169,60,-1,0.249969,-1,-1
167.500169,60,-1,0.499937,-1,-1
167.500169,65,-1,0.499937,-1,-1
167.500169,68,-1,0.499937,-1,-1
168.000106,65,-1,0.249969,-1,-1
168.000106,56,-1,0.249969,-1,-1
168.000106,60,-1,0.249969,-1,-1
168.000106,65,-1,0.249969,-1,-1
168.250074,65,-1,0.249969,-1,-1
168.250074,60,-1,0.249969,-1,-1
168.250074,65,-1,0.249969,-1,-1
168.250074,68,-1,0.249969,-1,-1
168.500043,65,-1,0.249969,-1,-1
168.500043,56,-1,0.249969,-1,-1
168.500043,60,-1,0.249969,-1,-1
168.500043,65,-1,0.249969,-1,-1
168.750011,65,-1,0.749906,-1,-1
168.750011,60,-1,0.249969,-1,-1
168.750011,65,-1,0.249969,-1,-1
168.750011,68,-1,0.249969,-1,-1
168.999980,65,-1,0.499937,-1,-1
169.249948,56,-1,0.249969,-1,-1
169.249948,60,-1,0.249969,-1,-1
169.249948,65,-1,0.249969,-1,-1
169.499917,60,-1,0.249969,-1,-1
169.499917,60,-1,0.499937,-1,-1
169.499917,65,-1,0.499937,-1,-1
169.499917,68,-1,0.499937,-1,-1
169.999854,70,-1,0.249969,-1,-1
169.999854,58,-1,0.249969,-1,-1
169.999854,61,-1,0.249969,-1,-1
169.999854,65,-1,0.249969,-1,-1
169.999854,49,-1,3.999969,-1,-1
169.999854,53,-1,3.999969,-1,-1
169.999854,58,-1,3.999969,-1,-1
170.249822,61,-1,0.249969,-1,-1
170.249822,65,-1,0.249969,-1,-1
170.249822,70,-1,0.249969,-1,-1
170.499791,68,-1,0.249969,-1,-1
170.499791,58,-1,0.249969,-1,-1
170.499791,61,-1,0.249969,-1,-1
170.499791,65,-1,0.249969,-1,-1
170.750232,61,-1,0.249969,-1,-1
170.750232,65,-1,0.249969,-1,-1
170.750232,70,-1,0.249969,-1,-1
171.250169,58,-1,0.249969,-1,-1
171.250169,61,-1,0.249969,-1,-1
171.250169,65,-1,0.249969,-1,-1
171.500137,70,-1,0.499937,-1,-1
171.500137,61,-1,0.499937,-1,-1
171.500137,65,-1,0.499937,-1,-1
171.500137,70,-1,0.499937,-1,-1
172.000074,68,-1,0.499937,-1,-1
172.000074,65,-1,0.499937,-1,-1
172.000074,61,-1,0.749906,-1,-1
172.000074,58,-1,0.999874,-1,-1
172.749980,61,-1,0.249969,-1,-1
172.749980,65,-1,0.249969,-1,-1
172.749980,70,-1,0.249969,-1,-1
172.999949,58,-1,0.249969,-1,-1
172.999949,61,-1,0.249969,-1,-1
172.999949,65,-1,0.249969,-1,-1
173.249917,61,-1,0.749906,-1,-1
173.249917,65,-1,0.749906,-1,-1
173.249917,70,-1,0.749906,-1,-1
173.499886,63,-1,0.499937,-1,-1
173.999823,65,-1,0.249969,-1,-1
173.999823,56,-1,0.249969,-1,-1
173.999823,60,-1,0.249969,-1,-1
173.999823,65,-1,0.249969,-1,-1
173.999823,48,-1,3.999969,-1,-1
173.999823,53,-1,3.999969,-1,-1
173.999823,56,-1,3.999969,-1,-1
174.249791,65,-1,0.250441,-1,-1
174.249791,60,-1,0.249969,-1,-1
174.249791,65,-1,0.249969,-1,-1
174.249791,68,-1,0.249969,-1,-1
174.500232,65,-1,0.249969,-1,-1
174.500232,56,-1,0.249969,-1,-1
174.500232,60,-1,0.249969,-1,-1
174.500232,65,-1,0.249969,-1,-1
174.750201,65,-1,0.749906,-1,-1
174.750201,60,-1,0.249969,-1,-1
174.750201,65,-1,0.249969,-1,-1
174.750201,68,-1,0.249969,-1,-1
175.000169,65,-1,0.499937,-1,-1
175.250138,56,-1,0.249969,-1,-1
175.250138,60,-1,0.249969,-1,-1
175.250138,65,-1,0.249969,-1,-1
175.500106,60,-1,0.249969,-1,-1
175.500106,60,-1,0.499937,-1,-1
175.500106,65,-1,0.499937,-1,-1
175.500106,68,-1,0.499937,-1,-1
176.000043,65,-1,0.249969,-1,-1
176.000043,56,-1,0.249969,-1,-1
176.000043,60,-1,0.249969,-1,-1
176.000043,65,-1,0.249969,-1,-1
176.250012,65,-1,0.249969,-1,-1
176.250012,60,-1,0.249969,-1,-1
176.250012,65,-1,0.249969,-1,-1
176.250012,68,-1,0.249969,-1,-1
176.499980,65,-1,0.249969,-1,-1
176.499980,56,-1,0.249969,-1,-1
176.499980,60,-1,0.249969,-1,-1
176.499980,65,-1,0.249969,-1,-1
176.749949,65,-1,0.249969,-1,-1
176.749949,60,-1,0.249969,-1,-1
176.749949,65,-1,0.249969,-1,-1
176.749949,68,-1,0.249969,-1,-1
176.999917,65,-1,0.249969,-1,-1
177.249886,65,-1,4.499906,-1,-1
177.249886,56,-1,0.249969,-1,-1
177.249886,60,-1,0.249969,-1,-1
177.249886,65,-1,0.249969,-1,-1
177.499854,60,-1,0.249969,-1,-1
177.499854,60,-1,0.499937,-1,-1
177.499854,65,-1,0.499937,-1,-1
177.499854,68,-1,0.499937,-1,-1
177.999791,70,-1,0.249969,-1,-1
177.999791,58,-1,0.249969,-1,-1
177.999791,61,-1,0.249969,-1,-1
177.999791,65,-1,0.249969,-1,-1
177.999791,49,-1,3.999969,-1,-1
177.999791,53,-1,3.999969,-1,-1
177.999791,58,-1,3.999969,-1,-1
178.250232,61,-1,0.249969,-1,-1
178.250232,65,-1,0.249969,-1,-1
178.250232,70,-1,0.249969,-1,-1
178.500201,68,-1,0.249969,-1,-1
178.500201,58,-1,0.249969,-1,-1
178.500201,61,-1,0.249969,-1,-1
178.500201,65,-1,0.249969,-1,-1
178.750169,61,-1,0.249969,-1,-1
178.750169,65,-1,0.249969,-1,-1
178.750169,70,-1,0.249969,-1,-1
179.250106,58,-1,0.249969,-1,-1
179.250106,61,-1,0.249969,-1,-1
179.250106,65,-1,0.249969,-1,-1
179.500075,70,-1,0.249969,-1,-1
179.500075,61,-1,0.499937,-1,-1
179.500075,65,-1,0.499937,-1,-1
179.500075,70,-1,0.499937,-1,-1
180.000012,68,-1,0.249969,-1,-1
180.000012,58,-1,0.749906,-1,-1
180.000012,61,-1,0.749906,-1,-1
180.000012,65,-1,0.749906,-1,-1
180.499949,63,-1,0.249969,-1,-1
180.749918,61,-1,0.249969,-1,-1
180.749918,65,-1,0.249969,-1,-1
180.749918,70,-1,0.249969,-1,-1
180.999886,63,-1,0.499937,-1,-1
180.999886,58,-1,0.249969,-1,-1
180.999886,61,-1,0.249969,-1,-1
180.999886,65,-1,0.249969,-1,-1
181.249855,61,-1,0.749906,-1,-1
181.249855,65,-1,0.749906,-1,-1
181.249855,70,-1,0.749906,-1,-1
181.499823,65,-1,0.249969,-1,-1
182.000233,65,-1,0.249969,-1,-1
182.000233,56,-1,0.249969,-1,-1
182.000233,60,-1,0.249969,-1,-1
182.000233,65,-1,0.249969,-1,-1
182.000233,48,-1,3.999969,-1,-1
182.000233,53,-1,3.999969,-1,-1
182.000233,56,-1,3.999969,-1,-1
182.250201,60,-1,0.249969,-1,-1
182.250201,65,-1,0.249969,-1,-1
182.250201,68,-1,0.249969,-1,-1
182.500170,65,-1,0.249969,-1,-1
182.500170,56,-1,0.249969,-1,-1
182.500170,60,-1,0.249969,-1,-1
182.500170,65,-1,0.249969,-1,-1
182.750138,60,-1,0.249969,-1,-1
182.750138,65,-1,0.249969,-1,-1
182.750138,68,-1,0.249969,-1,-1
183.000107,65,-1,0.499937,-1,-1
183.250075,56,-1,0.249969,-1,-1
183.250075,60,-1,0.249969,-1,-1
183.250075,65,-1,0.249969,-1,-1
183.500044,60,-1,0.249969,-1,-1
183.500044,60,-1,0.499937,-1,-1
183.500044,65,-1,0.499937,-1,-1
183.500044,68,-1,0.499937,-1,-1
183.750012,60,-1,47.750129,-1,-1
183.999981,65,-1,0.499937,-1,-1
183.999981,56,-1,0.249969,-1,-1
183.999981,60,-1,0.249969,-1,-1
183.999981,65,-1,0.249969,-1,-1
184.249949,65,-1,0.249969,-1,-1
184.249949,60,-1,0.249969,-1,-1
184.249949,65,-1,0.249969,-1,-1
184.249949,68,-1,0.249969,-1,-1
184.499918,65,-1,0.249969,-1,-1
184.499918,56,-1,0.249969,-1,-1
184.499918,60,-1,0.249969,-1,-1
184.499918,65,-1,0.249969,-1,-1
184.749886,60,-1,0.249969,-1,-1
184.749886,65,-1,0.249969,-1,-1
184.749886,68,-1,0.249969,-1,-1
184.999855,65,-1,0.999874,-1,-1
185.249823,56,-1,0.249969,-1,-1
185.249823,60,-1,0.249969,-1,-1
185.249823,65,-1,0.249969,-1,-1
185.499792,60,-1,0.499937,-1,-1
185.499792,65,-1,0.499937,-1,-1
185.499792,68,-1,0.499937,-1,-1
186.000201,58,-1,0.749906,-1,-1
186.000201,61,-1,0.749906,-1,-1
186.000201,65,-1,0.749906,-1,-1
186.000201,49,-1,3.999969,-1,-1
186.000201,53,-1,3.999969,-1,-1
186.000201,58,-1,3.999969,-1,-1
186.500138,70,-1,0.249969,-1,-1
186.750107,61,-1,0.249969,-1,-1
186.750107,65,-1,0.249969,-1,-1
186.750107,70,-1,0.249969,-1,-1
187.000075,68,-1,0.499937,-1,-1
187.000075,58,-1,0.249969,-1,-1
187.000075,61,-1,0.249969,-1,-1
187.000075,65,-1,0.249969,-1,-1
187.500012,67,-1,0.499937,-1,-1
187.500012,61,-1,0.499937,-1,-1
187.500012,65,-1,0.499937,-1,-1
187.500012,70,-1,0.499937,-1,-1
187.999950,68,-1,0.499937,-1,-1
187.999950,61,-1,0.499937,-1,-1
187.999950,65,-1,0.499937,-1,-1
187.999950,70,-1,0.499937,-1,-1
188.499887,67,-1,0.249969,-1,-1
188.499887,61,-1,0.499937,-1,-1
188.499887,65,-1,0.499937,-1,-1
188.499887,70,-1,0.499937,-1,-1
188.999824,65,-1,0.249969,-1,-1
188.999824,61,-1,0.499937,-1,-1
188.999824,65,-1,0.499937,-1,-1
188.999824,70,-1,0.499937,-1,-1
189.500233,65,-1,0.499937,-1,-1
189.500233,61,-1,0.499937,-1,-1
189.500233,65,-1,0.499937,-1,-1
189.500233,70,-1,0.499937,-1,-1
191.999918,48,-1,0.499937,-1,-1
191.999918,53,-1,0.499937,-1,-1
191.999918,56,-1,0.499937,-1,-1
192.666659,60,-1,0.249969,-1,-1
192.666659,65,-1,0.249969,-1,-1
192.666659,68,-1,0.249969,-1,-1
192.999792,48,-1,0.999874,-1,-1
192.999792,53,-1,0.999874,-1,-1
192.999792,56,-1,0.999874,-1,-1
194.000139,60,-1,0.499937,-1,-1
194.000139,65,-1,0.499937,-1,-1
194.000139,68,-1,0.499937,-1,-1
195.999887,56,-1,0.249969,-1,-1
195.999887,61,-1,0.249969,-1,-1
195.999887,65,-1,0.249969,-1,-1
196.249856,61,-1,0.249969,-1,-1
196.249856,65,-1,0.249969,-1,-1
196.249856,68,-1,0.249969,-1,-1
196.499824,56,-1,0.249969,-1,-1
196.499824,61,-1,0.249969,-1,-1
196.499824,65,-1,0.249969,-1,-1
196.749793,61,-1,0.249969,-1,-1
196.749793,65,-1,0.249969,-1,-1
196.749793,68,-1,0.249969,-1,-1
197.250202,56,-1,0.249969,-1,-1
197.250202,61,-1,0.249969,-1,-1
197.250202,65,-1,0.249969,-1,-1
197.500171,61,-1,0.499937,-1,-1
197.500171,65,-1,0.499937,-1,-1
197.500171,68,-1,0.499937,-1,-1
198.000108,55,-1,0.249969,-1,-1
198.000108,58,-1,0.249969,-1,-1
198.000108,63,-1,0.249969,-1,-1
198.250076,58,-1,0.249969,-1,-1
198.250076,63,-1,0.249969,-1,-1
198.250076,67,-1,0.249969,-1,-1
198.500045,55,-1,0.249969,-1,-1
198.500045,58,-1,0.249969,-1,-1
198.500045,63,-1,0.249969,-1,-1
198.750013,58,-1,0.249969,-1,-1
198.750013,63,-1,0.249969,-1,-1
198.750013,67,-1,0.249969,-1,-1
199.249950,55,-1,0.249969,-1,-1
199.249950,58,-1,0.249969,-1,-1
199.249950,63,-1,0.249969,-1,-1
199.499919,58,-1,0.499937,-1,-1
199.499919,63,-1,0.499937,-1,-1
199.499919,67,-1,0.499937,-1,-1
199.999856,48,-1,0.499937,-1,-1
199.999856,53,-1,0.499937,-1,-1
199.999856,56,-1,0.499937,-1,-1
200.666596,60,-1,0.249969,-1,-1
200.666596,65,-1,0.249969,-1,-1
200.666596,68,-1,0.249969,-1,-1
201.000202,48,-1,0.999874,-1,-1
201.000202,53,-1,0.999874,-1,-1
201.000202,56,-1,0.999874,-1,-1
202.000076,60,-1,0.499937,-1,-1
202.000076,65,-1,0.499937,-1,-1
202.000076,68,-1,0.499937,-1,-1
203.999825,56,-1,0.249969,-1,-1
203.999825,61,-1,0.249969,-1,-1
203.999825,65,-1,0.249969,-1,-1
204.249793,61,-1,0.249969,-1,-1
204.249793,65,-1,0.249969,-1,-1
204.249793,68,-1,0.249969,-1,-1
204.500234,56,-1,0.249969,-1,-1
204.500234,61,-1,0.249969,-1,-1
204.500234,65,-1,0.249969,-1,-1
204.750203,61,-1,0.249969,-1,-1
204.750203,65,-1,0.249969,-1,-1
204.750203,68,-1,0.249969,-1,-1
205.250140,56,-1,0.249969,-1,-1
205.250140,61,-1,0.249969,-1,-1
205.250140,65,-1,0.249969,-1,-1
205.500108,61,-1,0.499937,-1,-1
205.500108,65,-1,0.499937,-1,-1
205.500108,68,-1,0.499937,-1,-1
206.000045,55,-1,0.249969,-1,-1
206.000045,58,-1,0.249969,-1,-1
206.000045,63,-1,0.249969,-1,-1
206.250014,58,-1,0.249969,-1,-1
206.250014,63,-1,0.249969,-1,-1
206.250014,67,-1,0.249969,-1,-1
206.499982,55,-1,0.249969,-1,-1
206.499982,58,-1,0.249969,-1,-1
206.499982,63,-1,0.249969,-1,-1
206.749951,58,-1,0.249969,-1,-1
206.749951,63,-1,0.249969,-1,-1
206.749951,67,-1,0.249969,-1,-1
207.249888,55,-1,0.249969,-1,-1
207.249888,58,-1,0.249969,-1,-1
207.249888,63,-1,0.249969,-1,-1
207.499856,58,-1,0.499937,-1,-1
207.499856,63,-1,0.499937,-1,-1
207.499856,67,-1,0.499937,-1,-1
207.999793,48,-1,0.999874,-1,-1
207.999793,53,-1,0.999874,-1,-1
207.999793,56,-1,0.999874,-1,-1
208.750171,60,-1,0.249969,-1,-1
208.750171,65,-1,0.249969,-1,-1
208.750171,68,-1,0.249969,-1,-1
209.250108,48,-1,0.749906,-1,-1
209.250108,53,-1,0.749906,-1,-1
209.250108,56,-1,0.749906,-1,-1
210.000014,60,-1,0.499937,-1,-1
210.000014,65,-1,0.499937,-1,-1
210.000014,68,-1,0.499937,-1,-1
212.000235,56,-1,0.249969,-1,-1
212.000235,61,-1,0.249969,-1,-1
212.000235,65,-1,0.249969,-1,-1
212.250203,61,-1,0.249969,-1,-1
212.250203,65,-1,0.249969,-1,-1
212.250203,68,-1,0.249969,-1,-1
212.500172,56,-1,0.249969,-1,-1
212.500172,61,-1,0.249969,-1,-1
212.500172,65,-1,0.249969,-1,-1
212.750140,61,-1,0.249969,-1,-1
212.750140,65,-1,0.249969,-1,-1
212.750140,68,-1,0.249969,-1,-1
213.250077,56,-1,0.249969,-1,-1
213.250077,61,-1,0.249969,-1,-1
213.250077,65,-1,0.249969,-1,-1
213.500046,61,-1,0.499937,-1,-1
213.500046,65,-1,0.499937,-1,-1
213.500046,68,-1,0.499937,-1,-1
213.999983,55,-1,0.249969,-1,-1
213.999983,58,-1,0.249969,-1,-1
213.999983,63,-1,0.249969,-1,-1
214.249951,58,-1,0.249969,-1,-1
214.249951,63,-1,0.249969,-1,-1
214.249951,67,-1,0.249969,-1,-1
214.499920,55,-1,0.249969,-1,-1
214.499920,58,-1,0.249969,-1,-1
214.499920,63,-1,0.249969,-1,-1
214.749888,58,-1,0.249969,-1,-1
214.749888,63,-1,0.249969,-1,-1
214.749888,67,-1,0.249969,-1,-1
215.249825,55,-1,0.249969,-1,-1
215.249825,58,-1,0.249969,-1,-1
215.249825,63,-1,0.249969,-1,-1
215.499794,58,-1,0.499937,-1,-1
215.499794,63,-1,0.499937,-1,-1
215.499794,67,-1,0.499937,-1,-1
216.000203,48,-1,0.749906,-1,-1
216.000203,53,-1,0.749906,-1,-1
216.000203,56,-1,0.749906,-1,-1
216.750109,60,-1,0.666740,-1,-1
216.750109,65,-1,0.666740,-1,-1
216.750109,68,-1,0.666740,-1,-1
217.500014,48,-1,0.499937,-1,-1
217.500014,53,-1,0.499937,-1,-1
217.500014,56,-1,0.499937,-1,-1
217.999952,60,-1,0.499937,-1,-1
217.999952,65,-1,0.499937,-1,-1
217.999952,68,-1,0.499937,-1,-1
220.000172,56,-1,0.249969,-1,-1
220.000172,61,-1,0.249969,-1,-1
220.000172,65,-1,0.249969,-1,-1
220.250141,61,-1,0.249969,-1,-1
220.250141,65,-1,0.249969,-1,-1
220.250141,68,-1,0.249969,-1,-1
220.500109,56,-1,0.249969,-1,-1
220.500109,61,-1,0.249969,-1,-1
220.500109,65,-1,0.249969,-1,-1
220.750078,61,-1,0.249969,-1,-1
220.750078,65,-1,0.249969,-1,-1
220.750078,68,-1,0.249969,-1,-1
221.250015,56,-1,0.249969,-1,-1
221.250015,61,-1,0.249969,-1,-1
221.250015,65,-1,0.249969,-1,-1
221.499983,61,-1,0.499937,-1,-1
221.499983,65,-1,0.499937,-1,-1
221.499983,68,-1,0.499937,-1,-1
221.999920,55,-1,0.249969,-1,-1
221.999920,58,-1,0.249969,-1,-1
221.999920,63,-1,0.249969,-1,-1
222.249889,58,-1,0.249969,-1,-1
222.249889,63,-1,0.249969,-1,-1
222.249889,67,-1,0.249969,-1,-1
222.499857,55,-1,0.249969,-1,-1
222.499857,58,-1,0.249969,-1,-1
222.499857,63,-1,0.249969,-1,-1
222.749826,58,-1,0.249969,-1,-1
222.749826,63,-1,0.249969,-1,-1
222.749826,67,-1,0.249969,-1,-1
223.250235,55,-1,0.249969,-1,-1
223.250235,58,-1,0.249969,-1,-1
223.250235,63,-1,0.249969,-1,-1
223.500204,58,-1,0.499937,-1,-1
223.500204,63,-1,0.499937,-1,-1
223.500204,67,-1,0.499937,-1,-1
224.000141,60,-1,0.249969,-1,-1
224.000141,65,-1,0.249969,-1,-1
224.000141,68,-1,0.249969,-1,-1
224.250109,65,-1,0.249969,-1,-1
224.250109,68,-1,0.249969,-1,-1
224.250109,72,-1,0.249969,-1,-1
224.500078,60,-1,0.249969,-1,-1
224.500078,65,-1,0.249969,-1,-1
224.500078,68,-1,0.249969,-1,-1
224.750046,65,-1,0.249969,-1,-1
224.750046,68,-1,0.249969,-1,-1
224.750046,72,-1,0.249969,-1,-1
225.249984,60,-1,0.249969,-1,-1
225.249984,65,-1,0.249969,-1,-1
225.249984,68,-1,0.249969,-1,-1
225.499952,65,-1,0.499937,-1,-1
225.499952,68,-1,0.499937,-1,-1
225.499952,72,-1,0.499937,-1,-1
225.999889,58,-1,0.249969,-1,-1
225.999889,63,-1,0.249969,-1,-1
225.999889,67,-1,0.249969,-1,-1
226.249858,63,-1,0.249969,-1,-1
226.249858,67,-1,0.249969,-1,-1
226.249858,70,-1,0.249969,-1,-1
226.499826,58,-1,0.249969,-1,-1
226.499826,63,-1,0.249969,-1,-1
226.499826,67,-1,0.249969,-1,-1
226.749795,63,-1,0.249969,-1,-1
226.749795,67,-1,0.249969,-1,-1
226.749795,70,-1,0.249969,-1,-1
227.250204,58,-1,0.249969,-1,-1
227.250204,63,-1,0.249969,-1,-1
227.250204,67,-1,0.249969,-1,-1
227.500173,63,-1,0.499937,-1,-1
227.500173,67,-1,0.499937,-1,-1
227.500173,70,-1,0.499937,-1,-1
228.500047,68,-1,0.999874,-1,-1
229.499921,67,-1,0.499937,-1,-1
229.999858,65,-1,0.499937,-1,-1
231.000204,60,-1,0.499937,-1,-1
231.500141,61,-1,0.499937,-1,-1
232.000078,56,-1,0.249969,-1,-1
232.000078,61,-1,0.249969,-1,-1
232.000078,65,-1,0.249969,-1,-1
232.250047,61,-1,0.249969,-1,-1
232.250047,65,-1,0.249969,-1,-1
232.250047,68,-1,0.249969,-1,-1
232.500015,65,-1,0.999874,-1,-1
232.500015,56,-1,0.249969,-1,-1
232.500015,61,-1,0.249969,-1,-1
232.500015,65,-1,0.249969,-1,-1
232.749984,61,-1,0.249969,-1,-1
232.749984,65,-1,0.249969,-1,-1
232.749984,68,-1,0.249969,-1,-1
233.249921,56,-1,0.249969,-1,-1
233.249921,61,-1,0.249969,-1,-1
233.249921,65,-1,0.249969,-1,-1
233.499890,68,-1,0.499937,-1,-1
233.499890,61,-1,0.499937,-1,-1
233.499890,65,-1,0.499937,-1,-1
233.499890,68,-1,0.499937,-1,-1
233.999827,67,-1,0.333134,-1,-1
233.999827,55,-1,0.249969,-1,-1
233.999827,58,-1,0.249969,-1,-1
233.999827,63,-1,0.249969,-1,-1
234.249795,58,-1,0.249969,-1,-1
234.249795,63,-1,0.249969,-1,-1
234.249795,67,-1,0.249969,-1,-1
234.500236,55,-1,0.249969,-1,-1
234.500236,58,-1,0.249969,-1,-1
234.500236,63,-1,0.249969,-1,-1
234.750205,63,-1,0.749906,-1,-1
234.750205,58,-1,0.249969,-1,-1
234.750205,63,-1,0.249969,-1,-1
234.750205,67,-1,0.249969,-1,-1
235.250142,55,-1,0.249969,-1,-1
235.250142,58,-1,0.249969,-1,-1
235.250142,63,-1,0.249969,-1,-1
235.500110,65,-1,0.499937,-1,-1
235.500110,58,-1,0.499937,-1,-1
235.500110,63,-1,0.499937,-1,-1
235.500110,67,-1,0.499937,-1,-1
236.000047,60,-1,2.000221,-1,-1
236.000047,68,-1,2.000221,-1,-1
236.000047,56,-1,3.000095,-1,-1
236.000047,65,-1,3.000095,-1,-1
236.499984,68,-1,0.999874,-1,-1
237.499858,67,-1,0.499937,-1,-1
237.999795,65,-1,0.499937,-1,-1
238.750173,60,-1,0.749906,-1,-1
239.500079,61,-1,0.499937,-1,-1
240.000016,56,-1,0.249969,-1,-1
240.000016,61,-1,0.249969,-1,-1
240.000016,65,-1,0.249969,-1,-1
240.249985,61,-1,0.249969,-1,-1
240.249985,65,-1,0.249969,-1,-1
240.249985,68,-1,0.249969,-1,-1
240.499953,65,-1,0.999874,-1,-1
240.499953,56,-1,0.249969,-1,-1
240.499953,61,-1,0.249969,-1,-1
240.499953,65,-1,0.249969,-1,-1
240.749922,61,-1,0.249969,-1,-1
240.749922,65,-1,0.249969,-1,-1
240.749922,68,-1,0.249969,-1,-1
241.249859,56,-1,0.249969,-1,-1
241.249859,61,-1,0.249969,-1,-1
241.249859,65,-1,0.249969,-1,-1
241.499827,68,-1,0.499937,-1,-1
241.499827,61,-1,0.499937,-1,-1
241.499827,65,-1,0.499937,-1,-1
241.499827,68,-1,0.499937,-1,-1
241.999764,67,-1,0.666740,-1,-1
241.999764,55,-1,0.249969,-1,-1
241.999764,58,-1,0.249969,-1,-1
241.999764,63,-1,0.249969,-1,-1
242.250205,58,-1,0.249969,-1,-1
242.250205,63,-1,0.249969,-1,-1
242.250205,67,-1,0.249969,-1,-1
242.500174,55,-1,0.249969,-1,-1
242.500174,58,-1,0.249969,-1,-1
242.500174,63,-1,0.249969,-1,-1
242.666504,63,-1,0.666740,-1,-1
242.750142,58,-1,0.249969,-1,-1
242.750142,63,-1,0.249969,-1,-1
242.750142,67,-1,0.249969,-1,-1
243.250079,55,-1,0.249969,-1,-1
243.250079,58,-1,0.249969,-1,-1
243.250079,63,-1,0.249969,-1,-1
243.333245,65,-1,0.666740,-1,-1
243.500048,58,-1,0.499937,-1,-1
243.500048,63,-1,0.499937,-1,-1
243.500048,67,-1,0.499937,-1,-1
243.999985,68,-1,2.000221,-1,-1
243.999985,56,-1,3.000095,-1,-1
243.999985,60,-1,3.000095,-1,-1
243.999985,65,-1,3.000095,-1,-1
244.499922,68,-1,0.499937,-1,-1
245.249827,67,-1,0.333134,-1,-1
245.749764,67,-1,1.249843,-1,-1
246.000205,65,-1,0.999874,-1,-1
247.500016,60,-1,0.249969,-1,-1
247.999954,61,-1,0.666740,-1,-1
247.999954,56,-1,0.249969,-1,-1
247.999954,61,-1,0.249969,-1,-1
247.999954,65,-1,0.249969,-1,-1
248.249922,61,-1,0.249969,-1,-1
248.249922,65,-1,0.249969,-1,-1
248.249922,68,-1,0.249969,-1,-1
248.499891,56,-1,0.249969,-1,-1
248.499891,61,-1,0.249969,-1,-1
248.499891,65,-1,0.249969,-1,-1
248.666694,65,-1,0.666740,-1,-1
248.749859,61,-1,0.249969,-1,-1
248.749859,65,-1,0.249969,-1,-1
248.749859,68,-1,0.249969,-1,-1
249.249796,56,-1,0.249969,-1,-1
249.249796,61,-1,0.249969,-1,-1
249.249796,65,-1,0.249969,-1,-1
249.333434,68,-1,0.666740,-1,-1
249.499765,61,-1,0.499937,-1,-1
249.499765,65,-1,0.499937,-1,-1
249.499765,68,-1,0.499937,-1,-1
250.000174,67,-1,0.499937,-1,-1
250.000174,55,-1,0.249969,-1,-1
250.000174,58,-1,0.249969,-1,-1
250.000174,63,-1,0.249969,-1,-1
250.250143,58,-1,0.249969,-1,-1
250.250143,63,-1,0.249969,-1,-1
250.250143,67,-1,0.249969,-1,-1
250.500111,55,-1,0.249969,-1,-1
250.500111,58,-1,0.249969,-1,-1
250.500111,63,-1,0.249969,-1,-1
250.750080,58,-1,0.249969,-1,-1
250.750080,63,-1,0.249969,-1,-1
250.750080,67,-1,0.249969,-1,-1
251.250017,55,-1,0.249969,-1,-1
251.250017,58,-1,0.249969,-1,-1
251.250017,63,-1,0.249969,-1,-1
251.499985,58,-1,0.499937,-1,-1
251.499985,63,-1,0.499937,-1,-1
251.499985,67,-1,0.499937,-1,-1
251.999922,60,-1,2.000221,-1,-1
251.999922,65,-1,2.000221,-1,-1
251.999922,56,-1,3.000095,-1,-1
251.999922,68,-1,3.000095,-1,-1
252.499859,68,-1,0.499937,-1,-1
253.500206,67,-1,0.249969,-1,-1
254.000143,65,-1,0.499937,-1,-1
255.499954,60,-1,0.249969,-1,-1
255.999891,61,-1,0.333134,-1,-1
255.999891,56,-1,0.249969,-1,-1
255.999891,61,-1,0.249969,-1,-1
255.999891,65,-1,0.249969,-1,-1
256.249860,61,-1,0.249969,-1,-1
256.249860,65,-1,0.249969,-1,-1
256.249860,68,-1,0.249969,-1,-1
256.499828,56,-1,0.249969,-1,-1
256.499828,61,-1,0.249969,-1,-1
256.499828,65,-1,0.249969,-1,-1
256.666631,65,-1,0.666740,-1,-1
256.749797,61,-1,0.249969,-1,-1
256.749797,65,-1,0.249969,-1,-1
256.749797,68,-1,0.249969,-1,-1
257.250206,56,-1,0.249969,-1,-1
257.250206,61,-1,0.249969,-1,-1
257.250206,65,-1,0.249969,-1,-1
257.333371,68,-1,0.666740,-1,-1
257.500175,61,-1,0.499937,-1,-1
257.500175,65,-1,0.499937,-1,-1
257.500175,68,-1,0.499937,-1,-1
258.000112,67,-1,0.499937,-1,-1
258.000112,55,-1,0.249969,-1,-1
258.000112,58,-1,0.249969,-1,-1
258.000112,63,-1,0.249969,-1,-1
258.250080,58,-1,0.249969,-1,-1
258.250080,63,-1,0.249969,-1,-1
258.250080,67,-1,0.249969,-1,-1
258.500049,65,-1,1.499811,-1,-1
258.500049,55,-1,0.249969,-1,-1
258.500049,58,-1,0.249969,-1,-1
258.500049,63,-1,0.249969,-1,-1
258.750017,63,-1,0.249969,-1,-1
258.750017,58,-1,0.249969,-1,-1
258.750017,63,-1,0.249969,-1,-1
258.750017,67,-1,0.249969,-1,-1
259.249954,55,-1,0.249969,-1,-1
259.249954,58,-1,0.249969,-1,-1
259.249954,63,-1,0.249969,-1,-1
259.499923,58,-1,0.499937,-1,-1
259.499923,63,-1,0.499937,-1,-1
259.499923,67,-1,0.499937,-1,-1
259.999860,65,-1,0.249969,-1,-1
259.999860,56,-1,0.249969,-1,-1
259.999860,60,-1,0.249969,-1,-1
259.999860,65,-1,0.249969,-1,-1
259.999860,48,-1,3.999969,-1,-1
259.999860,53,-1,3.999969,-1,-1
259.999860,56,-1,3.999969,-1,-1
260.249828,65,-1,0.249969,-1,-1
260.249828,60,-1,0.249969,-1,-1
260.249828,65,-1,0.249969,-1,-1
260.249828,68,-1,0.249969,-1,-1
260.499797,65,-1,0.249969,-1,-1
260.499797,56,-1,0.249969,-1,-1
260.499797,60,-1,0.249969,-1,-1
260.499797,65,-1,0.249969,-1,-1
260.749765,65,-1,0.250441,-1,-1
260.749765,60,-1,0.249969,-1,-1
260.749765,65,-1,0.249969,-1,-1
260.749765,68,-1,0.249969,-1,-1
261.000206,65,-1,0.249969,-1,-1
261.250175,65,-1,0.249969,-1,-1
261.250175,56,-1,0.249969,-1,-1
261.250175,60,-1,0.249969,-1,-1
261.250175,65,-1,0.249969,-1,-1
261.500143,65,-1,0.249969,-1,-1
261.500143,60,-1,0.499937,-1,-1
261.500143,65,-1,0.499937,-1,-1
261.500143,68,-1,0.499937,-1,-1
261.750112,65,-1,0.499937,-1,-1
262.000080,65,-1,0.249969,-1,-1
262.000080,56,-1,0.249969,-1,-1
262.000080,60,-1,0.249969,-1,-1
262.000080,65,-1,0.249969,-1,-1
262.250049,60,-1,0.249969,-1,-1
262.250049,65,-1,0.249969,-1,-1
262.250049,68,-1,0.249969,-1,-1
262.500018,65,-1,0.249969,-1,-1
262.500018,56,-1,0.249969,-1,-1
262.500018,60,-1,0.249969,-1,-1
262.500018,65,-1,0.249969,-1,-1
262.749986,65,-1,0.749906,-1,-1
262.749986,60,-1,0.249969,-1,-1
262.749986,65,-1,0.249969,-1,-1
262.749986,68,-1,0.249969,-1,-1
262.999955,65,-1,0.499937,-1,-1
263.249923,56,-1,0.249969,-1,-1
263.249923,60,-1,0.249969,-1,-1
263.249923,65,-1,0.249969,-1,-1
263.499892,60,-1,0.499937,-1,-1
263.499892,60,-1,0.499937,-1,-1
263.499892,65,-1,0.499937,-1,-1
263.499892,68,-1,0.499937,-1,-1
263.999829,58,-1,0.249969,-1,-1
263.999829,61,-1,0.249969,-1,-1
263.999829,65,-1,0.249969,-1,-1
263.999829,49,-1,3.999969,-1,-1
263.999829,53,-1,3.999969,-1,-1
263.999829,58,-1,3.999969,-1,-1
264.249797,61,-1,0.249969,-1,-1
264.249797,65,-1,0.249969,-1,-1
264.249797,70,-1,0.249969,-1,-1
264.499766,58,-1,0.249969,-1,-1
264.499766,61,-1,0.249969,-1,-1
264.499766,65,-1,0.249969,-1,-1
264.750207,61,-1,0.249969,-1,-1
264.750207,65,-1,0.249969,-1,-1
264.750207,70,-1,0.249969,-1,-1
265.250144,58,-1,0.249969,-1,-1
265.250144,61,-1,0.249969,-1,-1
265.250144,65,-1,0.249969,-1,-1
265.500112,61,-1,0.499937,-1,-1
265.500112,65,-1,0.499937,-1,-1
265.500112,70,-1,0.499937,-1,-1
266.000049,58,-1,0.749906,-1,-1
266.000049,61,-1,0.749906,-1,-1
266.000049,65,-1,0.749906,-1,-1
266.499986,63,-1,0.249969,-1,-1
266.749955,61,-1,0.249969,-1,-1
266.749955,65,-1,0.249969,-1,-1
266.749955,70,-1,0.249969,-1,-1
266.999923,63,-1,0.499937,-1,-1
266.999923,58,-1,0.249969,-1,-1
266.999923,61,-1,0.249969,-1,-1
266.999923,65,-1,0.249969,-1,-1
267.249892,61,-1,0.749906,-1,-1
267.249892,65,-1,0.749906,-1,-1
267.249892,70,-1,0.749906,-1,-1
267.499860,65,-1,0.249969,-1,-1
267.999797,65,-1,0.249969,-1,-1
267.999797,56,-1,0.249969,-1,-1
267.999797,60,-1,0.249969,-1,-1
267.999797,65,-1,0.249969,-1,-1
267.999797,48,-1,3.999969,-1,-1
267.999797,53,-1,3.999969,-1,-1
267.999797,56,-1,3.999969,-1,-1
268.249766,65,-1,0.250441,-1,-1
268.249766,60,-1,0.249969,-1,-1
268.249766,65,-1,0.249969,-1,-1
268.249766,68,-1,0.249969,-1,-1
268.500207,65,-1,0.249969,-1,-1
268.500207,56,-1,0.249969,-1,-1
268.500207,60,-1,0.249969,-1,-1
268.500207,65,-1,0.249969,-1,-1
268.750175,65,-1,0.499937,-1,-1
268.750175,60,-1,0.249969,-1,-1
268.750175,65,-1,0.249969,-1,-1
268.750175,68,-1,0.249969,-1,-1
269.000144,65,-1,0.249969,-1,-1
269.250112,56,-1,0.249969,-1,-1
269.250112,60,-1,0.249969,-1,-1
269.250112,65,-1,0.249969,-1,-1
269.500081,60,-1,0.249969,-1,-1
269.500081,60,-1,0.499937,-1,-1
269.500081,65,-1,0.499937,-1,-1
269.500081,68,-1,0.499937,-1,-1
270.000018,65,-1,0.249969,-1,-1
270.000018,56,-1,0.249969,-1,-1
270.000018,60,-1,0.249969,-1,-1
270.000018,65,-1,0.249969,-1,-1
270.249987,65,-1,0.249969,-1,-1
270.249987,60,-1,0.249969,-1,-1
270.249987,65,-1,0.249969,-1,-1
270.249987,68,-1,0.249969,-1,-1
270.499955,65,-1,0.249969,-1,-1
270.499955,56,-1,0.249969,-1,-1
270.499955,60,-1,0.249969,-1,-1
270.499955,65,-1,0.249969,-1,-1
270.749924,65,-1,0.499937,-1,-1
270.749924,60,-1,0.249969,-1,-1
270.749924,65,-1,0.249969,-1,-1
270.749924,68,-1,0.249969,-1,-1
270.999892,65,-1,0.249969,-1,-1
271.249861,56,-1,0.249969,-1,-1
271.249861,60,-1,0.249969,-1,-1
271.249861,65,-1,0.249969,-1,-1
271.499829,60,-1,0.249969,-1,-1
271.499829,60,-1,0.499937,-1,-1
271.499829,65,-1,0.499937,-1,-1
271.499829,68,-1,0.499937,-1,-1
271.999766,70,-1,0.249969,-1,-1
271.999766,58,-1,0.249969,-1,-1
271.999766,61,-1,0.249969,-1,-1
271.999766,65,-1,0.249969,-1,-1
271.999766,49,-1,3.999969,-1,-1
271.999766,53,-1,3.999969,-1,-1
271.999766,58,-1,3.999969,-1,-1
272.250207,61,-1,0.249969,-1,-1
272.250207,65,-1,0.249969,-1,-1
272.250207,70,-1,0.249969,-1,-1
272.500176,68,-1,0.249969,-1,-1
272.500176,58,-1,0.249969,-1,-1
272.500176,61,-1,0.249969,-1,-1
272.500176,65,-1,0.249969,-1,-1
272.750144,61,-1,0.249969,-1,-1
272.750144,65,-1,0.249969,-1,-1
272.750144,70,-1,0.249969,-1,-1
273.250081,58,-1,0.249969,-1,-1
273.250081,61,-1,0.249969,-1,-1
273.250081,65,-1,0.249969,-1,-1
273.500050,70,-1,0.249969,-1,-1
273.500050,61,-1,0.499937,-1,-1
273.500050,65,-1,0.499937,-1,-1
273.500050,70,-1,0.499937,-1,-1
273.999987,68,-1,0.499937,-1,-1
273.999987,61,-1,0.749906,-1,-1
273.999987,65,-1,0.749906,-1,-1
273.999987,58,-1,0.999874,-1,-1
274.749892,61,-1,0.249969,-1,-1
274.749892,65,-1,0.249969,-1,-1
274.749892,70,-1,0.249969,-1,-1
274.999861,58,-1,0.249969,-1,-1
274.999861,61,-1,0.249969,-1,-1
274.999861,65,-1,0.249969,-1,-1
275.499798,63,-1,0.499937,-1,-1
275.499798,61,-1,0.499937,-1,-1
275.499798,65,-1,0.499937,-1,-1
275.499798,70,-1,0.499937,-1,-1
276.000207,65,-1,0.249969,-1,-1
276.000207,56,-1,0.249969,-1,-1
276.000207,60,-1,0.249969,-1,-1
276.000207,65,-1,0.249969,-1,-1
276.000207,48,-1,3.999969,-1,-1
276.000207,53,-1,3.999969,-1,-1
276.000207,56,-1,3.999969,-1,-1
276.250176,65,-1,0.249969,-1,-1
276.250176,60,-1,0.249969,-1,-1
276.250176,65,-1,0.249969,-1,-1
276.250176,68,-1,0.249969,-1,-1
276.500144,65,-1,0.499937,-1,-1
276.500144,56,-1,0.249969,-1,-1
276.500144,60,-1,0.249969,-1,-1
276.500144,65,-1,0.249969,-1,-1
276.750113,65,-1,0.249969,-1,-1
276.750113,60,-1,0.249969,-1,-1
276.750113,65,-1,0.249969,-1,-1
276.750113,68,-1,0.249969,-1,-1
277.000081,65,-1,0.249969,-1,-1
277.250050,56,-1,0.249969,-1,-1
277.250050,60,-1,0.249969,-1,-1
277.250050,65,-1,0.249969,-1,-1
277.500019,60,-1,0.249969,-1,-1
277.500019,60,-1,0.499937,-1,-1
277.500019,65,-1,0.499937,-1,-1
277.500019,68,-1,0.499937,-1,-1
277.999956,65,-1,0.249969,-1,-1
277.999956,56,-1,0.249969,-1,-1
277.999956,60,-1,0.249969,-1,-1
277.999956,65,-1,0.249969,-1,-1
278.249924,65,-1,0.249969,-1,-1
278.249924,60,-1,0.249969,-1,-1
278.249924,65,-1,0.249969,-1,-1
278.249924,68,-1,0.249969,-1,-1
278.499893,65,-1,0.249969,-1,-1
278.499893,56,-1,0.249969,-1,-1
278.499893,60,-1,0.249969,-1,-1
278.499893,65,-1,0.249969,-1,-1
278.749861,65,-1,0.249969,-1,-1
278.749861,60,-1,0.249969,-1,-1
278.749861,65,-1,0.249969,-1,-1
278.749861,68,-1,0.249969,-1,-1
278.999830,65,-1,0.499937,-1,-1
279.249798,65,-1,0.249969,-1,-1
279.249798,56,-1,0.249969,-1,-1
279.249798,60,-1,0.249969,-1,-1
279.249798,65,-1,0.249969,-1,-1
279.499767,60,-1,0.249969,-1,-1
279.499767,60,-1,0.499937,-1,-1
279.499767,65,-1,0.499937,-1,-1
279.499767,68,-1,0.499937,-1,-1
280.000176,70,-1,0.249969,-1,-1
280.000176,58,-1,0.249969,-1,-1
280.000176,61,-1,0.249969,-1,-1
280.000176,65,-1,0.249969,-1,-1
280.000176,49,-1,3.999969,-1,-1
280.000176,53,-1,3.999969,-1,-1
280.000176,58,-1,3.999969,-1,-1
280.250145,61,-1,0.249969,-1,-1
280.250145,65,-1,0.249969,-1,-1
280.250145,70,-1,0.249969,-1,-1
280.500113,68,-1,0.249969,-1,-1
280.500113,58,-1,0.249969,-1,-1
280.500113,61,-1,0.249969,-1,-1
280.500113,65,-1,0.249969,-1,-1
280.750082,61,-1,0.249969,-1,-1
280.750082,65,-1,0.249969,-1,-1
280.750082,70,-1,0.249969,-1,-1
281.250019,58,-1,0.249969,-1,-1
281.250019,61,-1,0.249969,-1,-1
281.250019,65,-1,0.249969,-1,-1
281.499987,70,-1,0.249969,-1,-1
281.499987,61,-1,0.499937,-1,-1
281.499987,65,-1,0.499937,-1,-1
281.499987,70,-1,0.499937,-1,-1
281.999924,68,-1,0.249969,-1,-1
281.999924,61,-1,0.749906,-1,-1
281.999924,65,-1,0.749906,-1,-1
281.999924,58,-1,0.999874,-1,-1
282.499861,63,-1,0.249969,-1,-1
282.749830,61,-1,0.249969,-1,-1
282.749830,65,-1,0.249969,-1,-1
282.749830,70,-1,0.249969,-1,-1
282.999798,63,-1,0.499937,-1,-1
282.999798,58,-1,0.249969,-1,-1
282.999798,61,-1,0.249969,-1,-1
282.999798,65,-1,0.249969,-1,-1
283.249767,61,-1,0.749906,-1,-1
283.249767,65,-1,0.749906,-1,-1
283.249767,70,-1,0.749906,-1,-1
283.500208,65,-1,0.249969,-1,-1
284.000145,65,-1,0.249969,-1,-1
284.000145,56,-1,0.249969,-1,-1
284.000145,60,-1,0.249969,-1,-1
284.000145,65,-1,0.249969,-1,-1
284.000145,48,-1,3.999969,-1,-1
284.000145,53,-1,3.999969,-1,-1
284.000145,56,-1,3.999969,-1,-1
284.250113,60,-1,0.249969,-1,-1
284.250113,65,-1,0.249969,-1,-1
284.250113,68,-1,0.249969,-1,-1
284.500082,65,-1,0.249969,-1,-1
284.500082,56,-1,0.249969,-1,-1
284.500082,60,-1,0.249969,-1,-1
284.500082,65,-1,0.249969,-1,-1
284.750050,60,-1,0.249969,-1,-1
284.750050,65,-1,0.249969,-1,-1
284.750050,68,-1,0.249969,-1,-1
285.000019,65,-1,0.499937,-1,-1
285.249988,56,-1,0.249969,-1,-1
285.249988,60,-1,0.249969,-1,-1
285.249988,65,-1,0.249969,-1,-1
285.499956,60,-1,0.249969,-1,-1
285.499956,60,-1,0.499937,-1,-1
285.499956,65,-1,0.499937,-1,-1
285.499956,68,-1,0.499937,-1,-1
285.749925,60,-1,36.250160,-1,-1
285.999893,65,-1,0.249969,-1,-1
285.999893,56,-1,0.249969,-1,-1
285.999893,60,-1,0.249969,-1,-1
285.999893,65,-1,0.249969,-1,-1
286.249862,65,-1,0.499937,-1,-1
286.249862,60,-1,0.249969,-1,-1
286.249862,65,-1,0.249969,-1,-1
286.249862,68,-1,0.249969,-1,-1
286.499830,65,-1,0.249969,-1,-1
286.499830,56,-1,0.249969,-1,-1
286.499830,60,-1,0.249969,-1,-1
286.499830,65,-1,0.249969,-1,-1
286.749799,60,-1,0.249969,-1,-1
286.749799,65,-1,0.249969,-1,-1
286.749799,68,-1,0.249969,-1,-1
286.999767,65,-1,0.999874,-1,-1
287.250208,56,-1,0.249969,-1,-1
287.250208,60,-1,0.249969,-1,-1
287.250208,65,-1,0.249969,-1,-1
287.500177,60,-1,0.499937,-1,-1
287.500177,65,-1,0.499937,-1,-1
287.500177,68,-1,0.499937,-1,-1
288.000114,61,-1,0.749906,-1,-1
288.000114,65,-1,0.749906,-1,-1
288.000114,58,-1,0.999874,-1,-1
288.000114,49,-1,3.999969,-1,-1
288.000114,53,-1,3.999969,-1,-1
288.000114,58,-1,3.999969,-1,-1
288.500051,70,-1,0.249969,-1,-1
288.750019,61,-1,0.249969,-1,-1
288.750019,65,-1,0.249969,-1,-1
288.750019,70,-1,0.249969,-1,-1
288.999988,68,-1,0.499937,-1,-1
288.999988,58,-1,0.249969,-1,-1
288.999988,61,-1,0.249969,-1,-1
288.999988,65,-1,0.249969,-1,-1
289.499925,67,-1,0.499937,-1,-1
289.499925,61,-1,0.499937,-1,-1
289.499925,65,-1,0.499937,-1,-1
289.499925,70,-1,0.499937,-1,-1
289.999862,68,-1,0.499937,-1,-1
289.999862,61,-1,0.499937,-1,-1
289.999862,65,-1,0.499937,-1,-1
289.999862,70,-1,0.499937,-1,-1
290.499799,67,-1,0.249969,-1,-1
290.499799,61,-1,0.499937,-1,-1
290.499799,65,-1,0.499937,-1,-1
290.499799,70,-1,0.499937,-1,-1
291.000208,65,-1,0.249969,-1,-1
291.000208,61,-1,0.499937,-1,-1
291.000208,65,-1,0.499937,-1,-1
291.000208,70,-1,0.499937,-1,-1
291.500145,65,-1,0.499937,-1,-1
291.500145,61,-1,0.499937,-1,-1
291.500145,65,-1,0.499937,-1,-1
291.500145,70,-1,0.499937,-1,-1
293.999831,65,-1,8.999812,-1,-1
293.999831,68,-1,8.999812,-1,-1
293.999831,72,-1,8.999812,-1,-1
318.000116,65,-1,0.249969,-1,-1
318.000116,56,-1,0.249969,-1,-1
318.000116,60,-1,0.249969,-1,-1
318.000116,65,-1,0.249969,-1,-1
318.000116,48,-1,3.999969,-1,-1
318.000116,53,-1,3.999969,-1,-1
318.000116,56,-1,3.999969,-1,-1
318.250084,65,-1,0.249969,-1,-1
318.250084,60,-1,0.249969,-1,-1
318.250084,65,-1,0.249969,-1,-1
318.250084,68,-1,0.249969,-1,-1
318.500053,65,-1,0.249969,-1,-1
318.500053,56,-1,0.249969,-1,-1
318.500053,60,-1,0.249969,-1,-1
318.500053,65,-1,0.249969,-1,-1
318.750021,65,-1,0.249969,-1,-1
318.750021,60,-1,0.249969,-1,-1
318.750021,65,-1,0.249969,-1,-1
318.750021,68,-1,0.249969,-1,-1
318.999990,65,-1,0.249969,-1,-1
319.249958,65,-1,0.249969,-1,-1
319.249958,56,-1,0.249969,-1,-1
319.249958,60,-1,0.249969,-1,-1
319.249958,65,-1,0.249969,-1,-1
319.499927,65,-1,0.249969,-1,-1
319.499927,60,-1,0.499937,-1,-1
319.499927,65,-1,0.499937,-1,-1
319.499927,68,-1,0.499937,-1,-1
319.749895,65,-1,0.499937,-1,-1
319.999864,65,-1,0.249969,-1,-1
319.999864,56,-1,0.249969,-1,-1
319.999864,60,-1,0.249969,-1,-1
319.999864,65,-1,0.249969,-1,-1
320.249832,60,-1,0.249969,-1,-1
320.249832,65,-1,0.249969,-1,-1
320.249832,68,-1,0.249969,-1,-1
320.499801,65,-1,0.249969,-1,-1
320.499801,56,-1,0.249969,-1,-1
320.499801,60,-1,0.249969,-1,-1
320.499801,65,-1,0.249969,-1,-1
320.749769,65,-1,0.750378,-1,-1
320.749769,60,-1,0.249969,-1,-1
320.749769,65,-1,0.249969,-1,-1
320.749769,68,-1,0.249969,-1,-1
321.000210,65,-1,0.499937,-1,-1
321.250179,56,-1,0.249969,-1,-1
321.250179,60,-1,0.249969,-1,-1
321.250179,65,-1,0.249969,-1,-1
321.500147,60,-1,0.499937,-1,-1
321.500147,60,-1,0.499937,-1,-1
321.500147,65,-1,0.499937,-1,-1
321.500147,68,-1,0.499937,-1,-1
322.000084,58,-1,0.249969,-1,-1
322.000084,61,-1,0.249969,-1,-1
322.000084,65,-1,0.249969,-1,-1
322.000084,49,-1,3.999969,-1,-1
322.000084,53,-1,3.999969,-1,-1
322.000084,58,-1,3.999969,-1,-1
322.250053,61,-1,0.249969,-1,-1
322.250053,65,-1,0.249969,-1,-1
322.250053,70,-1,0.249969,-1,-1
322.500022,58,-1,0.249969,-1,-1
322.500022,61,-1,0.249969,-1,-1
322.500022,65,-1,0.249969,-1,-1
322.749990,61,-1,0.249969,-1,-1
322.749990,65,-1,0.249969,-1,-1
322.749990,70,-1,0.249969,-1,-1
323.249927,58,-1,0.249969,-1,-1
323.249927,61,-1,0.249969,-1,-1
323.249927,65,-1,0.249969,-1,-1
323.499896,61,-1,0.499937,-1,-1
323.499896,65,-1,0.499937,-1,-1
323.499896,70,-1,0.499937,-1,-1
323.999833,65,-1,0.499937,-1,-1
323.999833,61,-1,0.749906,-1,-1
323.999833,58,-1,0.999874,-1,-1
324.249801,68,-1,0.249969,-1,-1
324.750211,67,-1,0.249969,-1,-1
324.750211,61,-1,0.249969,-1,-1
324.750211,65,-1,0.249969,-1,-1
324.750211,70,-1,0.249969,-1,-1
325.000179,67,-1,0.999874,-1,-1
325.000179,58,-1,0.249969,-1,-1
325.000179,61,-1,0.249969,-1,-1
325.000179,65,-1,0.249969,-1,-1
325.250148,61,-1,0.749906,-1,-1
325.250148,65,-1,0.749906,-1,-1
325.250148,70,-1,0.749906,-1,-1
326.000053,65,-1,0.249969,-1,-1
326.000053,56,-1,0.249969,-1,-1
326.000053,60,-1,0.249969,-1,-1
326.000053,65,-1,0.249969,-1,-1
326.000053,48,-1,3.999969,-1,-1
326.000053,53,-1,3.999969,-1,-1
326.000053,56,-1,3.999969,-1,-1
326.250022,65,-1,0.249969,-1,-1
326.250022,60,-1,0.249969,-1,-1
326.250022,65,-1,0.249969,-1,-1
326.250022,68,-1,0.249969,-1,-1
326.499990,65,-1,0.249969,-1,-1
326.499990,56,-1,0.249969,-1,-1
326.499990,60,-1,0.249969,-1,-1
326.499990,65,-1,0.249969,-1,-1
326.749959,65,-1,0.749906,-1,-1
326.749959,60,-1,0.249969,-1,-1
326.749959,65,-1,0.249969,-1,-1
326.749959,68,-1,0.249969,-1,-1
326.999927,65,-1,0.499937,-1,-1
327.249896,56,-1,0.249969,-1,-1
327.249896,60,-1,0.249969,-1,-1
327.249896,65,-1,0.249969,-1,-1
327.499864,60,-1,0.249969,-1,-1
327.499864,60,-1,0.499937,-1,-1
327.499864,65,-1,0.499937,-1,-1
327.499864,68,-1,0.499937,-1,-1
327.999801,65,-1,0.249969,-1,-1
327.999801,56,-1,0.249969,-1,-1
327.999801,60,-1,0.249969,-1,-1
327.999801,65,-1,0.249969,-1,-1
328.249770,65,-1,0.250441,-1,-1
328.249770,60,-1,0.249969,-1,-1
328.249770,65,-1,0.249969,-1,-1
328.249770,68,-1,0.249969,-1,-1
328.500211,65,-1,0.249969,-1,-1
328.500211,56,-1,0.249969,-1,-1
328.500211,60,-1,0.249969,-1,-1
328.500211,65,-1,0.249969,-1,-1
328.750179,65,-1,0.499937,-1,-1
328.750179,60,-1,0.249969,-1,-1
328.750179,65,-1,0.249969,-1,-1
328.750179,68,-1,0.249969,-1,-1
329.000148,65,-1,0.249969,-1,-1
329.250116,56,-1,0.249969,-1,-1
329.250116,60,-1,0.249969,-1,-1
329.250116,65,-1,0.249969,-1,-1
329.500085,60,-1,0.249969,-1,-1
329.500085,60,-1,0.499937,-1,-1
329.500085,65,-1,0.499937,-1,-1
329.500085,68,-1,0.499937,-1,-1
330.000022,70,-1,0.249969,-1,-1
330.000022,58,-1,0.249969,-1,-1
330.000022,61,-1,0.249969,-1,-1
330.000022,65,-1,0.249969,-1,-1
330.000022,49,-1,3.999969,-1,-1
330.000022,53,-1,3.999969,-1,-1
330.000022,58,-1,3.999969,-1,-1
330.249991,61,-1,0.249969,-1,-1
330.249991,65,-1,0.249969,-1,-1
330.249991,70,-1,0.249969,-1,-1
330.499959,68,-1,0.249969,-1,-1
330.499959,58,-1,0.249969,-1,-1
330.499959,61,-1,0.249969,-1,-1
330.499959,65,-1,0.249969,-1,-1
330.749928,61,-1,0.249969,-1,-1
330.749928,65,-1,0.249969,-1,-1
330.749928,70,-1,0.249969,-1,-1
331.249865,58,-1,0.249969,-1,-1
331.249865,61,-1,0.249969,-1,-1
331.249865,65,-1,0.249969,-1,-1
331.499833,70,-1,0.249969,-1,-1
331.499833,61,-1,0.499937,-1,-1
331.499833,65,-1,0.499937,-1,-1
331.499833,70,-1,0.499937,-1,-1
331.999770,68,-1,0.499937,-1,-1
331.999770,58,-1,0.499937,-1,-1
331.999770,61,-1,0.749906,-1,-1
331.999770,65,-1,0.749906,-1,-1
332.500180,63,-1,0.249969,-1,-1
332.750148,61,-1,0.249969,-1,-1
332.750148,65,-1,0.249969,-1,-1
332.750148,70,-1,0.249969,-1,-1
333.000117,58,-1,0.249969,-1,-1
333.000117,61,-1,0.249969,-1,-1
333.000117,65,-1,0.249969,-1,-1
333.250085,61,-1,0.749906,-1,-1
333.250085,65,-1,0.749906,-1,-1
333.250085,70,-1,0.749906,-1,-1
333.500054,63,-1,0.499937,-1,-1
333.999991,65,-1,0.249969,-1,-1
333.999991,56,-1,0.249969,-1,-1
333.999991,60,-1,0.249969,-1,-1
333.999991,65,-1,0.249969,-1,-1
333.999991,48,-1,3.999969,-1,-1
333.999991,53,-1,3.999969,-1,-1
333.999991,56,-1,3.999969,-1,-1
334.249959,65,-1,0.249969,-1,-1
334.249959,60,-1,0.249969,-1,-1
334.249959,65,-1,0.249969,-1,-1
334.249959,68,-1,0.249969,-1,-1
334.499928,65,-1,0.249969,-1,-1
334.499928,56,-1,0.249969,-1,-1
334.499928,60,-1,0.249969,-1,-1
334.499928,65,-1,0.249969,-1,-1
334.749896,65,-1,0.499937,-1,-1
334.749896,60,-1,0.249969,-1,-1
334.749896,65,-1,0.249969,-1,-1
334.749896,68,-1,0.249969,-1,-1
334.999865,65,-1,0.249969,-1,-1
335.249833,56,-1,0.249969,-1,-1
335.249833,60,-1,0.249969,-1,-1
335.249833,65,-1,0.249969,-1,-1
335.499802,60,-1,0.249969,-1,-1
335.499802,60,-1,0.499937,-1,-1
335.499802,65,-1,0.499937,-1,-1
335.499802,68,-1,0.499937,-1,-1
336.000211,65,-1,0.499937,-1,-1
336.000211,56,-1,0.249969,-1,-1
336.000211,60,-1,0.249969,-1,-1
336.000211,65,-1,0.249969,-1,-1
336.250180,65,-1,0.249969,-1,-1
336.250180,60,-1,0.249969,-1,-1
336.250180,65,-1,0.249969,-1,-1
336.250180,68,-1,0.249969,-1,-1
336.500148,65,-1,0.249969,-1,-1
336.500148,56,-1,0.249969,-1,-1
336.500148,60,-1,0.249969,-1,-1
336.500148,65,-1,0.249969,-1,-1
336.750117,65,-1,0.249969,-1,-1
336.750117,60,-1,0.249969,-1,-1
336.750117,65,-1,0.249969,-1,-1
336.750117,68,-1,0.249969,-1,-1
337.000085,65,-1,0.249969,-1,-1
337.250054,65,-1,4.499906,-1,-1
337.250054,56,-1,0.249969,-1,-1
337.250054,60,-1,0.249969,-1,-1
337.250054,65,-1,0.249969,-1,-1
337.500023,60,-1,0.249969,-1,-1
337.500023,60,-1,0.499937,-1,-1
337.500023,65,-1,0.499937,-1,-1
337.500023,68,-1,0.499937,-1,-1
337.999960,70,-1,0.249969,-1,-1
337.999960,58,-1,0.249969,-1,-1
337.999960,61,-1,0.249969,-1,-1
337.999960,65,-1,0.249969,-1,-1
337.999960,49,-1,3.999969,-1,-1
337.999960,53,-1,3.999969,-1,-1
337.999960,58,-1,3.999969,-1,-1
338.249928,61,-1,0.249969,-1,-1
338.249928,65,-1,0.249969,-1,-1
338.249928,70,-1,0.249969,-1,-1
338.499897,68,-1,0.249969,-1,-1
338.499897,58,-1,0.249969,-1,-1
338.499897,61,-1,0.249969,-1,-1
338.499897,65,-1,0.249969,-1,-1
338.749865,61,-1,0.249969,-1,-1
338.749865,65,-1,0.249969,-1,-1
338.749865,70,-1,0.249969,-1,-1
339.249802,58,-1,0.249969,-1,-1
339.249802,61,-1,0.249969,-1,-1
339.249802,65,-1,0.249969,-1,-1
339.499771,70,-1,0.249969,-1,-1
339.499771,61,-1,0.499937,-1,-1
339.499771,65,-1,0.499937,-1,-1
339.499771,70,-1,0.499937,-1,-1
340.000180,68,-1,0.249969,-1,-1
340.000180,61,-1,0.749906,-1,-1
340.000180,65,-1,0.749906,-1,-1
340.000180,58,-1,0.999874,-1,-1
340.500117,67,-1,0.249969,-1,-1
340.750086,61,-1,0.249969,-1,-1
340.750086,65,-1,0.249969,-1,-1
340.750086,70,-1,0.249969,-1,-1
341.000054,67,-1,0.499937,-1,-1
341.000054,58,-1,0.249969,-1,-1
341.000054,61,-1,0.249969,-1,-1
341.000054,65,-1,0.249969,-1,-1
341.250023,61,-1,0.749906,-1,-1
341.250023,65,-1,0.749906,-1,-1
341.250023,70,-1,0.749906,-1,-1
341.499991,65,-1,0.249969,-1,-1
341.999928,65,-1,0.249969,-1,-1
341.999928,56,-1,0.249969,-1,-1
341.999928,60,-1,0.249969,-1,-1
341.999928,65,-1,0.249969,-1,-1
341.999928,48,-1,3.999969,-1,-1
341.999928,53,-1,3.999969,-1,-1
341.999928,56,-1,3.999969,-1,-1
342.249897,60,-1,0.249969,-1,-1
342.249897,65,-1,0.249969,-1,-1
342.249897,68,-1,0.249969,-1,-1
342.499865,65,-1,0.249969,-1,-1
342.499865,56,-1,0.249969,-1,-1
342.499865,60,-1,0.249969,-1,-1
342.499865,65,-1,0.249969,-1,-1
342.749834,60,-1,0.249969,-1,-1
342.749834,65,-1,0.249969,-1,-1
342.749834,68,-1,0.249969,-1,-1
342.999802,65,-1,0.499937,-1,-1
343.249771,56,-1,0.249969,-1,-1
343.249771,60,-1,0.249969,-1,-1
343.249771,65,-1,0.249969,-1,-1
343.500212,60,-1,0.249969,-1,-1
343.500212,60,-1,0.499937,-1,-1
343.500212,65,-1,0.499937,-1,-1
343.500212,68,-1,0.499937,-1,-1
343.750180,60,-1,10.249654,-1,-1
344.000149,65,-1,0.249969,-1,-1
344.000149,56,-1,0.249969,-1,-1
344.000149,60,-1,0.249969,-1,-1
344.000149,65,-1,0.249969,-1,-1
344.250117,65,-1,0.499937,-1,-1
344.250117,60,-1,0.249969,-1,-1
344.250117,65,-1,0.249969,-1,-1
344.250117,68,-1,0.249969,-1,-1
344.500086,65,-1,0.249969,-1,-1
344.500086,56,-1,0.249969,-1,-1
344.500086,60,-1,0.249969,-1,-1
344.500086,65,-1,0.249969,-1,-1
344.750054,60,-1,0.249969,-1,-1
344.750054,65,-1,0.249969,-1,-1
344.750054,68,-1,0.249969,-1,-1
345.000023,65,-1,0.999874,-1,-1
345.249992,56,-1,0.249969,-1,-1
345.249992,60,-1,0.249969,-1,-1
345.249992,65,-1,0.249969,-1,-1
345.499960,60,-1,0.499937,-1,-1
345.499960,65,-1,0.499937,-1,-1
345.499960,68,-1,0.499937,-1,-1
345.999897,61,-1,0.749906,-1,-1
345.999897,65,-1,0.749906,-1,-1
345.999897,58,-1,0.999874,-1,-1
345.999897,49,-1,3.999969,-1,-1
345.999897,53,-1,3.999969,-1,-1
345.999897,58,-1,3.999969,-1,-1
346.499834,70,-1,0.249969,-1,-1
346.749803,61,-1,0.249969,-1,-1
346.749803,65,-1,0.249969,-1,-1
346.749803,70,-1,0.249969,-1,-1
346.999771,68,-1,0.499937,-1,-1
346.999771,58,-1,0.249969,-1,-1
346.999771,61,-1,0.249969,-1,-1
346.999771,65,-1,0.249969,-1,-1
347.500181,67,-1,0.499937,-1,-1
347.500181,61,-1,0.499937,-1,-1
347.500181,65,-1,0.499937,-1,-1
347.500181,70,-1,0.499937,-1,-1
348.000118,68,-1,0.499937,-1,-1
348.000118,61,-1,0.499937,-1,-1
348.000118,65,-1,0.499937,-1,-1
348.000118,70,-1,0.499937,-1,-1
348.500055,67,-1,0.249969,-1,-1
348.500055,61,-1,0.499937,-1,-1
348.500055,65,-1,0.499937,-1,-1
348.500055,70,-1,0.499937,-1,-1
348.999992,65,-1,0.249969,-1,-1
348.999992,61,-1,0.499937,-1,-1
348.999992,65,-1,0.499937,-1,-1
348.999992,70,-1,0.499937,-1,-1
349.499929,65,-1,0.499937,-1,-1
349.499929,61,-1,0.499937,-1,-1
349.499929,65,-1,0.499937,-1,-1
349.499929,70,-1,0.499937,-1,-1
349.999866,65,-1,0.249969,-1,-1
349.999866,56,-1,0.249969,-1,-1
349.999866,60,-1,0.249969,-1,-1
349.999866,65,-1,0.249969,-1,-1
349.999866,48,-1,3.999969,-1,-1
349.999866,53,-1,3.999969,-1,-1
349.999866,56,-1,3.999969,-1,-1
350.249834,65,-1,0.249969,-1,-1
350.249834,60,-1,0.249969,-1,-1
350.249834,65,-1,0.249969,-1,-1
350.249834,68,-1,0.249969,-1,-1
350.499803,65,-1,0.249969,-1,-1
350.499803,56,-1,0.249969,-1,-1
350.499803,60,-1,0.249969,-1,-1
350.499803,65,-1,0.249969,-1,-1
350.749771,65,-1,0.250441,-1,-1
350.749771,60,-1,0.249969,-1,-1
350.749771,65,-1,0.249969,-1,-1
350.749771,68,-1,0.249969,-1,-1
351.000212,65,-1,0.249969,-1,-1
351.250181,65,-1,0.249969,-1,-1
351.250181,56,-1,0.249969,-1,-1
351.250181,60,-1,0.249969,-1,-1
351.250181,65,-1,0.249969,-1,-1
351.500149,65,-1,0.249969,-1,-1
351.500149,60,-1,0.499937,-1,-1
351.500149,65,-1,0.499937,-1,-1
351.500149,68,-1,0.499937,-1,-1
351.750118,65,-1,0.499937,-1,-1
352.000086,65,-1,0.249969,-1,-1
352.000086,56,-1,0.249969,-1,-1
352.000086,60,-1,0.249969,-1,-1
352.000086,65,-1,0.249969,-1,-1
352.250055,60,-1,0.249969,-1,-1
352.250055,65,-1,0.249969,-1,-1
352.250055,68,-1,0.249969,-1,-1
352.500023,65,-1,0.249969,-1,-1
352.500023,56,-1,0.249969,-1,-1
352.500023,60,-1,0.249969,-1,-1
352.500023,65,-1,0.249969,-1,-1
352.749992,65,-1,0.749906,-1,-1
352.749992,60,-1,0.249969,-1,-1
352.749992,65,-1,0.249969,-1,-1
352.749992,68,-1,0.249969,-1,-1
352.999961,65,-1,0.499937,-1,-1
353.249929,56,-1,0.249969,-1,-1
353.249929,60,-1,0.249969,-1,-1
353.249929,65,-1,0.249969,-1,-1
353.499898,60,-1,0.499937,-1,-1
353.499898,60,-1,0.499937,-1,-1
353.499898,65,-1,0.499937,-1,-1
353.499898,68,-1,0.499937,-1,-1
353.999835,58,-1,0.249969,-1,-1
353.999835,61,-1,0.249969,-1,-1
353.999835,65,-1,0.249969,-1,-1
353.999835,49,-1,3.999969,-1,-1
353.999835,53,-1,3.999969,-1,-1
353.999835,58,-1,3.999969,-1,-1
354.249803,61,-1,0.249969,-1,-1
354.249803,65,-1,0.249969,-1,-1
354.249803,70,-1,0.249969,-1,-1
354.499772,58,-1,0.249969,-1,-1
354.499772,61,-1,0.249969,-1,-1
354.499772,65,-1,0.249969,-1,-1
354.750213,61,-1,0.249969,-1,-1
354.750213,65,-1,0.249969,-1,-1
354.750213,70,-1,0.249969,-1,-1
355.250150,58,-1,0.249969,-1,-1
355.250150,61,-1,0.249969,-1,-1
355.250150,65,-1,0.249969,-1,-1
355.500118,61,-1,0.499937,-1,-1
355.500118,65,-1,0.499937,-1,-1
355.500118,70,-1,0.499937,-1,-1
356.000055,58,-1,0.749906,-1,-1
356.000055,61,-1,0.749906,-1,-1
356.000055,65,-1,0.749906,-1,-1
356.250024,68,-1,0.249969,-1,-1
356.749961,67,-1,0.249969,-1,-1
356.749961,61,-1,0.249969,-1,-1
356.749961,65,-1,0.249969,-1,-1
356.749961,70,-1,0.249969,-1,-1
356.999929,58,-1,0.249969,-1,-1
356.999929,61,-1,0.249969,-1,-1
356.999929,65,-1,0.249969,-1,-1
357.249898,67,-1,0.333134,-1,-1
357.249898,61,-1,0.749906,-1,-1
357.249898,65,-1,0.749906,-1,-1
357.249898,70,-1,0.749906,-1,-1
357.999803,65,-1,0.249969,-1,-1
357.999803,56,-1,0.249969,-1,-1
357.999803,60,-1,0.249969,-1,-1
357.999803,65,-1,0.249969,-1,-1
357.999803,48,-1,3.999969,-1,-1
357.999803,53,-1,3.999969,-1,-1
357.999803,56,-1,3.999969,-1,-1
358.249772,65,-1,0.250441,-1,-1
358.249772,60,-1,0.249969,-1,-1
358.249772,65,-1,0.249969,-1,-1
358.249772,68,-1,0.249969,-1,-1
358.500213,65,-1,0.249969,-1,-1
358.500213,56,-1,0.249969,-1,-1
358.500213,60,-1,0.249969,-1,-1
358.500213,65,-1,0.249969,-1,-1
358.750181,65,-1,0.499937,-1,-1
358.750181,60,-1,0.249969,-1,-1
358.750181,65,-1,0.249969,-1,-1
358.750181,68,-1,0.249969,-1,-1
359.000150,65,-1,0.249969,-1,-1
359.250118,56,-1,0.249969,-1,-1
359.250118,60,-1,0.249969,-1,-1
359.250118,65,-1,0.249969,-1,-1
359.500087,60,-1,0.249969,-1,-1
359.500087,60,-1,0.499937,-1,-1
359.500087,65,-1,0.499937,-1,-1
359.500087,68,-1,0.499937,-1,-1
360.000024,65,-1,0.249969,-1,-1
360.000024,56,-1,0.249969,-1,-1
360.000024,60,-1,0.249969,-1,-1
360.000024,65,-1,0.249969,-1,-1
360.249993,65,-1,0.249969,-1,-1
360.249993,60,-1,0.249969,-1,-1
360.249993,65,-1,0.249969,-1,-1
360.249993,68,-1,0.249969,-1,-1
360.499961,65,-1,0.249969,-1,-1
360.499961,56,-1,0.249969,-1,-1
360.499961,60,-1,0.249969,-1,-1
360.499961,65,-1,0.249969,-1,-1
360.749930,65,-1,0.499937,-1,-1
360.749930,60,-1,0.249969,-1,-1
360.749930,65,-1,0.249969,-1,-1
360.749930,68,-1,0.249969,-1,-1
360.999898,65,-1,0.249969,-1,-1
361.249867,56,-1,0.249969,-1,-1
361.249867,60,-1,0.249969,-1,-1
361.249867,65,-1,0.249969,-1,-1
361.499835,60,-1,0.249969,-1,-1
361.499835,60,-1,0.499937,-1,-1
361.499835,65,-1,0.499937,-1,-1
361.499835,68,-1,0.499937,-1,-1
361.999772,70,-1,0.249969,-1,-1
361.999772,58,-1,0.249969,-1,-1
361.999772,61,-1,0.249969,-1,-1
361.999772,65,-1,0.249969,-1,-1
361.999772,49,-1,3.999969,-1,-1
361.999772,53,-1,3.999969,-1,-1
361.999772,58,-1,3.999969,-1,-1
362.250213,61,-1,0.249969,-1,-1
362.250213,65,-1,0.249969,-1,-1
362.250213,70,-1,0.249969,-1,-1
362.500182,68,-1,0.249969,-1,-1
362.500182,58,-1,0.249969,-1,-1
362.500182,61,-1,0.249969,-1,-1
362.500182,65,-1,0.249969,-1,-1
362.750150,61,-1,0.249969,-1,-1
362.750150,65,-1,0.249969,-1,-1
362.750150,70,-1,0.249969,-1,-1
363.250087,58,-1,0.249969,-1,-1
363.250087,61,-1,0.249969,-1,-1
363.250087,65,-1,0.249969,-1,-1
363.500056,70,-1,0.249969,-1,-1
363.500056,61,-1,0.499937,-1,-1
363.500056,65,-1,0.499937,-1,-1
363.500056,70,-1,0.499937,-1,-1
363.999993,68,-1,0.499937,-1,-1
363.999993,61,-1,0.499937,-1,-1
363.999993,65,-1,0.499937,-1,-1
363.999993,58,-1,0.999874,-1,-1
364.499930,63,-1,0.583102,-1,-1
364.749898,63,-1,0.333134,-1,-1
364.749898,61,-1,0.249969,-1,-1
364.749898,65,-1,0.249969,-1,-1
364.749898,70,-1,0.249969,-1,-1
364.999867,58,-1,0.249969,-1,-1
364.999867,61,-1,0.249969,-1,-1
364.999867,65,-1,0.249969,-1,-1
365.249835,63,-1,0.749906,-1,-1
365.249835,61,-1,0.749906,-1,-1
365.249835,65,-1,0.749906,-1,-1
365.249835,70,-1,0.749906,-1,-1
365.499804,63,-1,0.499937,-1,-1
366.000213,65,-1,0.249969,-1,-1
366.000213,56,-1,0.249969,-1,-1
366.000213,60,-1,0.249969,-1,-1
366.000213,65,-1,0.249969,-1,-1
366.000213,48,-1,3.999969,-1,-1
366.000213,53,-1,3.999969,-1,-1
366.000213,56,-1,3.999969,-1,-1
366.250182,65,-1,0.249969,-1,-1
366.250182,60,-1,0.249969,-1,-1
366.250182,65,-1,0.249969,-1,-1
366.250182,68,-1,0.249969,-1,-1
366.500150,65,-1,0.249969,-1,-1
366.500150,56,-1,0.249969,-1,-1
366.500150,60,-1,0.249969,-1,-1
366.500150,65,-1,0.249969,-1,-1
366.750119,65,-1,0.749906,-1,-1
366.750119,60,-1,0.249969,-1,-1
366.750119,65,-1,0.249969,-1,-1
366.750119,68,-1,0.249969,-1,-1
367.000087,65,-1,0.499937,-1,-1
367.250056,56,-1,0.249969,-1,-1
367.250056,60,-1,0.249969,-1,-1
367.250056,65,-1,0.249969,-1,-1
367.500024,60,-1,0.249969,-1,-1
367.500024,60,-1,0.499937,-1,-1
367.500024,65,-1,0.499937,-1,-1
367.500024,68,-1,0.499937,-1,-1
367.999962,65,-1,0.499937,-1,-1
367.999962,56,-1,0.249969,-1,-1
367.999962,60,-1,0.249969,-1,-1
367.999962,65,-1,0.249969,-1,-1
368.249930,65,-1,0.249969,-1,-1
368.249930,60,-1,0.249969,-1,-1
368.249930,65,-1,0.249969,-1,-1
368.249930,68,-1,0.249969,-1,-1
368.499899,65,-1,0.249969,-1,-1
368.499899,56,-1,0.249969,-1,-1
368.499899,60,-1,0.249969,-1,-1
368.499899,65,-1,0.249969,-1,-1
368.749867,65,-1,0.249969,-1,-1
368.749867,60,-1,0.249969,-1,-1
368.749867,65,-1,0.249969,-1,-1
368.749867,68,-1,0.249969,-1,-1
368.999836,65,-1,0.249969,-1,-1
369.249804,65,-1,4.500378,-1,-1
369.249804,56,-1,0.249969,-1,-1
369.249804,60,-1,0.249969,-1,-1
369.249804,65,-1,0.249969,-1,-1
369.499773,60,-1,0.249969,-1,-1
369.499773,60,-1,0.499937,-1,-1
369.499773,65,-1,0.499937,-1,-1
369.499773,68,-1,0.499937,-1,-1
370.000182,70,-1,0.249969,-1,-1
370.000182,58,-1,0.249969,-1,-1
370.000182,61,-1,0.249969,-1,-1
370.000182,65,-1,0.249969,-1,-1
370.000182,49,-1,3.999969,-1,-1
370.000182,53,-1,3.999969,-1,-1
370.000182,58,-1,3.999969,-1,-1
370.250151,61,-1,0.249969,-1,-1
370.250151,65,-1,0.249969,-1,-1
370.250151,70,-1,0.249969,-1,-1
370.500119,68,-1,0.249969,-1,-1
370.500119,58,-1,0.249969,-1,-1
370.500119,61,-1,0.249969,-1,-1
370.500119,65,-1,0.249969,-1,-1
370.750088,61,-1,0.249969,-1,-1
370.750088,65,-1,0.249969,-1,-1
370.750088,70,-1,0.249969,-1,-1
371.250025,58,-1,0.249969,-1,-1
371.250025,61,-1,0.249969,-1,-1
371.250025,65,-1,0.249969,-1,-1
371.499993,70,-1,0.249969,-1,-1
371.499993,61,-1,0.499937,-1,-1
371.499993,65,-1,0.499937,-1,-1
371.499993,70,-1,0.499937,-1,-1
371.999930,68,-1,0.249969,-1,-1
371.999930,61,-1,0.749906,-1,-1
371.999930,65,-1,0.749906,-1,-1
371.999930,58,-1,0.999874,-1,-1
372.499867,67,-1,0.249969,-1,-1
372.749836,61,-1,0.249969,-1,-1
372.749836,65,-1,0.249969,-1,-1
372.749836,70,-1,0.249969,-1,-1
372.999804,67,-1,0.499937,-1,-1
372.999804,58,-1,0.249969,-1,-1
372.999804,61,-1,0.249969,-1,-1
372.999804,65,-1,0.249969,-1,-1
373.249773,61,-1,0.749906,-1,-1
373.249773,65,-1,0.749906,-1,-1
373.249773,70,-1,0.749906,-1,-1
373.500214,65,-1,0.249969,-1,-1
374.000151,65,-1,0.249969,-1,-1
374.000151,56,-1,0.249969,-1,-1
374.000151,60,-1,0.249969,-1,-1
374.000151,65,-1,0.249969,-1,-1
374.000151,48,-1,3.999969,-1,-1
374.000151,53,-1,3.999969,-1,-1
374.000151,56,-1,3.999969,-1,-1
374.250119,60,-1,0.249969,-1,-1
374.250119,65,-1,0.249969,-1,-1
374.250119,68,-1,0.249969,-1,-1
374.500088,65,-1,0.249969,-1,-1
374.500088,56,-1,0.249969,-1,-1
374.500088,60,-1,0.249969,-1,-1
374.500088,65,-1,0.249969,-1,-1
374.750056,60,-1,0.249969,-1,-1
374.750056,65,-1,0.249969,-1,-1
374.750056,68,-1,0.249969,-1,-1
375.000025,65,-1,0.499937,-1,-1
375.249994,56,-1,0.249969,-1,-1
375.249994,60,-1,0.249969,-1,-1
375.249994,65,-1,0.249969,-1,-1
375.499962,60,-1,0.249969,-1,-1
375.499962,60,-1,0.499937,-1,-1
375.499962,65,-1,0.499937,-1,-1
375.499962,68,-1,0.499937,-1,-1
375.999899,65,-1,0.249969,-1,-1
375.999899,56,-1,0.249969,-1,-1
375.999899,60,-1,0.249969,-1,-1
375.999899,65,-1,0.249969,-1,-1
376.249868,65,-1,0.499937,-1,-1
376.249868,60,-1,0.249969,-1,-1
376.249868,65,-1,0.249969,-1,-1
376.249868,68,-1,0.249969,-1,-1
376.499836,65,-1,0.249969,-1,-1
376.499836,56,-1,0.249969,-1,-1
376.499836,60,-1,0.249969,-1,-1
376.499836,65,-1,0.249969,-1,-1
376.749805,60,-1,0.249969,-1,-1
376.749805,65,-1,0.249969,-1,-1
376.749805,68,-1,0.249969,-1,-1
376.999773,65,-1,0.999874,-1,-1
377.250214,56,-1,0.249969,-1,-1
377.250214,60,-1,0.249969,-1,-1
377.250214,65,-1,0.249969,-1,-1
377.500183,60,-1,0.499937,-1,-1
377.500183,65,-1,0.499937,-1,-1
377.500183,68,-1,0.499937,-1,-1
378.000120,58,-1,0.749906,-1,-1
378.000120,61,-1,0.749906,-1,-1
378.000120,65,-1,0.749906,-1,-1
378.000120,49,-1,3.999969,-1,-1
378.000120,53,-1,3.999969,-1,-1
378.000120,58,-1,3.999969,-1,-1
378.500057,70,-1,0.249969,-1,-1
378.750025,61,-1,0.249969,-1,-1
378.750025,65,-1,0.249969,-1,-1
378.750025,70,-1,0.249969,-1,-1
378.999994,68,-1,0.499937,-1,-1
378.999994,58,-1,0.249969,-1,-1
378.999994,61,-1,0.249969,-1,-1
378.999994,65,-1,0.249969,-1,-1
379.499931,67,-1,0.499937,-1,-1
379.499931,61,-1,0.499937,-1,-1
379.499931,65,-1,0.499937,-1,-1
379.499931,70,-1,0.499937,-1,-1
379.999868,68,-1,0.499937,-1,-1
379.999868,61,-1,0.499937,-1,-1
379.999868,65,-1,0.499937,-1,-1
379.999868,70,-1,0.499937,-1,-1
380.499805,67,-1,0.249969,-1,-1
380.499805,61,-1,0.499937,-1,-1
380.499805,65,-1,0.499937,-1,-1
380.499805,70,-1,0.499937,-1,-1
381.000214,65,-1,0.249969,-1,-1
381.000214,61,-1,0.499937,-1,-1
381.000214,65,-1,0.499937,-1,-1
381.000214,70,-1,0.499937,-1,-1
381.500151,65,-1,0.499937,-1,-1
381.500151,61,-1,0.499937,-1,-1
381.500151,65,-1,0.499937,-1,-1
381.500151,70,-1,0.499937,-1,-1
382.000088,58,-1,0.499937,-1,-1
382.000088,61,-1,0.499937,-1,-1
382.000088,65,-1,0.499937,-1,-1
382.749994,61,-1,0.249969,-1,-1
382.749994,65,-1,0.249969,-1,-1
382.749994,70,-1,0.249969,-1,-1
382.999963,58,-1,0.249969,-1,-1
382.999963,61,-1,0.249969,-1,-1
382.999963,65,-1,0.249969,-1,-1
383.499900,61,-1,0.499937,-1,-1
383.499900,65,-1,0.499937,-1,-1
383.499900,70,-1,0.499937,-1,-1
383.999837,68,-1,0.499937,-1,-1
383.999837,61,-1,0.499937,-1,-1
383.999837,65,-1,0.499937,-1,-1
383.999837,70,-1,0.499937,-1,-1
384.499774,67,-1,0.249969,-1,-1
384.499774,61,-1,0.499937,-1,-1
384.499774,65,-1,0.499937,-1,-1
384.499774,70,-1,0.499937,-1,-1
385.000183,65,-1,0.249969,-1,-1
385.000183,61,-1,0.499937,-1,-1
385.000183,65,-1,0.499937,-1,-1
385.000183,70,-1,0.499937,-1,-1
385.500120,65,-1,0.499937,-1,-1
385.500120,61,-1,0.499937,-1,-1
385.500120,65,-1,0.499937,-1,-1
385.500120,70,-1,0.499937,-1,-1
396.000215,72,-1,0.499937,-1,-1
