0,43,-1,0.45,-1,-1
0,50,-1,0.45,-1,-1
0.5,55,-1,0.45,-1,-1
1,55,-1,0.45,-1,-1
1.5,55,-1,0.45,-1,-1
2,43,-1,0.45,-1,-1
2,50,-1,0.45,-1,-1
2.5,54,-1,0.45,-1,-1
3,54,-1,0.45,-1,-1
3.5,54,-1,0.45,-1,-1
4,43,-1,0.45,-1,-1
4,50,-1,0.45,-1,-1
4.5,55,-1,0.45,-1,-1
5,55,-1,0.45,-1,-1
5.5,55,-1,0.45,-1,-1
6,43,-1,0.45,-1,-1
6,50,-1,0.45,-1,-1
6.5,57,-1,0.45,-1,-1
7,57,-1,0.45,-1,-1
7.5,57,-1,0.45,-1,-1
8,43,-1,0.45,-1,-1
8,50,-1,0.45,-1,-1
8.5,55,-1,0.45,-1,-1
9,55,-1,0.45,-1,-1
9.5,55,-1,0.45,-1,-1
10,43,-1,0.45,-1,-1
10,50,-1,0.45,-1,-1
10.5,54,-1,0.45,-1,-1
11,54,-1,0.45,-1,-1
11.5,54,-1,0.45,-1,-1
12,43,-1,0.45,-1,-1
12,50,-1,0.45,-1,-1
12.5,55,-1,0.45,-1,-1
13,55,-1,0.45,-1,-1
13.5,55,-1,0.45,-1,-1
14,43,-1,0.45,-1,-1
14,50,-1,0.45,-1,-1
14.5,57,-1,0.45,-1,-1
15,57,-1,0.45,-1,-1
15.5,57,-1,0.45,-1,-1
15.75,62,-1,0.225,-1,-1
16,72,-1,0.479167,-1,-1
16,43,-1,0.45,-1,-1
16,50,-1,0.45,-1,-1
16.5,72,-1,0.439583,-1,-1
16.5,55,-1,0.45,-1,-1
17,72,-1,0.439583,-1,-1
17,55,-1,0.45,-1,-1
17.5,72,-1,0.45,-1,-1
17.5,55,-1,0.45,-1,-1
18,72,-1,0.45,-1,-1
18,43,-1,0.45,-1,-1
18,50,-1,0.45,-1,-1
18.5,71,-1,0.225,-1,-1
18.5,54,-1,0.45,-1,-1
18.75,71,-1,1.15,-1,-1
19,54,-1,0.45,-1,-1
19.5,54,-1,0.45,-1,-1
20,72,-1,0.45,-1,-1
20,43,-1,0.45,-1,-1
20,50,-1,0.45,-1,-1
20.5,72,-1,0.45,-1,-1
20.5,55,-1,0.45,-1,-1
21,72,-1,0.45,-1,-1
21,55,-1,0.45,-1,-1
21.5,74,-1,0.45,-1,-1
21.5,55,-1,0.45,-1,-1
22,71,-1,0.45,-1,-1
22,43,-1,0.45,-1,-1
22,50,-1,0.45,-1,-1
22.5,69,-1,0.45,-1,-1
22.5,57,-1,0.45,-1,-1
23,67,-1,0.45,-1,-1
23,57,-1,0.45,-1,-1
23.5,66,-1,0.45,-1,-1
23.5,57,-1,0.45,-1,-1
24,66,-1,0.520833,-1,-1
24,40,-1,0.45,-1,-1
24,47,-1,0.45,-1,-1
24.5,67,-1,3.3,-1,-1
24.5,55,-1,0.45,-1,-1
25,55,-1,0.45,-1,-1
25.5,55,-1,0.45,-1,-1
26,40,-1,0.45,-1,-1
26,47,-1,0.45,-1,-1
26.5,54,-1,0.45,-1,-1
27,54,-1,0.45,-1,-1
27.5,54,-1,0.45,-1,-1
28,40,-1,0.45,-1,-1
28,47,-1,0.45,-1,-1
28.5,55,-1,0.45,-1,-1
29,55,-1,0.45,-1,-1
29.5,55,-1,0.45,-1,-1
30,40,-1,0.45,-1,-1
30,47,-1,0.45,-1,-1
30.5,57,-1,0.45,-1,-1
31,57,-1,0.45,-1,-1
31.5,57,-1,0.45,-1,-1
31.75,62,-1,0.225,-1,-1
32,74,-1,0.45,-1,-1
32,43,-1,0.45,-1,-1
32,50,-1,0.45,-1,-1
32.5,74,-1,0.45,-1,-1
32.5,55,-1,0.45,-1,-1
33,74,-1,0.45,-1,-1
33,55,-1,0.45,-1,-1
33.5,74,-1,0.45,-1,-1
33.5,55,-1,0.45,-1,-1
34,74,-1,0.45,-1,-1
34,43,-1,0.45,-1,-1
34,50,-1,0.45,-1,-1
34.5,72,-1,0.225,-1,-1
34.5,54,-1,0.45,-1,-1
34.75,71,-1,1.15,-1,-1
35,54,-1,0.45,-1,-1
35.5,54,-1,0.45,-1,-1
36,74,-1,0.45,-1,-1
36,43,-1,0.45,-1,-1
36,50,-1,0.45,-1,-1
36.5,74,-1,0.45,-1,-1
36.5,55,-1,0.45,-1,-1
37,74,-1,0.45,-1,-1
37,55,-1,0.45,-1,-1
37.5,74,-1,0.45,-1,-1
37.5,55,-1,0.45,-1,-1
38,74,-1,0.45,-1,-1
38,43,-1,0.45,-1,-1
38,50,-1,0.45,-1,-1
38.5,72,-1,0.225,-1,-1
38.5,57,-1,0.45,-1,-1
38.75,72,-1,0.7,-1,-1
39,57,-1,0.45,-1,-1
39.5,71,-1,0.45,-1,-1
39.5,57,-1,0.45,-1,-1
40,71,-1,0.45,-1,-1
40,45,-1,0.45,-1,-1
40,52,-1,0.45,-1,-1
40.5,69,-1,3.3,-1,-1
40.5,55,-1,0.45,-1,-1
41,55,-1,0.45,-1,-1
41.5,55,-1,0.45,-1,-1
42,45,-1,0.45,-1,-1
42,52,-1,0.45,-1,-1
42.5,54,-1,0.45,-1,-1
43,54,-1,0.45,-1,-1
43.5,54,-1,0.45,-1,-1
44,45,-1,0.45,-1,-1
44,52,-1,0.45,-1,-1
44.5,55,-1,0.45,-1,-1
45,55,-1,0.45,-1,-1
45.5,55,-1,0.45,-1,-1
46,45,-1,0.45,-1,-1
46,52,-1,0.45,-1,-1
46.5,57,-1,0.45,-1,-1
47,57,-1,0.45,-1,-1
47.5,57,-1,0.45,-1,-1
47.75,62,-1,0.225,-1,-1
48,67,-1,0.45,-1,-1
48,72,-1,0.45,-1,-1
48,43,-1,0.45,-1,-1
48,50,-1,0.45,-1,-1
48.5,67,-1,0.45,-1,-1
48.5,72,-1,0.45,-1,-1
48.5,55,-1,0.45,-1,-1
49,67,-1,0.45,-1,-1
49,72,-1,0.45,-1,-1
49,55,-1,0.45,-1,-1
49.5,67,-1,0.45,-1,-1
49.5,72,-1,0.45,-1,-1
49.5,55,-1,0.45,-1,-1
50,67,-1,0.45,-1,-1
50,72,-1,0.45,-1,-1
50,43,-1,0.45,-1,-1
50,50,-1,0.45,-1,-1
50.5,67,-1,0.225,-1,-1
50.5,71,-1,0.225,-1,-1
50.5,54,-1,0.45,-1,-1
50.75,67,-1,1.15,-1,-1
50.75,71,-1,1.15,-1,-1
51,54,-1,0.45,-1,-1
51.5,54,-1,0.45,-1,-1
52,64,-1,0.45,-1,-1
52,72,-1,0.45,-1,-1
52,43,-1,0.45,-1,-1
52,50,-1,0.45,-1,-1
52.5,64,-1,0.45,-1,-1
52.5,72,-1,0.45,-1,-1
52.5,55,-1,0.45,-1,-1
53,64,-1,0.45,-1,-1
53,72,-1,0.45,-1,-1
53,55,-1,0.45,-1,-1
53.5,66,-1,0.45,-1,-1
53.5,74,-1,0.45,-1,-1
53.5,55,-1,0.45,-1,-1
54,67,-1,0.45,-1,-1
54,71,-1,0.45,-1,-1
54,43,-1,0.45,-1,-1
54,50,-1,0.45,-1,-1
54.5,66,-1,0.45,-1,-1
54.5,69,-1,0.45,-1,-1
54.5,57,-1,0.45,-1,-1
55,62,-1,0.45,-1,-1
55,67,-1,0.45,-1,-1
55,57,-1,0.45,-1,-1
55.5,62,-1,0.45,-1,-1
55.5,66,-1,0.45,-1,-1
55.5,57,-1,0.45,-1,-1
56,62,-1,0.279167,-1,-1
56,66,-1,0.3,-1,-1
56,40,-1,0.45,-1,-1
56,47,-1,0.45,-1,-1
56.25,66,-1,0.05,-1,-1
56.25,69,-1,0.25,-1,-1
56.5,64,-1,3.3,-1,-1
56.5,67,-1,3.3,-1,-1
56.5,55,-1,0.45,-1,-1
57,55,-1,0.45,-1,-1
57.5,55,-1,0.45,-1,-1
58,40,-1,0.45,-1,-1
58,47,-1,0.45,-1,-1
58.5,54,-1,0.45,-1,-1
59,54,-1,0.45,-1,-1
59.5,54,-1,0.45,-1,-1
60,40,-1,0.45,-1,-1
60,47,-1,0.45,-1,-1
60.5,55,-1,0.45,-1,-1
61,55,-1,0.45,-1,-1
61.5,55,-1,0.45,-1,-1
62,40,-1,0.45,-1,-1
62,47,-1,0.45,-1,-1
62.5,64,-1,0.45,-1,-1
62.5,57,-1,0.45,-1,-1
63,62,-1,0.45,-1,-1
63,67,-1,0.45,-1,-1
63,57,-1,0.45,-1,-1
63.5,67,-1,0.95,-1,-1
63.5,74,-1,0.95,-1,-1
63.5,57,-1,0.45,-1,-1
64,43,-1,0.45,-1,-1
64,50,-1,0.45,-1,-1
64.5,71,-1,0.45,-1,-1
64.5,76,-1,0.45,-1,-1
64.5,55,-1,0.45,-1,-1
65,59,-1,0.45,-1,-1
65,67,-1,0.45,-1,-1
65,55,-1,0.45,-1,-1
65.5,62,-1,2.3,-1,-1
65.5,67,-1,2.3,-1,-1
65.5,55,-1,0.45,-1,-1
66,43,-1,0.45,-1,-1
66,50,-1,0.45,-1,-1
66.5,54,-1,0.45,-1,-1
67,54,-1,0.45,-1,-1
67.5,54,-1,0.45,-1,-1
68,67,-1,0.45,-1,-1
68,74,-1,0.45,-1,-1
68,43,-1,0.45,-1,-1
68,50,-1,0.45,-1,-1
68.5,67,-1,0.45,-1,-1
68.5,74,-1,0.45,-1,-1
68.5,55,-1,0.45,-1,-1
69,67,-1,0.45,-1,-1
69,74,-1,0.45,-1,-1
69,55,-1,0.45,-1,-1
69.5,67,-1,0.225,-1,-1
69.5,74,-1,0.225,-1,-1
69.5,55,-1,0.45,-1,-1
69.75,67,-1,0.7,-1,-1
69.75,74,-1,0.7,-1,-1
70,43,-1,0.45,-1,-1
70,50,-1,0.45,-1,-1
70.5,67,-1,0.45,-1,-1
70.5,72,-1,0.45,-1,-1
70.5,57,-1,0.45,-1,-1
71,67,-1,0.45,-1,-1
71,72,-1,0.45,-1,-1
71,57,-1,0.45,-1,-1
71.5,62,-1,0.45,-1,-1
71.5,71,-1,0.45,-1,-1
71.5,57,-1,0.45,-1,-1
72,62,-1,0.45,-1,-1
72,71,-1,0.45,-1,-1
72,45,-1,0.45,-1,-1
72,52,-1,0.45,-1,-1
72.5,69,-1,3.3,-1,-1
72.5,64,-1,4.2,-1,-1
72.5,55,-1,0.45,-1,-1
73,55,-1,0.45,-1,-1
73.5,55,-1,0.45,-1,-1
74,45,-1,0.45,-1,-1
74,52,-1,0.45,-1,-1
74.5,54,-1,0.45,-1,-1
75,54,-1,0.45,-1,-1
75.5,54,-1,0.45,-1,-1
76,45,-1,0.45,-1,-1
76,52,-1,0.45,-1,-1
76.5,45,-1,0.45,-1,-1
76.5,55,-1,0.45,-1,-1
77,45,-1,0.45,-1,-1
77,55,-1,0.45,-1,-1
77.5,67,-1,0.45,-1,-1
77.5,45,-1,0.45,-1,-1
77.5,55,-1,0.45,-1,-1
78,67,-1,0.539583,-1,-1
78,79,-1,0.539583,-1,-1
78,45,-1,0.45,-1,-1
78,52,-1,0.45,-1,-1
78.5,66,-1,0.45,-1,-1
78.5,78,-1,0.45,-1,-1
78.5,45,-1,0.45,-1,-1
78.5,54,-1,0.45,-1,-1
79,67,-1,0.45,-1,-1
79,79,-1,0.45,-1,-1
79,45,-1,0.45,-1,-1
79,54,-1,0.45,-1,-1
79.5,67,-1,1.120833,-1,-1
79.5,79,-1,1.160417,-1,-1
79.5,43,-1,0.45,-1,-1
79.5,55,-1,0.45,-1,-1
80,43,-1,0.45,-1,-1
80,50,-1,0.45,-1,-1
80.5,62,-1,0.45,-1,-1
80.5,74,-1,0.45,-1,-1
80.5,50,-1,0.45,-1,-1
80.5,55,-1,0.45,-1,-1
81,62,-1,0.45,-1,-1
81,74,-1,0.45,-1,-1
81,50,-1,0.45,-1,-1
81,55,-1,0.45,-1,-1
81.5,62,-1,0.45,-1,-1
81.5,74,-1,0.45,-1,-1
81.5,50,-1,0.45,-1,-1
81.5,55,-1,0.45,-1,-1
82,74,-1,0.539583,-1,-1
82,62,-1,0.579167,-1,-1
82,43,-1,0.45,-1,-1
82,55,-1,0.45,-1,-1
82.5,60,-1,0.460417,-1,-1
82.5,72,-1,0.479167,-1,-1
82.5,50,-1,0.45,-1,-1
82.5,57,-1,0.45,-1,-1
83,50,-1,0.45,-1,-1
83,57,-1,0.45,-1,-1
83.020833,60,-1,0.45,-1,-1
83.039583,72,-1,0.45,-1,-1
83.5,60,-1,0.560417,-1,-1
83.5,72,-1,0.560417,-1,-1
83.5,50,-1,0.45,-1,-1
83.5,57,-1,0.45,-1,-1
84,59,-1,0.45,-1,-1
84,71,-1,0.45,-1,-1
84,43,-1,0.45,-1,-1
84,50,-1,0.45,-1,-1
84.5,59,-1,0.9,-1,-1
84.5,71,-1,0.9,-1,-1
84.5,50,-1,0.45,-1,-1
84.5,55,-1,0.45,-1,-1
85,50,-1,0.45,-1,-1
85,55,-1,0.45,-1,-1
85.5,67,-1,0.45,-1,-1
85.5,50,-1,0.45,-1,-1
85.5,55,-1,0.45,-1,-1
86,67,-1,0.45,-1,-1
86,79,-1,0.45,-1,-1
86,43,-1,0.45,-1,-1
86,55,-1,0.45,-1,-1
86.5,66,-1,0.45,-1,-1
86.5,78,-1,0.45,-1,-1
86.5,50,-1,0.45,-1,-1
86.5,57,-1,0.45,-1,-1
87,67,-1,0.45,-1,-1
87,79,-1,0.45,-1,-1
87,50,-1,0.45,-1,-1
87,57,-1,0.45,-1,-1
87.5,67,-1,0.95,-1,-1
87.5,79,-1,0.95,-1,-1
87.5,50,-1,0.45,-1,-1
87.5,55,-1,0.45,-1,-1
88,40,-1,0.45,-1,-1
88,50,-1,0.45,-1,-1
88.5,62,-1,0.45,-1,-1
88.5,74,-1,0.45,-1,-1
88.5,52,-1,0.45,-1,-1
88.5,55,-1,0.45,-1,-1
89,62,-1,0.45,-1,-1
89,74,-1,0.45,-1,-1
89,52,-1,0.45,-1,-1
89,55,-1,0.45,-1,-1
89.5,62,-1,0.45,-1,-1
89.5,74,-1,0.45,-1,-1
89.5,52,-1,0.45,-1,-1
89.5,55,-1,0.45,-1,-1
90,74,-1,0.560417,-1,-1
90,62,-1,0.579167,-1,-1
90,40,-1,0.45,-1,-1
90,50,-1,0.45,-1,-1
90.5,60,-1,0.45,-1,-1
90.5,72,-1,0.45,-1,-1
90.5,52,-1,0.45,-1,-1
90.5,57,-1,0.45,-1,-1
91,60,-1,0.45,-1,-1
91,72,-1,0.45,-1,-1
91,52,-1,0.45,-1,-1
91,57,-1,0.45,-1,-1
91.5,60,-1,0.539583,-1,-1
91.5,72,-1,0.560417,-1,-1
91.5,52,-1,0.45,-1,-1
91.5,57,-1,0.45,-1,-1
92,59,-1,0.45,-1,-1
92,71,-1,0.45,-1,-1
92,40,-1,0.45,-1,-1
92,50,-1,0.45,-1,-1
92.5,59,-1,0.9,-1,-1
92.5,71,-1,0.9,-1,-1
92.5,52,-1,0.45,-1,-1
92.5,55,-1,0.45,-1,-1
93,52,-1,0.45,-1,-1
93,55,-1,0.45,-1,-1
93.5,67,-1,0.45,-1,-1
93.5,52,-1,0.45,-1,-1
93.5,55,-1,0.45,-1,-1
94,67,-1,0.45,-1,-1
94,79,-1,0.45,-1,-1
94,40,-1,0.45,-1,-1
94,50,-1,0.45,-1,-1
94.5,66,-1,0.45,-1,-1
94.5,78,-1,0.45,-1,-1
94.5,52,-1,0.45,-1,-1
94.5,57,-1,0.45,-1,-1
95,67,-1,0.45,-1,-1
95,79,-1,0.45,-1,-1
95,52,-1,0.45,-1,-1
95,57,-1,0.45,-1,-1
95.5,66,-1,0.5,-1,-1
95.5,78,-1,0.5,-1,-1
95.5,54,-1,0.45,-1,-1
95.5,57,-1,0.45,-1,-1
96,64,-1,0.45,-1,-1
96,76,-1,0.45,-1,-1
96,36,-1,0.45,-1,-1
96,43,-1,0.45,-1,-1
96.5,64,-1,0.9,-1,-1
96.5,76,-1,0.9,-1,-1
96.5,48,-1,0.45,-1,-1
96.5,55,-1,0.45,-1,-1
97,48,-1,0.45,-1,-1
97,55,-1,0.45,-1,-1
97.5,67,-1,0.45,-1,-1
97.5,48,-1,0.45,-1,-1
97.5,55,-1,0.45,-1,-1
98,66,-1,0.45,-1,-1
98,78,-1,0.45,-1,-1
98,36,-1,0.45,-1,-1
98,43,-1,0.45,-1,-1
98.5,64,-1,0.45,-1,-1
98.5,76,-1,0.45,-1,-1
98.5,48,-1,0.45,-1,-1
98.5,54,-1,0.45,-1,-1
99,66,-1,0.45,-1,-1
99,78,-1,0.45,-1,-1
99,48,-1,0.45,-1,-1
99,54,-1,0.45,-1,-1
99.5,64,-1,0.5,-1,-1
99.5,76,-1,0.5,-1,-1
99.5,48,-1,0.45,-1,-1
99.5,55,-1,0.45,-1,-1
100,62,-1,0.45,-1,-1
100,74,-1,0.45,-1,-1
100,36,-1,0.45,-1,-1
100,43,-1,0.45,-1,-1
100.5,62,-1,0.9,-1,-1
100.5,74,-1,0.9,-1,-1
100.5,47,-1,0.45,-1,-1
100.5,54,-1,0.45,-1,-1
101,47,-1,0.45,-1,-1
101,54,-1,0.45,-1,-1
101.5,67,-1,0.45,-1,-1
101.5,47,-1,0.45,-1,-1
101.5,54,-1,0.45,-1,-1
102,64,-1,0.45,-1,-1
102,76,-1,0.45,-1,-1
102,36,-1,0.45,-1,-1
102,43,-1,0.45,-1,-1
102.5,62,-1,0.45,-1,-1
102.5,74,-1,0.45,-1,-1
102.5,47,-1,0.45,-1,-1
102.5,55,-1,0.45,-1,-1
103,64,-1,0.45,-1,-1
103,76,-1,0.45,-1,-1
103,47,-1,0.45,-1,-1
103,55,-1,0.45,-1,-1
103.5,62,-1,0.5,-1,-1
103.5,74,-1,0.5,-1,-1
103.5,47,-1,0.45,-1,-1
103.5,55,-1,0.45,-1,-1
104,60,-1,0.45,-1,-1
104,72,-1,0.45,-1,-1
104,36,-1,0.45,-1,-1
104,45,-1,0.45,-1,-1
104.5,60,-1,0.45,-1,-1
104.5,72,-1,0.45,-1,-1
104.5,52,-1,0.45,-1,-1
104.5,57,-1,0.45,-1,-1
105,60,-1,0.45,-1,-1
105,72,-1,0.45,-1,-1
105,52,-1,0.45,-1,-1
105,57,-1,0.45,-1,-1
105.5,59,-1,0.45,-1,-1
105.5,71,-1,0.45,-1,-1
105.5,52,-1,0.45,-1,-1
105.5,57,-1,0.45,-1,-1
106,60,-1,0.45,-1,-1
106,72,-1,0.45,-1,-1
106,36,-1,0.45,-1,-1
106,45,-1,0.45,-1,-1
106.5,62,-1,0.45,-1,-1
106.5,74,-1,0.45,-1,-1
106.5,52,-1,0.45,-1,-1
106.5,55,-1,0.45,-1,-1
107,64,-1,0.45,-1,-1
107,76,-1,0.45,-1,-1
107,52,-1,0.45,-1,-1
107,55,-1,0.45,-1,-1
107.5,64,-1,0.579167,-1,-1
107.5,76,-1,0.579167,-1,-1
107.5,52,-1,0.45,-1,-1
107.5,55,-1,0.45,-1,-1
108,62,-1,0.45,-1,-1
108,74,-1,0.45,-1,-1
108,38,-1,0.45,-1,-1
108,50,-1,0.45,-1,-1
108.5,62,-1,0.9,-1,-1
108.5,74,-1,0.9,-1,-1
108.5,50,-1,0.45,-1,-1
108.5,57,-1,0.45,-1,-1
109,50,-1,0.45,-1,-1
109,57,-1,0.45,-1,-1
109.5,55,-1,0.45,-1,-1
109.5,67,-1,0.45,-1,-1
109.5,43,-1,0.45,-1,-1
110,59,-1,0.45,-1,-1
110,79,-1,0.45,-1,-1
110,55,-1,0.45,-1,-1
110.5,57,-1,0.45,-1,-1
110.5,78,-1,0.45,-1,-1
110.5,55,-1,0.45,-1,-1
111,59,-1,0.45,-1,-1
111,79,-1,0.45,-1,-1
111,55,-1,0.45,-1,-1
111.5,59,-1,0.95,-1,-1
111.5,79,-1,0.95,-1,-1
111.5,55,-1,0.45,-1,-1
112,50,-1,0.45,-1,-1
112.5,59,-1,0.45,-1,-1
112.5,74,-1,0.45,-1,-1
112.5,50,-1,0.45,-1,-1
113,59,-1,0.45,-1,-1
113,74,-1,0.45,-1,-1
113,50,-1,0.45,-1,-1
113.5,59,-1,0.45,-1,-1
113.5,74,-1,0.45,-1,-1
113.5,50,-1,0.45,-1,-1
114,74,-1,0.45,-1,-1
114,59,-1,0.5,-1,-1
114,50,-1,0.45,-1,-1
114.5,57,-1,0.45,-1,-1
114.5,72,-1,0.45,-1,-1
114.5,50,-1,0.45,-1,-1
115,55,-1,0.45,-1,-1
115,72,-1,0.45,-1,-1
115,50,-1,0.45,-1,-1
115.5,72,-1,0.5,-1,-1
115.5,55,-1,0.95,-1,-1
115.5,50,-1,0.45,-1,-1
116,71,-1,0.45,-1,-1
116,50,-1,0.45,-1,-1
116.5,55,-1,0.9,-1,-1
116.5,71,-1,0.9,-1,-1
116.5,50,-1,0.45,-1,-1
117,50,-1,0.45,-1,-1
117.5,55,-1,0.45,-1,-1
117.5,67,-1,0.45,-1,-1
117.5,50,-1,0.45,-1,-1
118,59,-1,0.45,-1,-1
118,79,-1,0.45,-1,-1
118,50,-1,0.45,-1,-1
118.5,57,-1,0.45,-1,-1
118.5,78,-1,0.45,-1,-1
118.5,50,-1,0.45,-1,-1
119,59,-1,0.45,-1,-1
119,79,-1,0.45,-1,-1
119,50,-1,0.45,-1,-1
119.5,59,-1,0.95,-1,-1
119.5,79,-1,0.95,-1,-1
119.5,50,-1,0.45,-1,-1
120,52,-1,0.45,-1,-1
120.5,59,-1,0.45,-1,-1
120.5,74,-1,0.45,-1,-1
120.5,52,-1,0.45,-1,-1
121,59,-1,0.45,-1,-1
121,74,-1,0.45,-1,-1
121,52,-1,0.45,-1,-1
121.5,59,-1,0.45,-1,-1
121.5,74,-1,0.45,-1,-1
121.5,52,-1,0.45,-1,-1
122,59,-1,0.5,-1,-1
122,74,-1,0.5,-1,-1
122,52,-1,0.45,-1,-1
122.5,60,-1,0.45,-1,-1
122.5,81,-1,0.45,-1,-1
122.5,52,-1,0.45,-1,-1
123,60,-1,0.45,-1,-1
123,81,-1,0.45,-1,-1
123,52,-1,0.45,-1,-1
123.5,59,-1,0.95,-1,-1
123.5,79,-1,0.95,-1,-1
123.5,52,-1,0.45,-1,-1
124,52,-1,0.45,-1,-1
124.5,59,-1,0.9,-1,-1
124.5,79,-1,0.9,-1,-1
124.5,52,-1,0.45,-1,-1
125,52,-1,0.45,-1,-1
125.5,67,-1,0.45,-1,-1
125.5,67,-1,0.45,-1,-1
125.5,52,-1,0.45,-1,-1
126,76,-1,0.45,-1,-1
126,79,-1,0.45,-1,-1
126,52,-1,0.45,-1,-1
126.5,74,-1,0.45,-1,-1
126.5,78,-1,0.45,-1,-1
126.5,52,-1,0.45,-1,-1
127,76,-1,0.45,-1,-1
127,79,-1,0.45,-1,-1
127,52,-1,0.45,-1,-1
127.5,78,-1,0.45,-1,-1
127.5,74,-1,0.5,-1,-1
127.5,52,-1,0.45,-1,-1
128,72,-1,0.45,-1,-1
128,76,-1,0.45,-1,-1
128,48,-1,0.45,-1,-1
128,55,-1,0.45,-1,-1
128.5,72,-1,0.9,-1,-1
128.5,76,-1,0.9,-1,-1
128.5,48,-1,0.45,-1,-1
128.5,55,-1,0.45,-1,-1
129,48,-1,0.45,-1,-1
129,55,-1,0.45,-1,-1
129.5,67,-1,0.45,-1,-1
129.5,67,-1,0.45,-1,-1
129.5,48,-1,0.45,-1,-1
129.5,55,-1,0.45,-1,-1
130,74,-1,0.45,-1,-1
130,78,-1,0.45,-1,-1
130,48,-1,0.45,-1,-1
130,55,-1,0.45,-1,-1
130.5,72,-1,0.45,-1,-1
130.5,76,-1,0.45,-1,-1
130.5,48,-1,0.45,-1,-1
130.5,55,-1,0.45,-1,-1
131,74,-1,0.45,-1,-1
131,78,-1,0.45,-1,-1
131,48,-1,0.45,-1,-1
131,55,-1,0.45,-1,-1
131.5,72,-1,0.5,-1,-1
131.5,76,-1,0.5,-1,-1
131.5,48,-1,0.45,-1,-1
131.5,55,-1,0.45,-1,-1
132,71,-1,0.45,-1,-1
132,74,-1,0.45,-1,-1
132,47,-1,0.45,-1,-1
132,54,-1,0.45,-1,-1
132.5,71,-1,0.9,-1,-1
132.5,74,-1,0.9,-1,-1
132.5,47,-1,0.45,-1,-1
132.5,54,-1,0.45,-1,-1
133,47,-1,0.45,-1,-1
133,54,-1,0.45,-1,-1
133.5,67,-1,0.45,-1,-1
133.5,67,-1,0.45,-1,-1
133.5,47,-1,0.45,-1,-1
133.5,54,-1,0.45,-1,-1
134,72,-1,0.45,-1,-1
134,76,-1,0.45,-1,-1
134,47,-1,0.45,-1,-1
134,54,-1,0.45,-1,-1
134.5,71,-1,0.45,-1,-1
134.5,74,-1,0.45,-1,-1
134.5,47,-1,0.45,-1,-1
134.5,54,-1,0.45,-1,-1
135,72,-1,0.45,-1,-1
135,76,-1,0.45,-1,-1
135,47,-1,0.45,-1,-1
135,54,-1,0.45,-1,-1
135.5,74,-1,0.45,-1,-1
135.5,71,-1,0.5,-1,-1
135.5,47,-1,0.45,-1,-1
135.5,54,-1,0.45,-1,-1
136,69,-1,0.45,-1,-1
136,72,-1,0.45,-1,-1
136,45,-1,0.45,-1,-1
136,52,-1,0.45,-1,-1
136.5,69,-1,0.45,-1,-1
136.5,72,-1,0.45,-1,-1
136.5,45,-1,0.45,-1,-1
136.5,52,-1,0.45,-1,-1
137,69,-1,0.45,-1,-1
137,72,-1,0.45,-1,-1
137,45,-1,0.45,-1,-1
137,52,-1,0.45,-1,-1
137.5,67,-1,0.45,-1,-1
137.5,71,-1,0.45,-1,-1
137.5,45,-1,0.45,-1,-1
137.5,52,-1,0.45,-1,-1
138,67,-1,0.5,-1,-1
138,72,-1,0.5,-1,-1
138,45,-1,0.45,-1,-1
138,52,-1,0.45,-1,-1
138.5,69,-1,0.45,-1,-1
138.5,74,-1,0.45,-1,-1
138.5,45,-1,0.45,-1,-1
138.5,52,-1,0.45,-1,-1
139,71,-1,0.45,-1,-1
139,76,-1,0.45,-1,-1
139,45,-1,0.45,-1,-1
139,52,-1,0.45,-1,-1
139.5,76,-1,0.45,-1,-1
139.5,67,-1,0.95,-1,-1
139.5,45,-1,0.45,-1,-1
140,74,-1,0.45,-1,-1
140,45,-1,1.8,-1,-1
140,50,-1,1.8,-1,-1
140.5,69,-1,0.9,-1,-1
140.5,74,-1,0.9,-1,-1
141.5,72,-1,0.45,-1,-1
142,71,-1,0.45,-1,-1
142.5,62,-1,0.45,-1,-1
143,69,-1,0.45,-1,-1
143.5,67,-1,0.95,-1,-1
144,67,-1,0.45,-1,-1
144,43,-1,0.45,-1,-1
144,50,-1,0.45,-1,-1
144.5,74,-1,0.45,-1,-1
144.5,50,-1,0.45,-1,-1
144.5,59,-1,0.45,-1,-1
145,67,-1,0.45,-1,-1
145,50,-1,0.45,-1,-1
145,59,-1,0.45,-1,-1
145.5,72,-1,0.95,-1,-1
145.5,50,-1,0.45,-1,-1
145.5,59,-1,0.45,-1,-1
146,43,-1,0.45,-1,-1
146,50,-1,0.45,-1,-1
146.5,71,-1,1.5,-1,-1
146.5,50,-1,0.45,-1,-1
146.5,57,-1,0.45,-1,-1
147,50,-1,0.45,-1,-1
147,57,-1,0.45,-1,-1
147.5,50,-1,0.45,-1,-1
147.5,57,-1,0.45,-1,-1
148,67,-1,0.45,-1,-1
148,43,-1,0.45,-1,-1
148,50,-1,0.45,-1,-1
148.5,74,-1,0.45,-1,-1
148.5,50,-1,0.45,-1,-1
148.5,59,-1,0.45,-1,-1
149,67,-1,0.45,-1,-1
149,50,-1,0.45,-1,-1
149,59,-1,0.45,-1,-1
149.5,72,-1,0.95,-1,-1
149.5,50,-1,0.45,-1,-1
149.5,59,-1,0.45,-1,-1
150,43,-1,0.45,-1,-1
150,50,-1,0.45,-1,-1
150.5,71,-1,1.5,-1,-1
150.5,55,-1,0.45,-1,-1
150.5,62,-1,0.45,-1,-1
151,55,-1,0.45,-1,-1
151,62,-1,0.45,-1,-1
151.5,55,-1,0.45,-1,-1
151.5,62,-1,0.45,-1,-1
152,67,-1,0.45,-1,-1
152,40,-1,0.45,-1,-1
152,47,-1,0.45,-1,-1
152.5,74,-1,0.45,-1,-1
152.5,47,-1,0.45,-1,-1
152.5,59,-1,0.45,-1,-1
153,67,-1,0.45,-1,-1
153,47,-1,0.45,-1,-1
153,59,-1,0.45,-1,-1
153.5,72,-1,0.95,-1,-1
153.5,47,-1,0.45,-1,-1
153.5,59,-1,0.45,-1,-1
154,40,-1,0.45,-1,-1
154,47,-1,0.45,-1,-1
154.5,71,-1,1.5,-1,-1
154.5,47,-1,0.45,-1,-1
154.5,57,-1,0.45,-1,-1
155,47,-1,0.45,-1,-1
155,57,-1,0.45,-1,-1
155.5,47,-1,0.45,-1,-1
155.5,57,-1,0.45,-1,-1
156,67,-1,0.45,-1,-1
156,40,-1,0.45,-1,-1
156,47,-1,0.45,-1,-1
156.5,74,-1,0.45,-1,-1
156.5,47,-1,0.45,-1,-1
156.5,59,-1,0.45,-1,-1
157,67,-1,0.45,-1,-1
157,47,-1,0.45,-1,-1
157,59,-1,0.45,-1,-1
157.5,72,-1,0.95,-1,-1
157.5,47,-1,0.45,-1,-1
157.5,59,-1,0.45,-1,-1
158,40,-1,0.45,-1,-1
158,47,-1,0.45,-1,-1
158.5,71,-1,1.5,-1,-1
158.5,55,-1,0.45,-1,-1
158.5,62,-1,0.45,-1,-1
159,55,-1,0.45,-1,-1
159,62,-1,0.45,-1,-1
159.5,55,-1,0.45,-1,-1
159.5,62,-1,0.45,-1,-1
160,67,-1,0.45,-1,-1
160,36,-1,0.45,-1,-1
160,48,-1,0.45,-1,-1
160.5,74,-1,0.45,-1,-1
160.5,48,-1,0.45,-1,-1
160.5,59,-1,0.45,-1,-1
161,67,-1,0.45,-1,-1
161,48,-1,0.45,-1,-1
161,59,-1,0.45,-1,-1
161.5,72,-1,0.95,-1,-1
161.5,48,-1,0.45,-1,-1
161.5,59,-1,0.45,-1,-1
162,36,-1,0.45,-1,-1
162,48,-1,0.45,-1,-1
162.5,71,-1,1.5,-1,-1
162.5,48,-1,0.45,-1,-1
162.5,57,-1,0.45,-1,-1
163,48,-1,0.45,-1,-1
163,57,-1,0.45,-1,-1
163.5,48,-1,0.45,-1,-1
163.5,57,-1,0.45,-1,-1
164,67,-1,0.45,-1,-1
164,36,-1,0.45,-1,-1
164,48,-1,0.45,-1,-1
164.5,74,-1,0.45,-1,-1
164.5,48,-1,0.45,-1,-1
164.5,59,-1,0.45,-1,-1
165,67,-1,0.45,-1,-1
165,48,-1,0.45,-1,-1
165,59,-1,0.45,-1,-1
165.5,72,-1,0.95,-1,-1
165.5,48,-1,0.45,-1,-1
165.5,59,-1,0.45,-1,-1
166,36,-1,0.45,-1,-1
166,48,-1,0.45,-1,-1
166.5,71,-1,1.5,-1,-1
166.5,55,-1,0.45,-1,-1
166.5,62,-1,0.45,-1,-1
167,55,-1,0.45,-1,-1
167,62,-1,0.45,-1,-1
167.5,55,-1,0.45,-1,-1
167.5,62,-1,0.45,-1,-1
168,67,-1,0.45,-1,-1
168,43,-1,0.45,-1,-1
168,50,-1,0.45,-1,-1
168.5,74,-1,0.45,-1,-1
168.5,50,-1,0.45,-1,-1
168.5,59,-1,0.45,-1,-1
169,67,-1,0.45,-1,-1
169,50,-1,0.45,-1,-1
169,59,-1,0.45,-1,-1
169.5,71,-1,0.95,-1,-1
169.5,50,-1,0.45,-1,-1
169.5,59,-1,0.45,-1,-1
170,43,-1,0.45,-1,-1
170,50,-1,0.45,-1,-1
170.5,69,-1,1.35,-1,-1
170.5,50,-1,0.45,-1,-1
170.5,57,-1,0.45,-1,-1
171,50,-1,0.45,-1,-1
171,57,-1,0.45,-1,-1
171.5,50,-1,0.45,-1,-1
171.5,57,-1,0.45,-1,-1
172,67,-1,0.45,-1,-1
172,43,-1,0.45,-1,-1
172,50,-1,0.45,-1,-1
172.5,74,-1,0.45,-1,-1
172.5,50,-1,0.45,-1,-1
172.5,59,-1,0.45,-1,-1
173,67,-1,0.45,-1,-1
173,50,-1,0.45,-1,-1
173,59,-1,0.45,-1,-1
173.5,67,-1,0.95,-1,-1
173.5,50,-1,0.45,-1,-1
173.5,59,-1,0.45,-1,-1
174,43,-1,0.45,-1,-1
174,50,-1,0.45,-1,-1
174.5,66,-1,0.9,-1,-1
174.5,50,-1,0.45,-1,-1
174.5,57,-1,0.45,-1,-1
175,50,-1,0.45,-1,-1
175,57,-1,0.45,-1,-1
175.5,50,-1,0.45,-1,-1
175.5,57,-1,0.45,-1,-1
175.75,62,-1,0.225,-1,-1
176,72,-1,0.479167,-1,-1
176,43,-1,0.45,-1,-1
176,50,-1,0.45,-1,-1
176.5,72,-1,0.439583,-1,-1
176.5,55,-1,0.45,-1,-1
177,72,-1,0.439583,-1,-1
177,55,-1,0.45,-1,-1
177.5,72,-1,0.45,-1,-1
177.5,55,-1,0.45,-1,-1
178,72,-1,0.45,-1,-1
178,43,-1,0.45,-1,-1
178,50,-1,0.45,-1,-1
178.5,71,-1,0.225,-1,-1
178.5,54,-1,0.45,-1,-1
178.75,71,-1,1.15,-1,-1
179,54,-1,0.45,-1,-1
179.5,54,-1,0.45,-1,-1
180,72,-1,0.45,-1,-1
180,43,-1,0.45,-1,-1
180,50,-1,0.45,-1,-1
180.5,72,-1,0.45,-1,-1
180.5,55,-1,0.45,-1,-1
181,72,-1,0.45,-1,-1
181,55,-1,0.45,-1,-1
181.5,74,-1,0.45,-1,-1
181.5,55,-1,0.45,-1,-1
182,71,-1,0.45,-1,-1
182,43,-1,0.45,-1,-1
182,50,-1,0.45,-1,-1
182.5,69,-1,0.45,-1,-1
182.5,57,-1,0.45,-1,-1
183,67,-1,0.45,-1,-1
183,57,-1,0.45,-1,-1
183.5,66,-1,0.45,-1,-1
183.5,57,-1,0.45,-1,-1
184,66,-1,0.520833,-1,-1
184,40,-1,0.45,-1,-1
184,47,-1,0.45,-1,-1
184.5,67,-1,3.3,-1,-1
184.5,55,-1,0.45,-1,-1
185,55,-1,0.45,-1,-1
185.5,55,-1,0.45,-1,-1
186,40,-1,0.45,-1,-1
186,47,-1,0.45,-1,-1
186.5,54,-1,0.45,-1,-1
187,54,-1,0.45,-1,-1
187.5,54,-1,0.45,-1,-1
188,40,-1,0.45,-1,-1
188,47,-1,0.45,-1,-1
188.5,55,-1,0.45,-1,-1
189,55,-1,0.45,-1,-1
189.5,55,-1,0.45,-1,-1
190,40,-1,0.45,-1,-1
190,47,-1,0.45,-1,-1
190.5,57,-1,0.45,-1,-1
191,57,-1,0.45,-1,-1
191.5,57,-1,0.45,-1,-1
191.75,62,-1,0.225,-1,-1
192,74,-1,0.45,-1,-1
192,43,-1,0.45,-1,-1
192,50,-1,0.45,-1,-1
192.5,74,-1,0.45,-1,-1
192.5,55,-1,0.45,-1,-1
193,74,-1,0.45,-1,-1
193,55,-1,0.45,-1,-1
193.5,74,-1,0.45,-1,-1
193.5,55,-1,0.45,-1,-1
194,74,-1,0.45,-1,-1
194,43,-1,0.45,-1,-1
194,50,-1,0.45,-1,-1
194.5,72,-1,0.225,-1,-1
194.5,54,-1,0.45,-1,-1
194.75,71,-1,1.15,-1,-1
195,54,-1,0.45,-1,-1
195.5,54,-1,0.45,-1,-1
196,74,-1,0.45,-1,-1
196,43,-1,0.45,-1,-1
196,50,-1,0.45,-1,-1
196.5,74,-1,0.45,-1,-1
196.5,55,-1,0.45,-1,-1
197,74,-1,0.45,-1,-1
197,55,-1,0.45,-1,-1
197.5,74,-1,0.45,-1,-1
197.5,55,-1,0.45,-1,-1
198,74,-1,0.45,-1,-1
198,43,-1,0.45,-1,-1
198,50,-1,0.45,-1,-1
198.5,72,-1,0.225,-1,-1
198.5,57,-1,0.45,-1,-1
198.75,72,-1,0.7,-1,-1
199,57,-1,0.45,-1,-1
199.5,71,-1,0.45,-1,-1
199.5,57,-1,0.45,-1,-1
200,71,-1,0.45,-1,-1
200,45,-1,0.45,-1,-1
200,52,-1,0.45,-1,-1
200.5,69,-1,3.3,-1,-1
200.5,55,-1,0.45,-1,-1
201,55,-1,0.45,-1,-1
201.5,55,-1,0.45,-1,-1
202,45,-1,0.45,-1,-1
202,52,-1,0.45,-1,-1
202.5,54,-1,0.45,-1,-1
203,54,-1,0.45,-1,-1
203.5,54,-1,0.45,-1,-1
204,45,-1,0.45,-1,-1
204,52,-1,0.45,-1,-1
204.5,55,-1,0.45,-1,-1
205,55,-1,0.45,-1,-1
205.5,55,-1,0.45,-1,-1
206,45,-1,0.45,-1,-1
206,52,-1,0.45,-1,-1
206.5,57,-1,0.45,-1,-1
207,57,-1,0.45,-1,-1
207.5,57,-1,0.45,-1,-1
207.75,62,-1,0.225,-1,-1
208,67,-1,0.45,-1,-1
208,72,-1,0.45,-1,-1
208,43,-1,0.45,-1,-1
208,50,-1,0.45,-1,-1
208.5,67,-1,0.45,-1,-1
208.5,72,-1,0.45,-1,-1
208.5,55,-1,0.45,-1,-1
209,67,-1,0.45,-1,-1
209,72,-1,0.45,-1,-1
209,55,-1,0.45,-1,-1
209.5,67,-1,0.45,-1,-1
209.5,72,-1,0.45,-1,-1
209.5,55,-1,0.45,-1,-1
210,67,-1,0.45,-1,-1
210,72,-1,0.45,-1,-1
210,43,-1,0.45,-1,-1
210,50,-1,0.45,-1,-1
210.5,67,-1,0.225,-1,-1
210.5,71,-1,0.225,-1,-1
210.5,54,-1,0.45,-1,-1
210.75,67,-1,1.15,-1,-1
210.75,71,-1,1.15,-1,-1
211,54,-1,0.45,-1,-1
211.5,54,-1,0.45,-1,-1
212,64,-1,0.45,-1,-1
212,72,-1,0.45,-1,-1
212,43,-1,0.45,-1,-1
212,50,-1,0.45,-1,-1
212.5,64,-1,0.45,-1,-1
212.5,72,-1,0.45,-1,-1
212.5,55,-1,0.45,-1,-1
213,64,-1,0.45,-1,-1
213,72,-1,0.45,-1,-1
213,55,-1,0.45,-1,-1
213.5,66,-1,0.45,-1,-1
213.5,74,-1,0.45,-1,-1
213.5,55,-1,0.45,-1,-1
214,67,-1,0.45,-1,-1
214,71,-1,0.45,-1,-1
214,43,-1,0.45,-1,-1
214,50,-1,0.45,-1,-1
214.5,66,-1,0.45,-1,-1
214.5,69,-1,0.45,-1,-1
214.5,57,-1,0.45,-1,-1
215,62,-1,0.45,-1,-1
215,67,-1,0.45,-1,-1
215,57,-1,0.45,-1,-1
215.5,62,-1,0.45,-1,-1
215.5,66,-1,0.45,-1,-1
215.5,57,-1,0.45,-1,-1
216,62,-1,0.279167,-1,-1
216,66,-1,0.3,-1,-1
216,40,-1,0.45,-1,-1
216,47,-1,0.45,-1,-1
216.25,66,-1,0.05,-1,-1
216.25,69,-1,0.25,-1,-1
216.5,64,-1,3.3,-1,-1
216.5,67,-1,3.3,-1,-1
216.5,55,-1,0.45,-1,-1
217,55,-1,0.45,-1,-1
217.5,55,-1,0.45,-1,-1
218,40,-1,0.45,-1,-1
218,47,-1,0.45,-1,-1
218.5,54,-1,0.45,-1,-1
219,54,-1,0.45,-1,-1
219.5,54,-1,0.45,-1,-1
220,40,-1,0.45,-1,-1
220,47,-1,0.45,-1,-1
220.5,55,-1,0.45,-1,-1
221,55,-1,0.45,-1,-1
221.5,55,-1,0.45,-1,-1
222,40,-1,0.45,-1,-1
222,47,-1,0.45,-1,-1
222.5,64,-1,0.45,-1,-1
222.5,57,-1,0.45,-1,-1
223,62,-1,0.45,-1,-1
223,67,-1,0.45,-1,-1
223,57,-1,0.45,-1,-1
223.5,67,-1,0.95,-1,-1
223.5,74,-1,0.95,-1,-1
223.5,57,-1,0.45,-1,-1
224,43,-1,0.45,-1,-1
224,50,-1,0.45,-1,-1
224.5,71,-1,0.45,-1,-1
224.5,76,-1,0.45,-1,-1
224.5,55,-1,0.45,-1,-1
225,59,-1,0.45,-1,-1
225,67,-1,0.45,-1,-1
225,55,-1,0.45,-1,-1
225.5,62,-1,2.3,-1,-1
225.5,67,-1,2.3,-1,-1
225.5,55,-1,0.45,-1,-1
226,43,-1,0.45,-1,-1
226,50,-1,0.45,-1,-1
226.5,54,-1,0.45,-1,-1
227,54,-1,0.45,-1,-1
227.5,54,-1,0.45,-1,-1
228,67,-1,0.45,-1,-1
228,74,-1,0.45,-1,-1
228,43,-1,0.45,-1,-1
228,50,-1,0.45,-1,-1
228.5,67,-1,0.45,-1,-1
228.5,74,-1,0.45,-1,-1
228.5,55,-1,0.45,-1,-1
229,67,-1,0.45,-1,-1
229,74,-1,0.45,-1,-1
229,55,-1,0.45,-1,-1
229.5,67,-1,0.225,-1,-1
229.5,74,-1,0.225,-1,-1
229.5,55,-1,0.45,-1,-1
229.75,67,-1,0.7,-1,-1
229.75,74,-1,0.7,-1,-1
230,43,-1,0.45,-1,-1
230,50,-1,0.45,-1,-1
230.5,67,-1,0.45,-1,-1
230.5,72,-1,0.45,-1,-1
230.5,57,-1,0.45,-1,-1
231,67,-1,0.45,-1,-1
231,72,-1,0.45,-1,-1
231,57,-1,0.45,-1,-1
231.5,62,-1,0.45,-1,-1
231.5,71,-1,0.45,-1,-1
231.5,57,-1,0.45,-1,-1
232,62,-1,0.45,-1,-1
232,71,-1,0.45,-1,-1
232,45,-1,0.45,-1,-1
232,52,-1,0.45,-1,-1
232.5,69,-1,3.3,-1,-1
232.5,64,-1,4.2,-1,-1
232.5,55,-1,0.45,-1,-1
233,55,-1,0.45,-1,-1
233.5,55,-1,0.45,-1,-1
234,45,-1,0.45,-1,-1
234,52,-1,0.45,-1,-1
234.5,54,-1,0.45,-1,-1
235,54,-1,0.45,-1,-1
235.5,54,-1,0.45,-1,-1
236,45,-1,0.45,-1,-1
236,52,-1,0.45,-1,-1
236.5,45,-1,0.45,-1,-1
236.5,55,-1,0.45,-1,-1
237,45,-1,0.45,-1,-1
237,55,-1,0.45,-1,-1
237.5,67,-1,0.45,-1,-1
237.5,45,-1,0.45,-1,-1
237.5,55,-1,0.45,-1,-1
238,67,-1,0.539583,-1,-1
238,79,-1,0.539583,-1,-1
238,45,-1,0.45,-1,-1
238,52,-1,0.45,-1,-1
238.5,66,-1,0.45,-1,-1
238.5,78,-1,0.45,-1,-1
238.5,45,-1,0.45,-1,-1
238.5,54,-1,0.45,-1,-1
239,67,-1,0.45,-1,-1
239,79,-1,0.45,-1,-1
239,45,-1,0.45,-1,-1
239,54,-1,0.45,-1,-1
239.5,67,-1,1.120833,-1,-1
239.5,79,-1,1.160417,-1,-1
239.5,43,-1,0.45,-1,-1
239.5,55,-1,0.45,-1,-1
240,43,-1,0.45,-1,-1
240,50,-1,0.45,-1,-1
240.5,62,-1,0.45,-1,-1
240.5,74,-1,0.45,-1,-1
240.5,50,-1,0.45,-1,-1
240.5,55,-1,0.45,-1,-1
241,62,-1,0.45,-1,-1
241,74,-1,0.45,-1,-1
241,50,-1,0.45,-1,-1
241,55,-1,0.45,-1,-1
241.5,62,-1,0.45,-1,-1
241.5,74,-1,0.45,-1,-1
241.5,50,-1,0.45,-1,-1
241.5,55,-1,0.45,-1,-1
242,74,-1,0.539583,-1,-1
242,62,-1,0.579167,-1,-1
242,43,-1,0.45,-1,-1
242,55,-1,0.45,-1,-1
242.5,60,-1,0.460417,-1,-1
242.5,72,-1,0.479167,-1,-1
242.5,50,-1,0.45,-1,-1
242.5,57,-1,0.45,-1,-1
243,50,-1,0.45,-1,-1
243,57,-1,0.45,-1,-1
243.020833,60,-1,0.45,-1,-1
243.039583,72,-1,0.45,-1,-1
243.5,60,-1,0.560417,-1,-1
243.5,72,-1,0.560417,-1,-1
243.5,50,-1,0.45,-1,-1
243.5,57,-1,0.45,-1,-1
244,59,-1,0.45,-1,-1
244,71,-1,0.45,-1,-1
244,43,-1,0.45,-1,-1
244,50,-1,0.45,-1,-1
244.5,59,-1,0.9,-1,-1
244.5,71,-1,0.9,-1,-1
244.5,50,-1,0.45,-1,-1
244.5,55,-1,0.45,-1,-1
245,50,-1,0.45,-1,-1
245,55,-1,0.45,-1,-1
245.5,67,-1,0.45,-1,-1
245.5,50,-1,0.45,-1,-1
245.5,55,-1,0.45,-1,-1
246,67,-1,0.45,-1,-1
246,79,-1,0.45,-1,-1
246,43,-1,0.45,-1,-1
246,55,-1,0.45,-1,-1
246.5,66,-1,0.45,-1,-1
246.5,78,-1,0.45,-1,-1
246.5,50,-1,0.45,-1,-1
246.5,57,-1,0.45,-1,-1
247,67,-1,0.45,-1,-1
247,79,-1,0.45,-1,-1
247,50,-1,0.45,-1,-1
247,57,-1,0.45,-1,-1
247.5,67,-1,0.95,-1,-1
247.5,79,-1,0.95,-1,-1
247.5,50,-1,0.45,-1,-1
247.5,55,-1,0.45,-1,-1
248,40,-1,0.45,-1,-1
248,50,-1,0.45,-1,-1
248.5,62,-1,0.45,-1,-1
248.5,74,-1,0.45,-1,-1
248.5,52,-1,0.45,-1,-1
248.5,55,-1,0.45,-1,-1
249,62,-1,0.45,-1,-1
249,74,-1,0.45,-1,-1
249,52,-1,0.45,-1,-1
249,55,-1,0.45,-1,-1
249.5,62,-1,0.45,-1,-1
249.5,74,-1,0.45,-1,-1
249.5,52,-1,0.45,-1,-1
249.5,55,-1,0.45,-1,-1
250,74,-1,0.560417,-1,-1
250,62,-1,0.579167,-1,-1
250,40,-1,0.45,-1,-1
250,50,-1,0.45,-1,-1
250.5,60,-1,0.45,-1,-1
250.5,72,-1,0.45,-1,-1
250.5,52,-1,0.45,-1,-1
250.5,57,-1,0.45,-1,-1
251,60,-1,0.45,-1,-1
251,72,-1,0.45,-1,-1
251,52,-1,0.45,-1,-1
251,57,-1,0.45,-1,-1
251.5,60,-1,0.539583,-1,-1
251.5,72,-1,0.560417,-1,-1
251.5,52,-1,0.45,-1,-1
251.5,57,-1,0.45,-1,-1
252,59,-1,0.45,-1,-1
252,71,-1,0.45,-1,-1
252,40,-1,0.45,-1,-1
252,50,-1,0.45,-1,-1
252.5,59,-1,0.9,-1,-1
252.5,71,-1,0.9,-1,-1
252.5,52,-1,0.45,-1,-1
252.5,55,-1,0.45,-1,-1
253,52,-1,0.45,-1,-1
253,55,-1,0.45,-1,-1
253.5,67,-1,0.45,-1,-1
253.5,52,-1,0.45,-1,-1
253.5,55,-1,0.45,-1,-1
254,67,-1,0.45,-1,-1
254,79,-1,0.45,-1,-1
254,40,-1,0.45,-1,-1
254,50,-1,0.45,-1,-1
254.5,66,-1,0.45,-1,-1
254.5,78,-1,0.45,-1,-1
254.5,52,-1,0.45,-1,-1
254.5,57,-1,0.45,-1,-1
255,67,-1,0.45,-1,-1
255,79,-1,0.45,-1,-1
255,52,-1,0.45,-1,-1
255,57,-1,0.45,-1,-1
255.5,66,-1,0.5,-1,-1
255.5,78,-1,0.5,-1,-1
255.5,54,-1,0.45,-1,-1
255.5,57,-1,0.45,-1,-1
256,64,-1,0.45,-1,-1
256,76,-1,0.45,-1,-1
256,36,-1,0.45,-1,-1
256,43,-1,0.45,-1,-1
256.5,64,-1,0.9,-1,-1
256.5,76,-1,0.9,-1,-1
256.5,48,-1,0.45,-1,-1
256.5,55,-1,0.45,-1,-1
257,48,-1,0.45,-1,-1
257,55,-1,0.45,-1,-1
257.5,67,-1,0.45,-1,-1
257.5,48,-1,0.45,-1,-1
257.5,55,-1,0.45,-1,-1
258,66,-1,0.45,-1,-1
258,78,-1,0.45,-1,-1
258,36,-1,0.45,-1,-1
258,43,-1,0.45,-1,-1
258.5,64,-1,0.45,-1,-1
258.5,76,-1,0.45,-1,-1
258.5,48,-1,0.45,-1,-1
258.5,54,-1,0.45,-1,-1
259,66,-1,0.45,-1,-1
259,78,-1,0.45,-1,-1
259,48,-1,0.45,-1,-1
259,54,-1,0.45,-1,-1
259.5,64,-1,0.5,-1,-1
259.5,76,-1,0.5,-1,-1
259.5,48,-1,0.45,-1,-1
259.5,55,-1,0.45,-1,-1
260,62,-1,0.45,-1,-1
260,74,-1,0.45,-1,-1
260,36,-1,0.45,-1,-1
260,43,-1,0.45,-1,-1
260.5,62,-1,0.9,-1,-1
260.5,74,-1,0.9,-1,-1
260.5,47,-1,0.45,-1,-1
260.5,54,-1,0.45,-1,-1
261,47,-1,0.45,-1,-1
261,54,-1,0.45,-1,-1
261.5,67,-1,0.45,-1,-1
261.5,47,-1,0.45,-1,-1
261.5,54,-1,0.45,-1,-1
262,64,-1,0.45,-1,-1
262,76,-1,0.45,-1,-1
262,36,-1,0.45,-1,-1
262,43,-1,0.45,-1,-1
262.5,62,-1,0.45,-1,-1
262.5,74,-1,0.45,-1,-1
262.5,47,-1,0.45,-1,-1
262.5,55,-1,0.45,-1,-1
263,64,-1,0.45,-1,-1
263,76,-1,0.45,-1,-1
263,47,-1,0.45,-1,-1
263,55,-1,0.45,-1,-1
263.5,62,-1,0.5,-1,-1
263.5,74,-1,0.5,-1,-1
263.5,47,-1,0.45,-1,-1
263.5,55,-1,0.45,-1,-1
264,60,-1,0.45,-1,-1
264,72,-1,0.45,-1,-1
264,36,-1,0.45,-1,-1
264,45,-1,0.45,-1,-1
264.5,60,-1,0.45,-1,-1
264.5,72,-1,0.45,-1,-1
264.5,52,-1,0.45,-1,-1
264.5,57,-1,0.45,-1,-1
265,60,-1,0.45,-1,-1
265,72,-1,0.45,-1,-1
265,52,-1,0.45,-1,-1
265,57,-1,0.45,-1,-1
265.5,59,-1,0.45,-1,-1
265.5,71,-1,0.45,-1,-1
265.5,52,-1,0.45,-1,-1
265.5,57,-1,0.45,-1,-1
266,60,-1,0.45,-1,-1
266,72,-1,0.45,-1,-1
266,36,-1,0.45,-1,-1
266,45,-1,0.45,-1,-1
266.5,62,-1,0.45,-1,-1
266.5,74,-1,0.45,-1,-1
266.5,52,-1,0.45,-1,-1
266.5,55,-1,0.45,-1,-1
267,64,-1,0.45,-1,-1
267,76,-1,0.45,-1,-1
267,52,-1,0.45,-1,-1
267,55,-1,0.45,-1,-1
267.5,64,-1,0.579167,-1,-1
267.5,76,-1,0.579167,-1,-1
267.5,52,-1,0.45,-1,-1
267.5,55,-1,0.45,-1,-1
268,62,-1,0.45,-1,-1
268,74,-1,0.45,-1,-1
268,38,-1,0.45,-1,-1
268,50,-1,0.45,-1,-1
268.5,62,-1,0.9,-1,-1
268.5,74,-1,0.9,-1,-1
268.5,50,-1,0.45,-1,-1
268.5,57,-1,0.45,-1,-1
269,50,-1,0.45,-1,-1
269,57,-1,0.45,-1,-1
269.5,55,-1,0.45,-1,-1
269.5,67,-1,0.45,-1,-1
269.5,43,-1,0.45,-1,-1
270,59,-1,0.45,-1,-1
270,79,-1,0.45,-1,-1
270,55,-1,0.45,-1,-1
270.5,57,-1,0.45,-1,-1
270.5,78,-1,0.45,-1,-1
270.5,55,-1,0.45,-1,-1
271,59,-1,0.45,-1,-1
271,79,-1,0.45,-1,-1
271,55,-1,0.45,-1,-1
271.5,59,-1,0.95,-1,-1
271.5,79,-1,0.95,-1,-1
271.5,55,-1,0.45,-1,-1
272,50,-1,0.45,-1,-1
272.5,59,-1,0.45,-1,-1
272.5,74,-1,0.45,-1,-1
272.5,50,-1,0.45,-1,-1
273,59,-1,0.45,-1,-1
273,74,-1,0.45,-1,-1
273,50,-1,0.45,-1,-1
273.5,59,-1,0.45,-1,-1
273.5,74,-1,0.45,-1,-1
273.5,50,-1,0.45,-1,-1
274,74,-1,0.45,-1,-1
274,59,-1,0.5,-1,-1
274,50,-1,0.45,-1,-1
274.5,57,-1,0.45,-1,-1
274.5,72,-1,0.45,-1,-1
274.5,50,-1,0.45,-1,-1
275,55,-1,0.45,-1,-1
275,72,-1,0.45,-1,-1
275,50,-1,0.45,-1,-1
275.5,72,-1,0.5,-1,-1
275.5,55,-1,0.95,-1,-1
275.5,50,-1,0.45,-1,-1
276,71,-1,0.45,-1,-1
276,50,-1,0.45,-1,-1
276.5,55,-1,0.9,-1,-1
276.5,71,-1,0.9,-1,-1
276.5,50,-1,0.45,-1,-1
277,50,-1,0.45,-1,-1
277.5,55,-1,0.45,-1,-1
277.5,67,-1,0.45,-1,-1
277.5,50,-1,0.45,-1,-1
278,59,-1,0.45,-1,-1
278,79,-1,0.45,-1,-1
278,50,-1,0.45,-1,-1
278.5,57,-1,0.45,-1,-1
278.5,78,-1,0.45,-1,-1
278.5,50,-1,0.45,-1,-1
279,59,-1,0.45,-1,-1
279,79,-1,0.45,-1,-1
279,50,-1,0.45,-1,-1
279.5,59,-1,0.95,-1,-1
279.5,79,-1,0.95,-1,-1
279.5,50,-1,0.45,-1,-1
280,52,-1,0.45,-1,-1
280.5,59,-1,0.45,-1,-1
280.5,74,-1,0.45,-1,-1
280.5,52,-1,0.45,-1,-1
281,59,-1,0.45,-1,-1
281,74,-1,0.45,-1,-1
281,52,-1,0.45,-1,-1
281.5,59,-1,0.45,-1,-1
281.5,74,-1,0.45,-1,-1
281.5,52,-1,0.45,-1,-1
282,59,-1,0.5,-1,-1
282,74,-1,0.5,-1,-1
282,52,-1,0.45,-1,-1
282.5,60,-1,0.45,-1,-1
282.5,81,-1,0.45,-1,-1
282.5,52,-1,0.45,-1,-1
283,60,-1,0.45,-1,-1
283,81,-1,0.45,-1,-1
283,52,-1,0.45,-1,-1
283.5,59,-1,0.95,-1,-1
283.5,79,-1,0.95,-1,-1
283.5,52,-1,0.45,-1,-1
284,52,-1,0.45,-1,-1
284.5,59,-1,0.9,-1,-1
284.5,79,-1,0.9,-1,-1
284.5,52,-1,0.45,-1,-1
285,52,-1,0.45,-1,-1
285.5,67,-1,0.45,-1,-1
285.5,67,-1,0.45,-1,-1
285.5,52,-1,0.45,-1,-1
286,76,-1,0.45,-1,-1
286,79,-1,0.45,-1,-1
286,52,-1,0.45,-1,-1
286.5,74,-1,0.45,-1,-1
286.5,78,-1,0.45,-1,-1
286.5,52,-1,0.45,-1,-1
287,76,-1,0.45,-1,-1
287,79,-1,0.45,-1,-1
287,52,-1,0.45,-1,-1
287.5,78,-1,0.45,-1,-1
287.5,74,-1,0.5,-1,-1
287.5,52,-1,0.45,-1,-1
288,72,-1,0.45,-1,-1
288,76,-1,0.45,-1,-1
288,48,-1,0.45,-1,-1
288,55,-1,0.45,-1,-1
288.5,72,-1,0.9,-1,-1
288.5,76,-1,0.9,-1,-1
288.5,48,-1,0.45,-1,-1
288.5,55,-1,0.45,-1,-1
289,48,-1,0.45,-1,-1
289,55,-1,0.45,-1,-1
289.5,67,-1,0.45,-1,-1
289.5,67,-1,0.45,-1,-1
289.5,48,-1,0.45,-1,-1
289.5,55,-1,0.45,-1,-1
290,74,-1,0.45,-1,-1
290,78,-1,0.45,-1,-1
290,48,-1,0.45,-1,-1
290,55,-1,0.45,-1,-1
290.5,72,-1,0.45,-1,-1
290.5,76,-1,0.45,-1,-1
290.5,48,-1,0.45,-1,-1
290.5,55,-1,0.45,-1,-1
291,74,-1,0.45,-1,-1
291,78,-1,0.45,-1,-1
291,48,-1,0.45,-1,-1
291,55,-1,0.45,-1,-1
291.5,72,-1,0.5,-1,-1
291.5,76,-1,0.5,-1,-1
291.5,48,-1,0.45,-1,-1
291.5,55,-1,0.45,-1,-1
292,71,-1,0.45,-1,-1
292,74,-1,0.45,-1,-1
292,47,-1,0.45,-1,-1
292,54,-1,0.45,-1,-1
292.5,71,-1,0.9,-1,-1
292.5,74,-1,0.9,-1,-1
292.5,47,-1,0.45,-1,-1
292.5,54,-1,0.45,-1,-1
293,47,-1,0.45,-1,-1
293,54,-1,0.45,-1,-1
293.5,67,-1,0.45,-1,-1
293.5,67,-1,0.45,-1,-1
293.5,47,-1,0.45,-1,-1
293.5,54,-1,0.45,-1,-1
294,72,-1,0.45,-1,-1
294,76,-1,0.45,-1,-1
294,47,-1,0.45,-1,-1
294,54,-1,0.45,-1,-1
294.5,71,-1,0.45,-1,-1
294.5,74,-1,0.45,-1,-1
294.5,47,-1,0.45,-1,-1
294.5,54,-1,0.45,-1,-1
295,72,-1,0.45,-1,-1
295,76,-1,0.45,-1,-1
295,47,-1,0.45,-1,-1
295,54,-1,0.45,-1,-1
295.5,74,-1,0.45,-1,-1
295.5,71,-1,0.5,-1,-1
295.5,47,-1,0.45,-1,-1
295.5,54,-1,0.45,-1,-1
296,69,-1,0.45,-1,-1
296,72,-1,0.45,-1,-1
296,45,-1,0.45,-1,-1
296,52,-1,0.45,-1,-1
296.5,69,-1,0.45,-1,-1
296.5,72,-1,0.45,-1,-1
296.5,45,-1,0.45,-1,-1
296.5,52,-1,0.45,-1,-1
297,69,-1,0.45,-1,-1
297,72,-1,0.45,-1,-1
297,45,-1,0.45,-1,-1
297,52,-1,0.45,-1,-1
297.5,67,-1,0.45,-1,-1
297.5,71,-1,0.45,-1,-1
297.5,45,-1,0.45,-1,-1
297.5,52,-1,0.45,-1,-1
298,67,-1,0.5,-1,-1
298,72,-1,0.5,-1,-1
298,45,-1,0.45,-1,-1
298,52,-1,0.45,-1,-1
298.5,69,-1,0.45,-1,-1
298.5,74,-1,0.45,-1,-1
298.5,45,-1,0.45,-1,-1
298.5,52,-1,0.45,-1,-1
299,71,-1,0.45,-1,-1
299,76,-1,0.45,-1,-1
299,45,-1,0.45,-1,-1
299,52,-1,0.45,-1,-1
299.5,76,-1,0.45,-1,-1
299.5,67,-1,0.95,-1,-1
299.5,45,-1,0.45,-1,-1
300,67,-1,0.45,-1,-1
300,74,-1,0.45,-1,-1
300,45,-1,1.8,-1,-1
300,50,-1,1.8,-1,-1
300.5,69,-1,0.9,-1,-1
300.5,74,-1,0.9,-1,-1
301.5,84,-1,0.45,-1,-1
302,83,-1,0.45,-1,-1
302.5,74,-1,0.45,-1,-1
303,81,-1,0.45,-1,-1
303.5,79,-1,2.3,-1,-1
304,67,-1,0.45,-1,-1
304,43,-1,0.45,-1,-1
304,50,-1,0.45,-1,-1
304.5,74,-1,0.45,-1,-1
304.5,50,-1,0.45,-1,-1
304.5,59,-1,0.45,-1,-1
305,67,-1,0.45,-1,-1
305,50,-1,0.45,-1,-1
305,59,-1,0.45,-1,-1
305.5,72,-1,0.95,-1,-1
305.5,50,-1,0.45,-1,-1
305.5,59,-1,0.45,-1,-1
306,43,-1,0.45,-1,-1
306,50,-1,0.45,-1,-1
306.5,71,-1,1.5,-1,-1
306.5,50,-1,0.45,-1,-1
306.5,57,-1,0.45,-1,-1
307,50,-1,0.45,-1,-1
307,57,-1,0.45,-1,-1
307.5,50,-1,0.45,-1,-1
307.5,57,-1,0.45,-1,-1
308,67,-1,0.45,-1,-1
308,43,-1,0.45,-1,-1
308,50,-1,0.45,-1,-1
308.5,74,-1,0.45,-1,-1
308.5,50,-1,0.45,-1,-1
308.5,59,-1,0.45,-1,-1
309,67,-1,0.45,-1,-1
309,50,-1,0.45,-1,-1
309,59,-1,0.45,-1,-1
309.5,72,-1,0.95,-1,-1
309.5,50,-1,0.45,-1,-1
309.5,59,-1,0.45,-1,-1
310,43,-1,0.45,-1,-1
310,50,-1,0.45,-1,-1
310.5,71,-1,1.5,-1,-1
310.5,55,-1,0.45,-1,-1
310.5,62,-1,0.45,-1,-1
311,55,-1,0.45,-1,-1
311,62,-1,0.45,-1,-1
311.5,55,-1,0.45,-1,-1
311.5,62,-1,0.45,-1,-1
312,67,-1,0.45,-1,-1
312,40,-1,0.45,-1,-1
312,47,-1,0.45,-1,-1
312.5,74,-1,0.45,-1,-1
312.5,47,-1,0.45,-1,-1
312.5,59,-1,0.45,-1,-1
313,67,-1,0.45,-1,-1
313,47,-1,0.45,-1,-1
313,59,-1,0.45,-1,-1
313.5,72,-1,0.95,-1,-1
313.5,47,-1,0.45,-1,-1
313.5,59,-1,0.45,-1,-1
314,40,-1,0.45,-1,-1
314,47,-1,0.45,-1,-1
314.5,71,-1,1.5,-1,-1
314.5,47,-1,0.45,-1,-1
314.5,57,-1,0.45,-1,-1
315,47,-1,0.45,-1,-1
315,57,-1,0.45,-1,-1
315.5,47,-1,0.45,-1,-1
315.5,57,-1,0.45,-1,-1
316,67,-1,0.45,-1,-1
316,40,-1,0.45,-1,-1
316,47,-1,0.45,-1,-1
316.5,74,-1,0.45,-1,-1
316.5,47,-1,0.45,-1,-1
316.5,59,-1,0.45,-1,-1
317,67,-1,0.45,-1,-1
317,47,-1,0.45,-1,-1
317,59,-1,0.45,-1,-1
317.5,72,-1,0.95,-1,-1
317.5,47,-1,0.45,-1,-1
317.5,59,-1,0.45,-1,-1
318,40,-1,0.45,-1,-1
318,47,-1,0.45,-1,-1
318.5,71,-1,1.5,-1,-1
318.5,55,-1,0.45,-1,-1
318.5,62,-1,0.45,-1,-1
319,55,-1,0.45,-1,-1
319,62,-1,0.45,-1,-1
319.5,55,-1,0.45,-1,-1
319.5,62,-1,0.45,-1,-1
320,67,-1,0.45,-1,-1
320,36,-1,0.45,-1,-1
320,48,-1,0.45,-1,-1
320.5,74,-1,0.45,-1,-1
320.5,48,-1,0.45,-1,-1
320.5,59,-1,0.45,-1,-1
321,67,-1,0.45,-1,-1
321,48,-1,0.45,-1,-1
321,59,-1,0.45,-1,-1
321.5,72,-1,0.95,-1,-1
321.5,48,-1,0.45,-1,-1
321.5,59,-1,0.45,-1,-1
322,36,-1,0.45,-1,-1
322,48,-1,0.45,-1,-1
322.5,71,-1,1.5,-1,-1
322.5,48,-1,0.45,-1,-1
322.5,57,-1,0.45,-1,-1
323,48,-1,0.45,-1,-1
323,57,-1,0.45,-1,-1
323.5,48,-1,0.45,-1,-1
323.5,57,-1,0.45,-1,-1
324,67,-1,0.45,-1,-1
324,36,-1,0.45,-1,-1
324,48,-1,0.45,-1,-1
324.5,74,-1,0.45,-1,-1
324.5,48,-1,0.45,-1,-1
324.5,59,-1,0.45,-1,-1
325,67,-1,0.45,-1,-1
325,48,-1,0.45,-1,-1
325,59,-1,0.45,-1,-1
325.5,72,-1,0.95,-1,-1
325.5,48,-1,0.45,-1,-1
325.5,59,-1,0.45,-1,-1
326,36,-1,0.45,-1,-1
326,48,-1,0.45,-1,-1
326.5,71,-1,1.5,-1,-1
326.5,55,-1,0.45,-1,-1
326.5,62,-1,0.45,-1,-1
327,55,-1,0.45,-1,-1
327,62,-1,0.45,-1,-1
327.5,55,-1,0.45,-1,-1
327.5,62,-1,0.45,-1,-1
328,67,-1,0.45,-1,-1
328,43,-1,0.45,-1,-1
328,50,-1,0.45,-1,-1
328.5,74,-1,0.45,-1,-1
328.5,50,-1,0.45,-1,-1
328.5,59,-1,0.45,-1,-1
329,67,-1,0.45,-1,-1
329,50,-1,0.45,-1,-1
329,59,-1,0.45,-1,-1
329.5,71,-1,0.95,-1,-1
329.5,50,-1,0.45,-1,-1
329.5,59,-1,0.45,-1,-1
330,43,-1,0.45,-1,-1
330,50,-1,0.45,-1,-1
330.5,69,-1,1.35,-1,-1
330.5,50,-1,0.45,-1,-1
330.5,57,-1,0.45,-1,-1
331,50,-1,0.45,-1,-1
331,57,-1,0.45,-1,-1
331.5,50,-1,0.45,-1,-1
331.5,57,-1,0.45,-1,-1
332,67,-1,0.45,-1,-1
332,43,-1,0.45,-1,-1
332,50,-1,0.45,-1,-1
332.5,74,-1,0.45,-1,-1
332.5,50,-1,0.45,-1,-1
332.5,59,-1,0.45,-1,-1
333,67,-1,0.45,-1,-1
333,50,-1,0.45,-1,-1
333,59,-1,0.45,-1,-1
333.5,67,-1,0.95,-1,-1
333.5,50,-1,0.45,-1,-1
333.5,59,-1,0.45,-1,-1
334,43,-1,0.45,-1,-1
334,50,-1,0.45,-1,-1
334.5,66,-1,0.9,-1,-1
334.5,57,-1,0.45,-1,-1
335,57,-1,0.45,-1,-1
335.5,57,-1,0.45,-1,-1
336,79,-1,1.8,-1,-1
336,43,-1,0.45,-1,-1
336.5,55,-1,0.45,-1,-1
337,55,-1,0.45,-1,-1
337.5,55,-1,0.45,-1,-1
338,83,-1,1.8,-1,-1
338,43,-1,0.45,-1,-1
338.5,57,-1,0.45,-1,-1
339,57,-1,0.45,-1,-1
339.5,57,-1,0.45,-1,-1
340,81,-1,1.8,-1,-1
340,43,-1,0.45,-1,-1
340.5,59,-1,0.45,-1,-1
341,59,-1,0.45,-1,-1
341.5,59,-1,0.45,-1,-1
342,74,-1,1.8,-1,-1
342,43,-1,0.45,-1,-1
342.5,54,-1,0.45,-1,-1
343,54,-1,0.45,-1,-1
343.5,54,-1,0.45,-1,-1
344,79,-1,1.8,-1,-1
344,43,-1,0.45,-1,-1
344.5,55,-1,0.45,-1,-1
345,55,-1,0.45,-1,-1
345.5,55,-1,0.45,-1,-1
346,81,-1,1.8,-1,-1
346,43,-1,0.45,-1,-1
346.5,57,-1,0.45,-1,-1
347,57,-1,0.45,-1,-1
347.5,57,-1,0.45,-1,-1
348,83,-1,6.420833,-1,-1
348,43,-1,0.45,-1,-1
348.5,59,-1,0.660417,-1,-1
349.160417,59,-1,0.639583,-1,-1
349.820833,59,-1,6.1,-1,-1